{"type": "FeatureCollection", "features": [{"type": "Feature", "geometry": {"type": "Polygon", "coordinates": [[[-111.89308500010351, 33.20470900027806], [-111.89308500010351, 33.204644999804124], [-111.89308500010351, 33.20440900009501], [-111.89308599992843, 33.20407100032083], [-111.8930700000349, 33.203507000006994], [-111.8930559997912, 33.20346700029449], [-111.8930270003772, 33.20343800019087], [-111.89289900033069, 33.20332599995969], [-111.89255399965086, 33.20328199988336], [-111.89197500041595, 33.203335999905654], [-111.89060399971416, 33.20335700023937], [-111.88931300027664, 33.20337700012304], [-111.88889999982474, 33.20338099964822], [-111.88830200032328, 33.20338900020131], [-111.88678800040468, 33.20340900007766], [-111.8843460003734, 33.20343199977947], [-111.88410799982368, 33.20343500036107], [-111.88158399977665, 33.20345899974853], [-111.87987999988725, 33.20347099981557], [-111.87610399986242, 33.20348999998106], [-111.87603199989239, 33.20348999998106], [-111.87599599990737, 33.20348999998106], [-111.87593999983088, 33.203504999871434], [-111.87588899977726, 33.203533000261274], [-111.87584699994446, 33.20354500031817], [-111.87580400028675, 33.20354699970115], [-111.87573399996656, 33.20354100004882], [-111.87564100008014, 33.20352499972128], [-111.8756300002095, 33.20352499972128], [-111.87556400008725, 33.20352499972128], [-111.87547299985064, 33.20352499972128], [-111.8752729998341, 33.203528000299684], [-111.87237300004342, 33.20355800006484], [-111.87114299980693, 33.20357099980951], [-111.86994500025583, 33.20358299986126], [-111.86925899999248, 33.20359099964429], [-111.86889699959423, 33.20359499991137], [-111.86816400037354, 33.20360499982655], [-111.86755099990513, 33.20362300027235], [-111.86723000041307, 33.20363899983037], [-111.86699000021358, 33.20365099987279], [-111.86680299971748, 33.20366000009141], [-111.86627600036111, 33.20367700008431], [-111.86155600033007, 33.20373299999331], [-111.85862499967892, 33.20377300033587], [-111.85842200018766, 33.20377499971358], [-111.85828599974523, 33.203778000283414], [-111.85772400022876, 33.20378800017775], [-111.85719799979898, 33.20379699963067], [-111.85718399955526, 33.20379699963067], [-111.85561799975811, 33.203814000348586], [-111.85469800004137, 33.203826000366966], [-111.85396400009743, 33.203836999943995], [-111.85060499982413, 33.203884000307575], [-111.85048699982335, 33.203884000307575], [-111.84976399975008, 33.203889999936344], [-111.84956200008371, 33.20389200006311], [-111.84946599982425, 33.203894000189756], [-111.84923200037082, 33.20389799969132], [-111.84879200015477, 33.20390600019723], [-111.84846800028969, 33.20390999969825], [-111.84774199984336, 33.20391800020305], [-111.8474360004199, 33.20392199970352], [-111.8469359999294, 33.20392800008135], [-111.84644399983482, 33.203933000020086], [-111.84619000028991, 33.203935999832844], [-111.84543999955416, 33.20394400033527], [-111.84536699975924, 33.203945999709084], [-111.84529300013936, 33.20394700014765], [-111.84443299979874, 33.20395499989743], [-111.84417900025385, 33.20395799970943], [-111.84267799985572, 33.203974999644416], [-111.84265500028951, 33.203974999644416], [-111.84150700006879, 33.20399099988976], [-111.84122000001362, 33.203993999700515], [-111.8411759996327, 33.20399500013855], [-111.84113200015007, 33.203995999824905], [-111.84111899973128, 33.203995999824905], [-111.84107400042373, 33.20399700026284], [-111.84093899980623, 33.2039989996355], [-111.84070799982754, 33.20400299988392], [-111.8401699997022, 33.204012999752514], [-111.84006799959495, 33.20401600031418], [-111.84002900013522, 33.2040179996864], [-111.83996499966278, 33.20401999981017], [-111.83995399979214, 33.20401999981017], [-111.83994200009656, 33.20401999981017], [-111.83986000008079, 33.20402100024791], [-111.83945500002487, 33.20402999967682], [-111.83851299966845, 33.20404199966565], [-111.83757600023327, 33.20405399965283], [-111.83663899989975, 33.20406799976104], [-111.8348260002304, 33.204091999726636], [-111.83301400038596, 33.20411500000061], [-111.83280299960045, 33.20411799980719], [-111.83253300016203, 33.20412100036526], [-111.83177900012663, 33.20413300034156], [-111.83148799987347, 33.2041380002686], [-111.83119599979543, 33.20414100007432], [-111.83055599956282, 33.20415200036338], [-111.8290740003296, 33.20416700014032], [-111.82813500034625, 33.204179999794626], [-111.8278690002075, 33.20418400003478], [-111.82763400003084, 33.20418699983894], [-111.82741100044808, 33.204189999642985], [-111.82690799958452, 33.20419699968651], [-111.82644900000021, 33.20420000024187], [-111.82597399962407, 33.204207000284576], [-111.82535299965805, 33.20421700012992], [-111.8252079998931, 33.204217999813686], [-111.82450800028435, 33.20422400017128], [-111.8240909996345, 33.204231999895725], [-111.82384799996026, 33.20423600013345], [-111.82369099960142, 33.20423899993588], [-111.82345100030022, 33.20424199973816], [-111.82217199965994, 33.20425700025133], [-111.82066500031236, 33.20428399996589], [-111.81987100009397, 33.20431200010656], [-111.81949700000017, 33.20432199993986], [-111.81905000011142, 33.20433500032274], [-111.81874499961457, 33.20434300003705], [-111.81772600016362, 33.20436699992725], [-111.81741300016917, 33.20437399995661], [-111.81737999965888, 33.20437399995661], [-111.81654000030807, 33.204385000216384], [-111.81636799988061, 33.204385999898285], [-111.81540700015597, 33.20439900027167], [-111.81529500000299, 33.20439999995341], [-111.81507400007006, 33.20440699998012], [-111.81424899988951, 33.20443399964848], [-111.81216000003566, 33.20450100007002], [-111.81187299998048, 33.2045100002013], [-111.81168100035985, 33.20451700021922], [-111.811199000311, 33.20453400004566], [-111.81005600011316, 33.204573000342535], [-111.80788900044149, 33.204644999804124], [-111.80690500025233, 33.20467299982928], [-111.80645800036355, 33.20468699983856], [-111.80637100032493, 33.20468600016009], [-111.8062929996088, 33.20468800026861], [-111.8060519995844, 33.204693999842334], [-111.8057150001988, 33.204695999950665], [-111.80254900026934, 33.20470599974014], [-111.80215300043422, 33.2047109996344], [-111.80193699962582, 33.2047109996344], [-111.80184299991451, 33.2047109996344], [-111.80043399957788, 33.2047129997424], [-111.79793600036844, 33.204719999744086], [-111.79763500006953, 33.204721000173755], [-111.79602200041673, 33.20472600006722], [-111.79382499970953, 33.204735000175305], [-111.79345399998876, 33.204735000175305], [-111.78920599996081, 33.2047289998528], [-111.78914300021162, 33.20472300028154], [-111.78840000004686, 33.2047289998528], [-111.78770299991285, 33.20471400017214], [-111.78742799955324, 33.20469800005901], [-111.78683800044769, 33.20469800005901], [-111.78515499957636, 33.204693999842334], [-111.78334699992989, 33.20468999962548], [-111.7813750002519, 33.20468899994705], [-111.78084600034737, 33.20468899994705], [-111.77943000033804, 33.20468699983856], [-111.77771100038004, 33.20468400005148], [-111.77665299967269, 33.20468699983856], [-111.77656399998426, 33.20468699983856], [-111.77503900019498, 33.20468699983856], [-111.77420700034178, 33.204683000373045], [-111.77388900032444, 33.20468100026436], [-111.77270199974569, 33.20468100026436], [-111.77266800030881, 33.20468199994288], [-111.77258700011795, 33.20468400005148], [-111.77250099990422, 33.20469800005901], [-111.77239899979698, 33.204719999744086], [-111.77198200004545, 33.20474000006796], [-111.77046800012685, 33.20473799996064], [-111.76888399988805, 33.20474099974581], [-111.76885499957574, 33.204754000066465], [-111.76884100023034, 33.20475600017349], [-111.76841100006004, 33.20474700006749], [-111.76834400011289, 33.20474599963813], [-111.76815699961682, 33.2047420001753], [-111.76616999987021, 33.20473700028275], [-111.76440599970634, 33.204735000175305], [-111.76414700013858, 33.20472600006722], [-111.76406599994772, 33.204735000175305], [-111.76403400016068, 33.20474299985306], [-111.7640080002214, 33.20474900017467], [-111.76395999964251, 33.20475899995804], [-111.76380999985467, 33.2047799999504], [-111.76368699983102, 33.20478600026943], [-111.76366500008972, 33.204786999946734], [-111.76354500043914, 33.204786999946734], [-111.76138200006712, 33.204777000166565], [-111.7603269997328, 33.2047799999504], [-111.75992699969973, 33.204782000056824], [-111.75830400000119, 33.20478299973414], [-111.75784399969363, 33.2047809996278], [-111.7562009999036, 33.20477200027603], [-111.7554259999518, 33.204782000056824], [-111.75365199974219, 33.20480200036653], [-111.752891999859, 33.204796999725815], [-111.7527570001398, 33.204796999725815], [-111.75240200031256, 33.2047799999504], [-111.7523839998709, 33.204779000273], [-111.75232899961931, 33.204775999737485], [-111.75230500022818, 33.20477399963098], [-111.75180700028581, 33.20477000016943], [-111.7510900000603, 33.20475999963568], [-111.75098100028036, 33.2047580002804], [-111.7508780003482, 33.20475600017349], [-111.75079700015735, 33.204754999744154], [-111.7505040002544, 33.20475100028174], [-111.7502799999484, 33.20475600017349], [-111.74995400043348, 33.20475899995804], [-111.74934500016303, 33.204735000175305], [-111.74907499982628, 33.2047339997458], [-111.74862799993755, 33.20473799996064], [-111.74717299957017, 33.2047339997458], [-111.74639599996853, 33.204721000173755], [-111.74623299976192, 33.20470399963199], [-111.74362400022437, 33.20470900027806], [-111.74289100010536, 33.20471400017214], [-111.74264800043112, 33.2047129997424], [-111.74232399966769, 33.2047109996344], [-111.74092500027513, 33.20468100026436], [-111.73503799975681, 33.204679000155686], [-111.73073399965236, 33.204677999725476], [-111.72761200010382, 33.204677000046914], [-111.71702600036917, 33.20467299982928], [-111.71700999957731, 33.20467000004178], [-111.71678699999457, 33.20464699991362], [-111.7165560000159, 33.20463799979643], [-111.71622200010503, 33.20463799979643], [-111.71611099977697, 33.20463799979643], [-111.71490099963198, 33.20463900022709], [-111.71448300005555, 33.20463999990604], [-111.7141359997259, 33.20463999990604], [-111.71323199990266, 33.20464100033668], [-111.71213399991066, 33.20463900022709], [-111.7120309999785, 33.20463900022709], [-111.71182699976403, 33.20463799979643], [-111.7117139997861, 33.20463799979643], [-111.71142799955585, 33.20463799979643], [-111.71106100003303, 33.20463799979643], [-111.71071100022867, 33.20463799979643], [-111.70972200001661, 33.20463799979643], [-111.70778499960039, 33.20463799979643], [-111.70750400029132, 33.20463799979643], [-111.70345000043214, 33.20463599968678], [-111.70318500011827, 33.20463599968678], [-111.70232300012783, 33.20463599968678], [-111.70103099996707, 33.20463500000773], [-111.69906400031194, 33.204634000328674], [-111.69881700043973, 33.204634000328674], [-111.69828699981198, 33.20463500000773], [-111.69770299965589, 33.20463599968678], [-111.6974420004383, 33.2046370001174], [-111.69661100040999, 33.20463500000773], [-111.69625999988239, 33.204634000328674], [-111.69591000007804, 33.204634000328674], [-111.69522100033994, 33.204634000328674], [-111.6946759996436, 33.20463500000773], [-111.69453199970356, 33.20463500000773], [-111.69418000024936, 33.2046370001174], [-111.69411099975406, 33.2046370001174], [-111.69396599998913, 33.20463599968678], [-111.69374699970601, 33.20463500000773], [-111.6932320000452, 33.204632999897946], [-111.6928310001872, 33.20463099978817], [-111.69278799963118, 33.20463099978817], [-111.69206899975588, 33.204632999897946], [-111.69183799977718, 33.204634000328674], [-111.69142199985059, 33.20463500000773], [-111.69100000007619, 33.20463599968678], [-111.69044799970715, 33.20463799979643], [-111.6902119997056, 33.20463900022709], [-111.68969100019699, 33.20463900022709], [-111.68916599959212, 33.20463799979643], [-111.6887260002744, 33.20463799979643], [-111.68843800039429, 33.20463799979643], [-111.68812200002682, 33.20463799979643], [-111.68784300036756, 33.20463799979643], [-111.68698999969963, 33.2046370001174], [-111.6864459997265, 33.2046370001174], [-111.68630099996155, 33.2046370001174], [-111.68603499982277, 33.2046370001174], [-111.6859109999742, 33.2046370001174], [-111.68483899992148, 33.20464100033668], [-111.68366700030964, 33.204644999804124], [-111.68168300003775, 33.204656000029836], [-111.67973999977374, 33.20466200035735], [-111.6796090002525, 33.20466200035735], [-111.67941500008374, 33.20466399971482], [-111.67878499989688, 33.20467000004178], [-111.67762599980553, 33.204679000155686], [-111.67743800038286, 33.20468100026436], [-111.6732239997918, 33.2047129997424], [-111.67218900044732, 33.204721000173755], [-111.67081899957043, 33.20473099996039], [-111.66943799972121, 33.2047420001753], [-111.66908700009195, 33.204744999960326], [-111.66898099978673, 33.20474599963813], [-111.66878999999103, 33.204747999745265], [-111.66875900002888, 33.204747999745265], [-111.66862500013458, 33.20474900017467], [-111.66858999997449, 33.20474900017467], [-111.66761500000614, 33.20475999963568], [-111.66688699990998, 33.20476800006274], [-111.66673600029725, 33.20477000016943], [-111.66659300018212, 33.20477200027603], [-111.66651399964108, 33.204772999953505], [-111.66629000023342, 33.204775999737485], [-111.66543999993853, 33.204784999840484], [-111.66486400017835, 33.20479100015915], [-111.66464700044338, 33.20479300026533], [-111.66377700005701, 33.20480200036653], [-111.66366999992691, 33.20480300004367], [-111.6628110003095, 33.204814000249534], [-111.66249300029217, 33.20481799970908], [-111.66221600028274, 33.20482199992008], [-111.66180200000596, 33.2048269998077], [-111.66144399980567, 33.2048310000183], [-111.66113199963613, 33.2048350002287], [-111.66070200036414, 33.20484099979236], [-111.6606079997545, 33.204842000220644], [-111.66035699968434, 33.20484400032564], [-111.65887700010092, 33.204858000307524], [-111.65769700009317, 33.20486899975483], [-111.65697900004275, 33.20487500006774], [-111.65621999998447, 33.20487500006774], [-111.65602699964063, 33.20487500006774], [-111.6558760000279, 33.204877000172], [-111.65575899985203, 33.20487900027615], [-111.65564300039938, 33.204879999952404], [-111.65558300012492, 33.20488099962865], [-111.65554799996482, 33.20488099962865], [-111.65551399962963, 33.20488099962865], [-111.65467400027882, 33.204889000044666], [-111.65464300031668, 33.204889000044666], [-111.65238100021047, 33.20491099968174], [-111.65190800038245, 33.2049149998885], [-111.65170699964266, 33.20491699999184], [-111.65157299974835, 33.20491699999184], [-111.65155799967975, 33.20491799966766], [-111.65149099973262, 33.20491799966766], [-111.65142600033359, 33.20491799966766], [-111.65135099999051, 33.20491799966766], [-111.6503020004023, 33.20492499965297], [-111.64999000023279, 33.204926999756026], [-111.64977199977459, 33.20492899985902], [-111.64896400021082, 33.20493500016787], [-111.648441999979, 33.204937999946296], [-111.647379999972, 33.20494499993], [-111.6466479996779, 33.204951000237706], [-111.64653200022528, 33.20495199991315], [-111.64601199964328, 33.204956000118024], [-111.64519800023173, 33.204963000100285], [-111.64468400039583, 33.20496599987774], [-111.64444500002122, 33.204967999979914], [-111.64416399981381, 33.204970000081985], [-111.64369299963563, 33.20497400028604], [-111.6435360001751, 33.20497499996122], [-111.64341899999926, 33.20497599963639], [-111.64314500036286, 33.20497700006313], [-111.64253299971936, 33.204984000043716], [-111.64192099997418, 33.20499000034879], [-111.640936999785, 33.20499599990177], [-111.64034199975825, 33.20500000010463], [-111.63997199986238, 33.20500299988084], [-111.6393819998585, 33.20500700008338], [-111.6388320000376, 33.20501100028575], [-111.63876199971739, 33.20501100028575], [-111.63830099958494, 33.205014999736285], [-111.63718900024756, 33.205025000240916], [-111.6364109999227, 33.205032000217656], [-111.63634300015065, 33.205032999892175], [-111.63444500009248, 33.205067000093045], [-111.63330400044278, 33.20505000037006], [-111.63153600008096, 33.20506299989324], [-111.62989599976567, 33.20509000011086], [-111.62928999986825, 33.20509999985532], [-111.62830700040232, 33.20511799999373], [-111.6257029999893, 33.20515999980119], [-111.62318300014022, 33.205180999697355], [-111.62070699977374, 33.205200000243366], [-111.61919100020532, 33.205212000071825], [-111.61729499979697, 33.20522100012994], [-111.61714699965896, 33.20522199980229], [-111.61341599983997, 33.20524699987517], [-111.61257300011611, 33.20525300016218], [-111.61015500037428, 33.20527300036433], [-111.61008300040426, 33.205274000036106], [-111.60914900044378, 33.20528099999293], [-111.60692800034545, 33.205296000328076], [-111.60353599956184, 33.205319999956956], [-111.60272399980012, 33.20532600023895], [-111.60004400011745, 33.20533899972115], [-111.59987699971288, 33.20534000014374], [-111.59951600003785, 33.20534299990833], [-111.59864400000166, 33.20529699999952], [-111.59539799970624, 33.205319999956956], [-111.59288600025309, 33.205336999627455], [-111.59113299995988, 33.20534900018877], [-111.58564499964973, 33.20538699970044], [-111.58305700002856, 33.20540499977984], [-111.58263100005622, 33.2054080002938], [-111.58264699994973, 33.20770899967873], [-111.58266200001836, 33.209850000357285], [-111.58266799986613, 33.21042699986738], [-111.58265699999549, 33.21061099984778], [-111.5826710002392, 33.210987000009936], [-111.58267500043715, 33.21135100032314], [-111.58267000041428, 33.2119030000403], [-111.58267600026207, 33.212637000333025], [-111.58267700008697, 33.21274500007569], [-111.5826799995617, 33.21313599983166], [-111.58270499967607, 33.21418300005041], [-111.58271999974467, 33.21514700033667], [-111.58272300011772, 33.21587599971705], [-111.58273300016346, 33.21616300030179], [-111.5827359996382, 33.216223000179355], [-111.58272399994264, 33.217032000223334], [-111.5827359996382, 33.218064000023176], [-111.58272300011772, 33.218157999724895], [-111.58272599959245, 33.21853699984036], [-111.58272800014058, 33.218935999903145], [-111.58273399998836, 33.219779000160706], [-111.58273399998836, 33.21979199975074], [-111.5827359996382, 33.219952000212004], [-111.5827359996382, 33.219978000090194], [-111.5827359996382, 33.220052000163804], [-111.58273700036143, 33.2201380002113], [-111.58274499985902, 33.22117399966319], [-111.5827289999655, 33.22182799968558], [-111.58276199957747, 33.22384699975194], [-111.58281199980617, 33.22691099989285], [-111.58281699982905, 33.22720399988174], [-111.5828200002021, 33.22738100020992], [-111.58283000024784, 33.22803099976438], [-111.5828489996161, 33.229180000171475], [-111.58281199980617, 33.23048899973503], [-111.58281600000416, 33.2310819997025], [-111.58283699992053, 33.233988999850965], [-111.58283000024784, 33.234141999989696], [-111.5828279996997, 33.23420900020681], [-111.58284500031645, 33.23442599973885], [-111.5828550003622, 33.23476599965413], [-111.58284299976833, 33.235846999750216], [-111.58285299981407, 33.23663500028695], [-111.5828550003622, 33.23671800036874], [-111.58285399963897, 33.23758300025185], [-111.58285899966184, 33.23858799989189], [-111.58288799997418, 33.239518999930084], [-111.58289700019499, 33.23982800020639], [-111.5828980000199, 33.23994399965612], [-111.58290600041583, 33.24049500001202], [-111.58291499973834, 33.24092000025267], [-111.58291999976122, 33.241134000369605], [-111.58292999980696, 33.242384999874396], [-111.58293700037797, 33.243334999825095], [-111.58293700037797, 33.243358000301654], [-111.58293400000491, 33.243670999718134], [-111.5829249997841, 33.2445989997968], [-111.58291599956326, 33.24483799995247], [-111.58291499973834, 33.2448530002674], [-111.58291999976122, 33.24541700002205], [-111.5829249997841, 33.24613799990732], [-111.58293800020289, 33.24759800027944], [-111.58293200035511, 33.24790100017916], [-111.58292200030935, 33.2484229997444], [-111.58291800011139, 33.248961000233265], [-111.58295300027149, 33.250087000358924], [-111.58296099976911, 33.25129099977594], [-111.58298699970837, 33.25469799992559], [-111.58299099990633, 33.25533899981552], [-111.58299500010429, 33.25586900028394], [-111.58299900030227, 33.25640899967991], [-111.58301299964762, 33.25820699971634], [-111.5830179996705, 33.259019999721964], [-111.58302799971626, 33.26036699984573], [-111.58303699993708, 33.26170700028388], [-111.58304699998283, 33.262995999768926], [-111.58304799980773, 33.26318499987937], [-111.58308600034088, 33.26847900006846], [-111.58311899995284, 33.26944999973429], [-111.58312399997571, 33.2699560002996], [-111.58312599962555, 33.27018499963323], [-111.58314599971702, 33.27170700019105], [-111.58314499989211, 33.27188700027039], [-111.58314400006722, 33.2721350000723], [-111.58314400006722, 33.2721729998586], [-111.5831430002423, 33.272280999674756], [-111.58314900009007, 33.272546999639836], [-111.58315300028804, 33.272706000039584], [-111.58315199956479, 33.27459000013574], [-111.58314499989211, 33.27502200015908], [-111.58316900018157, 33.27609999990048], [-111.58317900022729, 33.27719600017322], [-111.58318300042527, 33.277243000166386], [-111.58319500012082, 33.27738299964462], [-111.58320400034167, 33.27748699988413], [-111.58322600008296, 33.278027000060405], [-111.58322600008296, 33.2780380000682], [-111.58323199993073, 33.27820300001913], [-111.5832439996263, 33.27847400014934], [-111.58325000037242, 33.27903400008361], [-111.58325000037242, 33.279082999747345], [-111.5832639997178, 33.279808999772754], [-111.58328200015946, 33.28045500019276], [-111.58328100033455, 33.280967999969924], [-111.58327999961132, 33.281142999700506], [-111.5832839998093, 33.2817529997519], [-111.58329200020522, 33.28216499974076], [-111.58330999974855, 33.2830290000295], [-111.5833070002738, 33.28327900028553], [-111.58329800005299, 33.28408099969191], [-111.58331399994653, 33.2844380002156], [-111.5833070002738, 33.2847679996407], [-111.58329300003011, 33.28515499991632], [-111.58329200020522, 33.2851889997538], [-111.583221999885, 33.287185999876826], [-111.58318500007509, 33.28821400034413], [-111.58322100006008, 33.28860499973879], [-111.58322400043315, 33.28890500016641], [-111.58323699995361, 33.29012200028102], [-111.58324500034954, 33.29087799993678], [-111.5832550003953, 33.29182499986177], [-111.58326000041816, 33.29256799975219], [-111.58326200006798, 33.29279699984054], [-111.58328800000723, 33.29787299974157], [-111.58329399985503, 33.29826099982021], [-111.58331499977143, 33.29940499977475], [-111.58332999984003, 33.3002419996971], [-111.58333999988578, 33.30085199988577], [-111.58334400008374, 33.30126199964611], [-111.5833690001981, 33.30389100015171], [-111.58338199971858, 33.30498000028471], [-111.58339199976432, 33.306297000246985], [-111.58340000016025, 33.30718199973833], [-111.58350499974222, 33.30723400013485], [-111.58357800043548, 33.30728799976305], [-111.58358299956002, 33.30737100028035], [-111.5835590001689, 33.30765299994617], [-111.58355599979585, 33.30784700021966], [-111.5835669996665, 33.30806800000539], [-111.58359000013104, 33.308309999879], [-111.58359599997881, 33.30853099999278], [-111.58359299960578, 33.3086100001115], [-111.58358299956002, 33.30891599999108], [-111.5835730004126, 33.309238000049184], [-111.58358099991021, 33.309907999748845], [-111.5834319999473, 33.31053999997504], [-111.58344899966572, 33.312365000125894], [-111.58345799988655, 33.31333199974677], [-111.58351700033612, 33.313495999834444], [-111.58359199978086, 33.313707000234906], [-111.58361699989523, 33.31439700013143], [-111.58362199991808, 33.314550999732816], [-111.58362000026828, 33.31459099966276], [-111.58361699989523, 33.31463300016998], [-111.5835730004126, 33.31496799982735], [-111.5835659998416, 33.31507999964976], [-111.58355699962077, 33.31545199963579], [-111.58355199959789, 33.31561700015052], [-111.58355199959789, 33.31564699973288], [-111.58355699962077, 33.31577799996501], [-111.58355800034398, 33.315949999965206], [-111.58358500010817, 33.31613399999123], [-111.58358199973513, 33.316160999680854], [-111.58357800043548, 33.31619500019566], [-111.58355400014602, 33.316251999991174], [-111.58351399996306, 33.31630799984619], [-111.58347399978008, 33.31635299998511], [-111.5834670001074, 33.31638399996724], [-111.58347399978008, 33.316412000232155], [-111.58352700038185, 33.316552999821084], [-111.58354099972723, 33.316614999632066], [-111.58355300032113, 33.3166680003072], [-111.58355699962077, 33.31674400011438], [-111.58355400014602, 33.31681999985529], [-111.58356500001668, 33.316884000020345], [-111.58359199978086, 33.31697199988897], [-111.583594000329, 33.31700899977314], [-111.58359500015392, 33.31703300025766], [-111.58358500010817, 33.31718599981315], [-111.58357099986448, 33.317406999948034], [-111.58356900021464, 33.3174800001922], [-111.58356500001668, 33.317686999657354], [-111.58354900012316, 33.31775500023387], [-111.58350200026749, 33.31789900030814], [-111.58349200022175, 33.31792799997112], [-111.58348700019887, 33.317985000134776], [-111.58349999971934, 33.31821600006082], [-111.58352300018389, 33.318287999746886], [-111.58355300032113, 33.318354000094985], [-111.58356800038972, 33.318419999642444], [-111.58360000017677, 33.31893600025048], [-111.58359500015392, 33.31902899965985], [-111.58358000008529, 33.319144999752695], [-111.58357800043548, 33.31928799991348], [-111.58361199987236, 33.31961599988951], [-111.58360900039762, 33.31971500001049], [-111.5836029996515, 33.31976800030205], [-111.58361100004743, 33.320439000002125], [-111.58361199987236, 33.320579999832695], [-111.58361299969727, 33.32065900029289], [-111.58361600007031, 33.320870999720114], [-111.58361699989523, 33.320949000066506], [-111.58363699998671, 33.32247500028802], [-111.58365500042838, 33.323756999822216], [-111.58366799994884, 33.32473599985128], [-111.58366899977375, 33.32482700021611], [-111.5837009995608, 33.32621299962749], [-111.58370899995671, 33.33009099969928], [-111.58371099960655, 33.33046499964524], [-111.58371200032978, 33.3305330000088], [-111.58371200032978, 33.33060299979777], [-111.58372599967517, 33.33207400011004], [-111.58372599967517, 33.33372800030274], [-111.58373099969802, 33.334523000288435], [-111.58373700044415, 33.33532200001481], [-111.58373999991888, 33.336625999908286], [-111.58374099974377, 33.33731399989528], [-111.58374099974377, 33.33800599981954], [-111.58374999996461, 33.338867000357894], [-111.58379299962232, 33.34120499991414], [-111.58379500017045, 33.34161899970455], [-111.58379599999537, 33.34204099964435], [-111.58379699982028, 33.34205599976636], [-111.58379799964517, 33.342293000301275], [-111.58379799964517, 33.342398999650925], [-111.58379900036842, 33.3424940002399], [-111.58379900036842, 33.34255699995718], [-111.58379299962232, 33.342615999722504], [-111.58379900036842, 33.342628999792666], [-111.58379099997249, 33.34301900024338], [-111.58381699991175, 33.346093000176545], [-111.58383000033055, 33.34749600021168], [-111.58383600017832, 33.34819399974929], [-111.5838479998739, 33.34958399991656], [-111.58385000042203, 33.349763999875435], [-111.58385399972168, 33.35011600030359], [-111.58385700009474, 33.35040900036124], [-111.58386299994253, 33.35091200027867], [-111.58387399981318, 33.35184700023628], [-111.58387499963808, 33.35191700015406], [-111.58387899983603, 33.352329999798926], [-111.58387899983603, 33.35236699967512], [-111.5838839998589, 33.352876999671814], [-111.58388600040703, 33.35310800013048], [-111.58389399990466, 33.35384800005825], [-111.58389399990466, 33.35386900023207], [-111.58389599955449, 33.35415400016103], [-111.58389999975243, 33.35459800033944], [-111.58389999975243, 33.3546460001014], [-111.58390700032345, 33.35536399969676], [-111.58390700032345, 33.35537800031977], [-111.58391099962309, 33.35583499985635], [-111.58391499982105, 33.35630500027401], [-111.58391900001901, 33.35677899966052], [-111.58392300021697, 33.35700299971349], [-111.58405999958599, 33.35782399966833], [-111.58409800011914, 33.36179299979743], [-111.58413199955602, 33.36542299996006], [-111.58419100000559, 33.37150700021792], [-111.5841919998305, 33.37159200036105], [-111.58420100005131, 33.37254800037178], [-111.58425899977765, 33.37864900011502], [-111.58425899977765, 33.37867499999189], [-111.58425799995273, 33.37879899964401], [-111.58407999967748, 33.378795999835965], [-111.58088000031115, 33.37873899971341], [-111.58069600018813, 33.37873999965012], [-111.58069600018813, 33.37902100015238], [-111.5806950003632, 33.37973899965285], [-111.58068199994443, 33.380487999645695], [-111.58067899957138, 33.38153200003816], [-111.58067699992155, 33.382457999744624], [-111.58067600009663, 33.383025000002846], [-111.58065699983007, 33.38336400017313], [-111.58065600000515, 33.3836029997532], [-111.58065900037822, 33.38372400024111], [-111.58065600000515, 33.38563699968105], [-111.58065500018026, 33.38625400023861], [-111.58065500018026, 33.38648399999708], [-111.58065500018026, 33.386588999684534], [-111.58065500018026, 33.3866179997259], [-111.58065500018026, 33.386679999911166], [-111.58065500018026, 33.38675699997079], [-111.58065500018026, 33.38683300011864], [-111.58065500018026, 33.38685100030185], [-111.58065500018026, 33.38707199991378], [-111.58065500018026, 33.38724699963897], [-111.58065400035534, 33.387699999708715], [-111.58065400035534, 33.38863799985435], [-111.58065400035534, 33.389221000372515], [-111.58065299963212, 33.38980300017149], [-111.58065099998228, 33.392992000017344], [-111.58065000015738, 33.39334299979909], [-111.58064699978434, 33.39338300028898], [-111.58064599995942, 33.393403000152034], [-111.58064599995942, 33.39349499976264], [-111.58064599995942, 33.39377999963412], [-111.58064599995942, 33.39406599983145], [-111.58064699978434, 33.395190999759734], [-111.58064699978434, 33.395974999985384], [-111.58064699978434, 33.39604499964819], [-111.58064699978434, 33.3967440001957], [-111.58064699978434, 33.39693200015604], [-111.58064699978434, 33.39704200010386], [-111.58064699978434, 33.397303999964166], [-111.58064699978434, 33.39756400034419], [-111.58065299963212, 33.39777300010598], [-111.58065500018026, 33.397860000256884], [-111.58065500018026, 33.39818400013053], [-111.58065500018026, 33.39835000033383], [-111.58065500018026, 33.39851499976084], [-111.58065500018026, 33.39859300029451], [-111.58065500018026, 33.398671000008186], [-111.58065500018026, 33.39880199983133], [-111.58065500018026, 33.39909300001428], [-111.58065500018026, 33.399321000149335], [-111.58065500018026, 33.39961700007699], [-111.58065500018026, 33.40015399970518], [-111.58065500018026, 33.40056100022504], [-111.58065500018026, 33.40058200037151], [-111.58065500018026, 33.40060200007773], [-111.58065500018026, 33.400642999911085], [-111.58065500018026, 33.40077799999386], [-111.58065500018026, 33.40093699972237], [-111.58065500018026, 33.40110900024255], [-111.58065400035534, 33.401356000193395], [-111.58065400035534, 33.4014510001606], [-111.58065400035534, 33.40189899984547], [-111.58065400035534, 33.40199100021129], [-111.58065400035534, 33.40231499968073], [-111.58065400035534, 33.40246699970057], [-111.58065400035534, 33.40316900005251], [-111.58065400035534, 33.40344400017073], [-111.58065400035534, 33.40419999965888], [-111.58065400035534, 33.40434899970448], [-111.58065400035534, 33.40455099991694], [-111.58065400035534, 33.40479399978405], [-111.58065400035534, 33.404919000062], [-111.58065400035534, 33.40525699995492], [-111.58065400035534, 33.40563900014123], [-111.58065400035534, 33.40577399996045], [-111.58065400035534, 33.405973999862546], [-111.58065400035534, 33.406349999931734], [-111.58065400035534, 33.40637399978519], [-111.58065400035534, 33.40649999965681], [-111.58065400035534, 33.40669200021681], [-111.58065400035534, 33.40706600020645], [-111.58065400035534, 33.4078090003434], [-111.58065299963212, 33.40915999995263], [-111.58065299963212, 33.40954699963474], [-111.58065299963212, 33.41046600008398], [-111.58065299963212, 33.41142000018811], [-111.58065000015738, 33.413424000364984], [-111.58065000015738, 33.41379700032968], [-111.58065099998228, 33.414079000256756], [-111.5806519998072, 33.41430899985967], [-111.58065400035534, 33.41505599985174], [-111.58065400035534, 33.41521700022594], [-111.58065299963212, 33.41535699998274], [-111.5806519998072, 33.41559900010127], [-111.58064099993656, 33.416023999634625], [-111.58063799956348, 33.41614199995478], [-111.58063500008876, 33.41628299997457], [-111.58063599991368, 33.41639300016606], [-111.58063699973859, 33.41650499997253], [-111.58063900028672, 33.416691000162054], [-111.58064099993656, 33.416857999742824], [-111.58064199976145, 33.41693200006505], [-111.58064299958636, 33.4170390001965], [-111.58064799960924, 33.41747300009946], [-111.58065000015738, 33.41761199972896], [-111.5806519998072, 33.41779199987341], [-111.58065500018026, 33.41826099963421], [-111.58065500018026, 33.41838300008573], [-111.58065699983007, 33.418703999969246], [-111.58065600000515, 33.419675999688245], [-111.58066199985295, 33.42002900006405], [-111.58066900042395, 33.42046400022484], [-111.58066900042395, 33.420768000213826], [-111.58066900042395, 33.42093800005439], [-111.58066500022599, 33.42127999988084], [-111.58066400040107, 33.42134499991689], [-111.58066199985295, 33.42147600003787], [-111.58065600000515, 33.42190600024758], [-111.58065900037822, 33.42215099992035], [-111.58066100002803, 33.42233099965251], [-111.58066100002803, 33.422395999651506], [-111.58066100002803, 33.42242300012131], [-111.58066100002803, 33.42248299988551], [-111.58066199985295, 33.42295199980008], [-111.58066500022599, 33.42310700022356], [-111.58067000024886, 33.42334300019659], [-111.58067500027174, 33.42356900007143], [-111.58068000029462, 33.42413099969109], [-111.58068199994443, 33.4245140002476], [-111.58068399959426, 33.42489500030317], [-111.58068399959426, 33.42499299973025], [-111.58068500031749, 33.4250909997965], [-111.58068399959426, 33.4253519996321], [-111.58068299976935, 33.4259600003022], [-111.58068100011951, 33.426284999720295], [-111.58068299976935, 33.42643299997717], [-111.58068500031749, 33.42664699993277], [-111.5806879997922, 33.426857999712254], [-111.58069000034035, 33.42716600032088], [-111.58069100016527, 33.42727299983594], [-111.58069000034035, 33.427766000052806], [-111.58068899961712, 33.42839800007358], [-111.58068600014239, 33.42868300014813], [-111.58067699992155, 33.42936600030359], [-111.58067500027174, 33.42953900010682], [-111.58067400044683, 33.429751999802605], [-111.58067100007378, 33.430326000241536], [-111.58066500022599, 33.43130600018994], [-111.58066400040107, 33.43139199966035], [-111.58065799965499, 33.43243300002], [-111.58066699987582, 33.432988000291424], [-111.58067000024886, 33.43318100007282], [-111.58067100007378, 33.43323899977952], [-111.58066900042395, 33.433514999946595], [-111.58066699987582, 33.43370800005531], [-111.58066400040107, 33.4341300000057], [-111.58066400040107, 33.43419300006915], [-111.58066299967786, 33.434550000064725], [-111.58066299967786, 33.434774999956296], [-111.58066199985295, 33.43501799996356], [-111.58066500022599, 33.435716000204316], [-111.58067000024886, 33.43649400035373], [-111.58067100007378, 33.436660000053074], [-111.5806719998987, 33.436818000040915], [-111.58067000024886, 33.43798899971334], [-111.58067000024886, 33.43804599995085], [-111.58066600005091, 33.43862800023297], [-111.58066299967786, 33.43914000025179], [-111.58066199985295, 33.43922200024353], [-111.58065600000515, 33.4395779998027], [-111.5806440003096, 33.440402000245555], [-111.58064299958636, 33.44047500001208], [-111.58064099993656, 33.4413020000804], [-111.58063699973859, 33.44326400025049], [-111.58063699973859, 33.443534000369695], [-111.58063699973859, 33.44370699966292], [-111.58063699973859, 33.44376499982968], [-111.58063599991368, 33.443839999638875], [-111.58063599991368, 33.443916000068995], [-111.58063599991368, 33.444070999783165], [-111.58063599991368, 33.444142000343156], [-111.58063599991368, 33.44452099982624], [-111.58063599991368, 33.444898999977376], [-111.58063599991368, 33.44502600008479], [-111.58063599991368, 33.445058999799], [-111.58063599991368, 33.44521900007504], [-111.58063599991368, 33.445333999927236], [-111.58063599991368, 33.44546100014737], [-111.58063599991368, 33.445587000264645], [-111.58063599991368, 33.44569700005084], [-111.58063599991368, 33.44582399973951], [-111.58063599991368, 33.44595000007908], [-111.58063599991368, 33.4460600001545], [-111.58063699973859, 33.44808199995454], [-111.58063799956348, 33.45094599962795], [-111.58063799956348, 33.451334000267295], [-111.58063799956348, 33.451915000001385], [-111.58063699973859, 33.453150999956534], [-111.58063599991368, 33.45381999962978], [-111.58062900024098, 33.45449499977281], [-111.58063500008876, 33.45452900019508], [-111.58063400026384, 33.45470100023118], [-111.58063400026384, 33.4549150001746], [-111.58063599991368, 33.456290999775064], [-111.58063699973859, 33.45673599968123], [-111.58063900028672, 33.45718299986791], [-111.58064000011164, 33.45743799967646], [-111.58063799956348, 33.45768399998904], [-111.58063300043894, 33.458618999711], [-111.58063300043894, 33.458633000190524], [-111.5806319997157, 33.45948599992723], [-111.5806319997157, 33.45977000005522], [-111.5806319997157, 33.459939999934704], [-111.5806309998908, 33.46041600022225], [-111.5806309998908, 33.46051999996865], [-111.5806309998908, 33.46129000010438], [-111.5806309998908, 33.46172500027723], [-111.5806309998908, 33.46181200004989], [-111.5806309998908, 33.461911000227616], [-111.5806319997157, 33.46216700009497], [-111.5806319997157, 33.46222100025733], [-111.5806319997157, 33.46227499963662], [-111.5806319997157, 33.462338999967656], [-111.58063300043894, 33.46399399989401], [-111.58063300043894, 33.46405199998263], [-111.58063300043894, 33.46471999978224], [-111.58063300043894, 33.464849999923395], [-111.58063300043894, 33.4650049996928], [-111.58063400026384, 33.46580000005176], [-111.57958499977734, 33.465797999934615], [-111.57836999960949, 33.465797000250724], [-111.57797399977437, 33.46579500013356], [-111.57423399973455, 33.46578800009771], [-111.57370700037818, 33.465786999664296], [-111.57300000019842, 33.465788999781694], [-111.5719640001307, 33.46578300017882], [-111.57097300026884, 33.465786999664296], [-111.57068899968837, 33.465786999664296], [-111.5697730001696, 33.465792000332364], [-111.5694660000229, 33.46579599981748], [-111.56947100004578, 33.465845999735336], [-111.56890699998118, 33.46584299993589], [-111.56828600001516, 33.465840000136396], [-111.56766500004915, 33.46583700033674], [-111.56355299956533, 33.46583700033674], [-111.5614329997493, 33.46584299993589], [-111.5602839997037, 33.465845000051985], [-111.55959999998849, 33.465845999735336], [-111.55891600027327, 33.46584799985131], [-111.55824799955327, 33.46584900028402], [-111.55757899990667, 33.4658499999673], [-111.5566309997025, 33.465852000083196], [-111.54924000020964, 33.46586800025958], [-111.54734100032657, 33.46586800025958], [-111.54682099974455, 33.465861999912775], [-111.546111999915, 33.465863000345266], [-111.54606500005933, 33.465861999912775], [-111.5430840000778, 33.4658649997115], [-111.54138400038634, 33.46586600014401], [-111.5405719997263, 33.4658669998271], [-111.54001400040778, 33.4658669998271], [-111.5387609997068, 33.4658669998271], [-111.53868000041423, 33.4658669998271], [-111.53821500008384, 33.4658669998271], [-111.5375160003, 33.46586800025958], [-111.5365720002938, 33.46586800025958], [-111.53359700016003, 33.46586999962567], [-111.53295500027762, 33.4658499999673], [-111.53283700027686, 33.46584799985131], [-111.53263100041252, 33.4658359999039], [-111.53248599974924, 33.465838999703585], [-111.5323279995655, 33.465845999735336], [-111.53220999956473, 33.465845999735336], [-111.5318840000498, 33.46583700033674], [-111.53183100034634, 33.46585299976645], [-111.53180600023198, 33.46587100005811], [-111.53173599991182, 33.46587100005811], [-111.53094400024156, 33.46587100005811], [-111.53080799979911, 33.46587100005811], [-111.52985700012022, 33.46587100005811], [-111.5289049997181, 33.46587199974115], [-111.52879000009035, 33.46587199974115], [-111.52857800037825, 33.46587199974115], [-111.52774700034995, 33.46587199974115], [-111.5252380003715, 33.46587300017357], [-111.52167999990655, 33.46587300017357], [-111.52090599977966, 33.46587300017357], [-111.52013099982786, 33.465873999856576], [-111.51500499991594, 33.46587500028893], [-111.51288699974975, 33.465875999971914], [-111.51076799975867, 33.465876999654895], [-111.509735000064, 33.465878000087265], [-111.50869700034646, 33.465876999654895], [-111.4996389998758, 33.46587899977021], [-111.48916699994395, 33.46588200031776], [-111.48848900007651, 33.46588200031776], [-111.48665100029281, 33.465883000000666], [-111.48236399990681, 33.46588399968358], [-111.48171199997866, 33.46588399968358], [-111.48089699984386, 33.46588399968358], [-111.4801240004402, 33.46588399968358], [-111.47957399972098, 33.46588399968358], [-111.47681200002256, 33.465885000115804], [-111.4762589998286, 33.465885000115804], [-111.46738700002909, 33.4658879999138], [-111.4643819997581, 33.4658879999138], [-111.45670000001208, 33.46589099971168], [-111.4431409997935, 33.46589799973916], [-111.44216500000023, 33.46589799973916], [-111.42917700041727, 33.465901999968736], [-111.42878300023195, 33.46590400008348], [-111.42835399988657, 33.465906999880815], [-111.42442300005101, 33.465906999880815], [-111.40959900033417, 33.465906999880815], [-111.39477399989408, 33.46590800031277], [-111.39264400003233, 33.46590800031277], [-111.39051199962243, 33.46590800031277], [-111.38581800042898, 33.46590800031277], [-111.3808919996353, 33.46590800031277], [-111.3799819999643, 33.46590800031277], [-111.3715629999013, 33.46590800031277], [-111.36668200021177, 33.465909999677976], [-111.36554599968663, 33.465909999677976], [-111.34034399974927, 33.46591399990701], [-111.33368800002522, 33.465915000338946], [-111.32277400022751, 33.465916999704], [-111.31034499978796, 33.465920000250215], [-111.29936599969291, 33.46592200036456], [-111.28670000032521, 33.46592399972943], [-111.2847570000612, 33.465906999880815], [-111.28107399992281, 33.465909999677976], [-111.28028399990237, 33.465915000338946], [-111.26974800039642, 33.46591899981834], [-111.26889899992645, 33.46591899981834], [-111.26743299968844, 33.465911999792546], [-111.23501900035834, 33.46575599971254], [-111.21196999984895, 33.46564399977018], [-111.19622300004227, 33.46556799964661], [-111.19458199990207, 33.46556699996006], [-111.1896219996715, 33.46553599992956], [-111.16945899960741, 33.465461999836236], [-111.16358500040619, 33.465480999896585], [-111.15771100030665, 33.46550099964014], [-111.15405199955936, 33.465516000194135], [-111.13921299977389, 33.46558199975323], [-111.12624100008445, 33.465600000101176], [-111.12552999970673, 33.46559700029322], [-111.09945900010622, 33.46563500035068], [-111.09037899989424, 33.46564800001147], [-111.06438699993646, 33.46567800031665], [-111.06089700014189, 33.46569599989525], [-111.05674299982529, 33.46570700017712], [-111.04785699978207, 33.46573500034327], [-111.03997599984443, 33.466019000232684], [-111.03990499969933, 33.46610400008202], [-111.0402770001433, 33.466814000283875], [-111.04139299967865, 33.46894599975877], [-111.04176500012265, 33.46965599990947], [-111.04209599966043, 33.47028700011359], [-111.04308800024553, 33.472180000135495], [-111.04341899978334, 33.472810999945494], [-111.04564999992742, 33.4771330001302], [-111.04581300013405, 33.477543999816305], [-111.04588299955593, 33.477674000202626], [-111.0459019998225, 33.477715000347416], [-111.04629900038084, 33.47844200022234], [-111.04631500027438, 33.47847199984492], [-111.04636399977986, 33.478565000257376], [-111.04637999967338, 33.47859600012292], [-111.04867399956667, 33.48266200018112], [-111.05555699996974, 33.494859999899056], [-111.05785099986304, 33.49892499972375], [-111.05785099986304, 33.498941999835644], [-111.05794899977232, 33.49915199970874], [-111.0582640003149, 33.4998260003046], [-111.05836899989689, 33.50005100009876], [-111.05937800020043, 33.501841999717406], [-111.06240699986253, 33.5072170000961], [-111.06341699999099, 33.50901000035635], [-111.0654599998141, 33.512841999765264], [-111.07011500044614, 33.52162199975212], [-111.07056800018266, 33.52247699964444], [-111.07454300039913, 33.52994900026121], [-111.07722300008177, 33.53491699978909], [-111.07744599966453, 33.535331000341984], [-111.07764700040431, 33.53570099966843], [-111.07791799966766, 33.53620299975213], [-111.07797200009432, 33.5363069998435], [-111.0785620000982, 33.537428000164134], [-111.07944699965488, 33.53910700025395], [-111.08033200010985, 33.540787999808586], [-111.08092200011374, 33.54190699981215], [-111.08150700009475, 33.54301399981989], [-111.08440500023562, 33.548304999753434], [-111.08457199974187, 33.54861100028525], [-111.0848219999871, 33.54906900032866], [-111.08507300005729, 33.5495270001903], [-111.08523999956354, 33.54983199992683], [-111.0853969999224, 33.55013199979552], [-111.0858699997504, 33.551030999692486], [-111.08602700010923, 33.55132999969626], [-111.08870099994412, 33.55642299998989], [-111.08953299979733, 33.55800700031949], [-111.09077999975224, 33.56038199978236], [-111.09202699970717, 33.562756999809125], [-111.09285799973546, 33.56433999995571], [-111.093826999856, 33.5661860003597], [-111.09535500001833, 33.56906300024275], [-111.09573800033299, 33.56978300000223], [-111.09688700037862, 33.57194299992904], [-111.09726999979493, 33.57266300036953], [-111.09733000006939, 33.5727780001332], [-111.09796199990606, 33.573858000070906], [-111.1033280000175, 33.58362600020167], [-111.10340500001037, 33.583783999982025], [-111.10352999968384, 33.58403900026764], [-111.10366399957815, 33.58431399977513], [-111.10401799958046, 33.58503599990053], [-111.10469799999605, 33.586342999947405], [-111.10785200022994, 33.5924039998865], [-111.10838799980716, 33.593434000161835], [-111.10889599979525, 33.59442700020268], [-111.1089269997574, 33.5944819998377], [-111.10901999964385, 33.59464700002875], [-111.10905099960597, 33.59470099983228], [-111.10905900000188, 33.59471700012786], [-111.10908300029135, 33.59476300011928], [-111.10909099978893, 33.59477799996475], [-111.10931400027002, 33.595204000174725], [-111.1099820000917, 33.5964829998233], [-111.11020399984955, 33.59690800017739], [-111.11101300013655, 33.59843499983326], [-111.1134400000992, 33.60301500009227], [-111.11424900038621, 33.60454099977506], [-111.114291000219, 33.60461699977598], [-111.11477699956748, 33.60539399996785], [-111.11637099985205, 33.60835000033797], [-111.11637099985205, 33.60836099968894], [-111.11660199983073, 33.6087909997428], [-111.11728700026916, 33.610106999804096], [-111.1175149998748, 33.61054499992788], [-111.11780799977775, 33.61109700013212], [-111.11788200029592, 33.61123699975207], [-111.11791099970992, 33.611291999887904], [-111.11981200014112, 33.614876999832745], [-111.12061600040525, 33.61639099975454], [-111.12084200036107, 33.61681099981531], [-111.1209019997372, 33.61692199985276], [-111.12091299960785, 33.61694299992462], [-111.12092100000378, 33.61695700021907], [-111.12099100032398, 33.61708600031363], [-111.12104499985234, 33.61718699970777], [-111.12129099989963, 33.61764400006435], [-111.12230400040113, 33.619524000109195], [-111.12331600017939, 33.62140400028218], [-111.12399099967378, 33.62265700026216], [-111.12527000031406, 33.62503099992909], [-111.12527899963656, 33.62504900000687], [-111.12567700001982, 33.625746999791616], [-111.12910099969217, 33.63215599987477], [-111.1303719999365, 33.63453400021189], [-111.13392000035573, 33.64117499970313], [-111.13415800000709, 33.64161999971824], [-111.13446799962848, 33.64220200017099], [-111.13611100031683, 33.64528600017094], [-111.13665799976471, 33.64631300020967], [-111.13728299992867, 33.647487000051576], [-111.138221999912, 33.649248000079645], [-111.13916000007045, 33.65100800018865], [-111.13978600005932, 33.65218200030596], [-111.14025200021466, 33.65305600021767], [-111.1409519998234, 33.65436900013559], [-111.14165099960722, 33.65568099973131], [-111.14211699976254, 33.65655599972173], [-111.14290199976008, 33.65802900002494], [-111.14328099987678, 33.65873999997026], [-111.14384999996426, 33.6598079999876], [-111.14441800022684, 33.66087400011681], [-111.14479700034352, 33.661586000142435], [-111.14578200035761, 33.663435999830455], [-111.14589699998534, 33.663649000219294], [-111.14633899985121, 33.66447799979421], [-111.14693200022815, 33.665589999944906], [-111.14801000012866, 33.667604999810536], [-111.14856599979734, 33.66864900002415], [-111.1513500001354, 33.6738569999293], [-111.15135699980809, 33.6738709999421], [-111.15162200012195, 33.674366000265344], [-111.15194799963687, 33.67497900024298], [-111.15217600014081, 33.67540500014171], [-111.15286099968095, 33.676685000354375], [-111.1530900000098, 33.677112000254795], [-111.15314299971324, 33.67721099980638], [-111.153300999897, 33.67750600031628], [-111.15335399960045, 33.67760599963856], [-111.1534900000429, 33.67751800003178], [-111.1536950000823, 33.67738600007892], [-111.1538990002968, 33.67725399992342], [-111.15403599966584, 33.67716599995635], [-111.15408099987168, 33.67713700002394], [-111.15415000036697, 33.67709300036555], [-111.15421300011616, 33.67704499976116], [-111.15426300034488, 33.67701999996526], [-111.15499100044102, 33.67654999990795], [-111.15658499982723, 33.675507999663566], [-111.15701699964738, 33.67508700004847], [-111.15706600005117, 33.67500299963001], [-111.15718999989974, 33.67478799992955], [-111.15733399983978, 33.67459399990887], [-111.1575249996355, 33.6742950003185], [-111.15754200025223, 33.674278000333025], [-111.15762599991783, 33.6741969999165], [-111.15765500023015, 33.674168999994755], [-111.15786600011734, 33.673962000343664], [-111.15799199961573, 33.67383800006844], [-111.15810499959363, 33.67372799965056], [-111.15812600040833, 33.67369799978399], [-111.15925500036248, 33.672958999792236], [-111.15933700037823, 33.67291399995984], [-111.15958400025046, 33.672778000041035], [-111.15966700009113, 33.67273199983292], [-111.1597650000004, 33.67267800033732], [-111.16006100027641, 33.67251499986825], [-111.160108999957, 33.67248400004218], [-111.16016300038369, 33.67246699969871], [-111.16058299960993, 33.67230100021435], [-111.16077400030395, 33.67216399978602], [-111.16101399960516, 33.671992999763766], [-111.16130400003337, 33.67177999985073], [-111.16142899970684, 33.67168799983746], [-111.16148899998132, 33.67164399963381], [-111.16171099973914, 33.671479999899766], [-111.16172900018081, 33.67146600024533], [-111.1617840004324, 33.671426999914296], [-111.1619119995806, 33.67135299964015], [-111.16232500003248, 33.671115000367514], [-111.16244499968307, 33.671089000042656], [-111.16246200029983, 33.671085000337065], [-111.16276500024853, 33.67102000023515], [-111.16282100032501, 33.6709719999789], [-111.16320799993932, 33.670728000068664], [-111.16397899969319, 33.67018499979092], [-111.16399999960954, 33.67017099992571], [-111.1640249997239, 33.67015300030922], [-111.16430900030437, 33.669947999842464], [-111.16435500033512, 33.66991499995874], [-111.16504099970015, 33.66971499975812], [-111.16544199955814, 33.66956899982635], [-111.16551600007631, 33.66954499967045], [-111.16600700034599, 33.669388999989245], [-111.16705599993418, 33.66896599967433], [-111.16783500008394, 33.668446999956075], [-111.1685079999285, 33.66803300027341], [-111.16928000040558, 33.6676199996863], [-111.169409000277, 33.667551000086455], [-111.16943299966813, 33.667538000133945], [-111.16945000028488, 33.667529000050656], [-111.16947899969888, 33.66751400015897], [-111.1696610001721, 33.667320000177945], [-111.16977400014999, 33.6670479996296], [-111.16980500011213, 33.66697299972565], [-111.17010100038814, 33.66624600005919], [-111.1701209995813, 33.66616300033482], [-111.1702620000466, 33.66557600007941], [-111.17030800007737, 33.664890999765824], [-111.1704789997816, 33.66426099993956], [-111.17065899970665, 33.6634709999867], [-111.17069600041488, 33.663375999636216], [-111.17085000040068, 33.66298599997075], [-111.17110599959538, 33.662518000281516], [-111.17119199980911, 33.6623599997637], [-111.17126100030441, 33.66223500030309], [-111.17146200014585, 33.661888999933836], [-111.17155300038245, 33.66173200016527], [-111.17166800001019, 33.66153500011701], [-111.17175900024677, 33.66137900011557], [-111.17216900032561, 33.66108400036526], [-111.17235500009843, 33.66095100019269], [-111.17255799958973, 33.66081000019558], [-111.17259699994779, 33.660781999654255], [-111.17316500021035, 33.660381999685264], [-111.17336900042486, 33.66023999982476], [-111.17353699975604, 33.66012299995841], [-111.17421999964634, 33.65977400026834], [-111.17468999999961, 33.65944199984063], [-111.17503700032925, 33.659376000224555], [-111.17532199983629, 33.65941799985016], [-111.17542499976845, 33.65943400009379], [-111.17561599956416, 33.65946200032608], [-111.17571600002158, 33.65948400018173], [-111.17607900024475, 33.659565999934095], [-111.17640700030779, 33.65980599987255], [-111.17651400043792, 33.65981200021756], [-111.17670600005856, 33.659822000044024], [-111.17680800016579, 33.65980899967125], [-111.17716700019099, 33.65976399968862], [-111.17736999968227, 33.65973900010348], [-111.17820900010649, 33.65976000020411], [-111.1782519997642, 33.65976399968862], [-111.17861300033755, 33.659793999928894], [-111.17905299965528, 33.65982999975479], [-111.17960599984923, 33.65987600013348], [-111.18012800008107, 33.65989799988329], [-111.18036999993039, 33.65984599992181], [-111.18061900035072, 33.65979199981353], [-111.1807449998491, 33.6596519998457], [-111.1807869996819, 33.65960499966119], [-111.18085100015433, 33.65953400024062], [-111.18091399990352, 33.65946300001374], [-111.1809569995612, 33.659415999726036], [-111.1810119998128, 33.65935500003022], [-111.18176099982534, 33.65866100001722], [-111.1817800000919, 33.658643000235436], [-111.18318199985752, 33.657419999972156], [-111.18360500035516, 33.657064000282816], [-111.18421999957506, 33.656570000307276], [-111.18428200039767, 33.65651499991659], [-111.18510300038024, 33.65577700008357], [-111.18516299975637, 33.65572400014378], [-111.18526599968854, 33.65563099967674], [-111.18534400040463, 33.65556700034219], [-111.18540600032892, 33.65551500000661], [-111.18552599997953, 33.65541600015803], [-111.18572699982097, 33.655249999922205], [-111.18576600017904, 33.65504900028461], [-111.18579600031627, 33.65489599971006], [-111.18581399985963, 33.65480800004813], [-111.18582200025554, 33.654765999667944], [-111.18580200016405, 33.65463699992094], [-111.18586099971527, 33.65455899968448], [-111.18591500014195, 33.65448600034819], [-111.18599399978466, 33.65437899984684], [-111.18634600013718, 33.65418899990055], [-111.18646400013793, 33.65412599999104], [-111.18672000023098, 33.653948999998505], [-111.18685900014815, 33.6538520000974], [-111.18722200037134, 33.65326200031774], [-111.18725599980819, 33.6531979999692], [-111.1874039999462, 33.65292199983709], [-111.18753199999273, 33.652682999907064], [-111.1875379998405, 33.652672000232215], [-111.18786300042883, 33.65207400015761], [-111.1879529999422, 33.65199299977048], [-111.18815600033179, 33.65181200002389], [-111.18834299992953, 33.65164499978787], [-111.18848000019689, 33.65154200010765], [-111.18931299987501, 33.650915999646806], [-111.18947799973147, 33.650756999722084], [-111.1897830002283, 33.65046200019839], [-111.19063299962485, 33.649633000187436], [-111.19082000012092, 33.64945100016078], [-111.19240500018464, 33.648228000132406], [-111.19305799993771, 33.64774999971351], [-111.19341000029021, 33.647410999720954], [-111.19359600006307, 33.64723199972021], [-111.19411400009692, 33.64677099994302], [-111.1943230003343, 33.64666000022644], [-111.19440600017498, 33.64661599993538], [-111.19442200006847, 33.6466079997441], [-111.19467099959051, 33.64651800015806], [-111.1947600001773, 33.64648600009978], [-111.19487399998012, 33.64644499998437], [-111.19490699959205, 33.64640700011532], [-111.19524700024901, 33.64601599997663], [-111.19529599975449, 33.645959999727246], [-111.1953529996559, 33.64587900031692], [-111.19612900033093, 33.64476400012628], [-111.19685800025198, 33.64388200007943], [-111.19699100032138, 33.64360799973288], [-111.19708699968253, 33.64330900013924], [-111.19734600014861, 33.64304200010976], [-111.19778800001448, 33.642846999665814], [-111.19842099967607, 33.642239999652574], [-111.19936100038262, 33.64121999968314], [-111.19966900035422, 33.64102600024958], [-111.1999560004094, 33.64071000002831], [-111.20028199992433, 33.6402569997637], [-111.2013780002665, 33.63964100017968], [-111.20227200004399, 33.63925800010329], [-111.20391599965893, 33.638518999710634], [-111.20532099979759, 33.63794899979147], [-111.20703999975561, 33.63687800017], [-111.20857799996364, 33.63522499964606], [-111.20871900042896, 33.63507399967809], [-111.20893399961581, 33.634738999784645], [-111.20909199979955, 33.63449199966271], [-111.20944400015206, 33.633499000372424], [-111.20941499983975, 33.6330309996524], [-111.20940300014419, 33.63283799971761], [-111.20922599969386, 33.63246600006483], [-111.209003999936, 33.632000999735276], [-111.20899300006536, 33.631975000307065], [-111.20855600022234, 33.63090599973178], [-111.20847099983354, 33.63043699985698], [-111.20837399974916, 33.629900999865036], [-111.20824099967976, 33.62916600011913], [-111.20824999990059, 33.62890099970549], [-111.20827500001495, 33.62819000013116], [-111.2081519999913, 33.62632799973206], [-111.20794299975393, 33.62591799970592], [-111.20770500010256, 33.62545099976762], [-111.2075390004212, 33.62504799991955], [-111.20752400035259, 33.62499699993804], [-111.20725900003873, 33.624078000246044], [-111.20724099959706, 33.62329899995131], [-111.2072299997264, 33.622810999896615], [-111.20721899985574, 33.622218000230625], [-111.20721200018306, 33.62181699972277], [-111.20738999955998, 33.62108099969335], [-111.20745300020748, 33.620571999863124], [-111.20796899969321, 33.620060000330845], [-111.20828500006068, 33.619775000357315], [-111.20870600001017, 33.61916599975098], [-111.20902999987527, 33.61887400019636], [-111.20913299980744, 33.618803000098744], [-111.2100669997679, 33.6181619999937], [-111.21054799999183, 33.61779799968115], [-111.21110200001073, 33.6173800002948], [-111.21216200036788, 33.616623999813065], [-111.21222400029215, 33.61657999988557], [-111.21318199964374, 33.615741000149676], [-111.2138610002344, 33.61506699974659], [-111.21493300028713, 33.614057999788415], [-111.2154300004046, 33.613390999752625], [-111.21607899995969, 33.6127009997272], [-111.21629800024282, 33.61232700018501], [-111.21648900003852, 33.61200200025921], [-111.21658199992495, 33.61160599981453], [-111.2165660000314, 33.61081400020059], [-111.2165660000314, 33.61039299983642], [-111.21656699985633, 33.609666999915746], [-111.21668200038238, 33.60890799978645], [-111.21668599968203, 33.608882999649836], [-111.21674900032953, 33.60831700003218], [-111.2170919995629, 33.60791200028404], [-111.21808099977493, 33.60733000007978], [-111.21879200015265, 33.606888999934824], [-111.21951100002795, 33.60630999972441], [-111.21982800022036, 33.605990999913885], [-111.21997800000818, 33.6058400003331], [-111.22062699956328, 33.6047839999265], [-111.22065099985274, 33.604748999854564], [-111.22136999972804, 33.60368800012184], [-111.22189299978477, 33.60272299969285], [-111.22205500016648, 33.60244599980933], [-111.22217300016726, 33.602475999818125], [-111.22229100016803, 33.60250500021565], [-111.2224989996822, 33.602556999639916], [-111.2228939996924, 33.60265800034572], [-111.22349799994, 33.602809999858934], [-111.22368700008587, 33.60285700036793], [-111.22424899960234, 33.60311800019712], [-111.22439500009052, 33.603375000125546], [-111.22519599998161, 33.604628999927506], [-111.22535199961719, 33.604748999854564], [-111.22585399975755, 33.604834000325326], [-111.22610499982771, 33.60492099985778], [-111.2263290001337, 33.60518599994802], [-111.2270050003513, 33.6065380000853], [-111.22723999962963, 33.60691599974897], [-111.2275889996091, 33.6071720000327], [-111.22792699971788, 33.60720100034713], [-111.22836100008615, 33.60717399987407], [-111.22872599995912, 33.6070180001343], [-111.22904300015155, 33.6069350001673], [-111.22924700036606, 33.60701399969606], [-111.22935399959785, 33.607198999758225], [-111.22932699983367, 33.60740899999471], [-111.2291949995892, 33.60774099980246], [-111.2292649999094, 33.608064000261045], [-111.23027300038801, 33.60870199982069], [-111.23099899993602, 33.60901199985821], [-111.23194799996512, 33.60950600035604], [-111.23201699956208, 33.609730999698996], [-111.23184800040599, 33.61022499981733], [-111.23185099988072, 33.610620999873056], [-111.23207900038469, 33.61140300030001], [-111.23203199963069, 33.61157300000708], [-111.23167799962835, 33.61190599972904], [-111.23111199991392, 33.612216999702746], [-111.23089099998099, 33.612292000182805], [-111.23077600035327, 33.61240600000946], [-111.23086400021681, 33.61259099972224], [-111.23113600020338, 33.61277400007465], [-111.23128199979323, 33.61295100016847], [-111.23153399968831, 33.613175000019815], [-111.23199900001873, 33.61334200005119], [-111.23257800015196, 33.613441999870346], [-111.2329260003065, 33.6135690002963], [-111.23334200023311, 33.61373500009378], [-111.23368299981664, 33.614095999716966], [-111.23411100033714, 33.61454499982831], [-111.23449799995142, 33.61473599993302], [-111.23545700002626, 33.61519800008113], [-111.23573800023365, 33.615389000234885], [-111.23616300038108, 33.61545099986087], [-111.23693400013492, 33.61542899997458], [-111.23722299983993, 33.615353999979895], [-111.23736799960488, 33.61540099963509], [-111.23757400036752, 33.615795999655816], [-111.23760000030678, 33.616554000291885], [-111.23777699985881, 33.61706199973654], [-111.23813800043214, 33.617543999884106], [-111.23823799999126, 33.61793099994484], [-111.2382499996868, 33.61819699985642], [-111.23835799964183, 33.6184470000654], [-111.23912300044623, 33.618780000159916], [-111.23977000035153, 33.618969000288104], [-111.24023499978361, 33.61918400030601], [-111.2408950001077, 33.6195830000485], [-111.24140800011868, 33.61972400024689], [-111.24190000021326, 33.61974499963596], [-111.24258499975339, 33.619827999985425], [-111.24303099981724, 33.620100000146756], [-111.24316899990949, 33.620462000179316], [-111.24382099983765, 33.62115999972227], [-111.24430500043464, 33.621389999962155], [-111.2449230000276, 33.621410000311734], [-111.24563600005513, 33.62137199986795], [-111.24634099968674, 33.621406999922954], [-111.2467459997427, 33.6214929998055], [-111.2469709998736, 33.621790000087906], [-111.24758299961877, 33.622350999656746], [-111.24790300018425, 33.62251799986029], [-111.24803000040585, 33.62277599966386], [-111.24835400027095, 33.62338699965473], [-111.24882999957369, 33.62385200010607], [-111.24953799957835, 33.62433100013628], [-111.2502249996666, 33.6245109999637], [-111.2506819996011, 33.62452300033777], [-111.25086200042446, 33.62440900008275], [-111.25115899962708, 33.62401299979652], [-111.25185900013413, 33.623156000147965], [-111.25255100024526, 33.622644999628186], [-111.25333899971756, 33.622190999973306], [-111.25420400008103, 33.62188999982919], [-111.25481099980335, 33.62185600009475], [-111.25505100000287, 33.62175899994252], [-111.25509899968344, 33.62163799963052], [-111.25524299962348, 33.621410999693296], [-111.25544400036324, 33.621240999941826], [-111.25570399975594, 33.621127999965466], [-111.25629100028507, 33.62111800013253], [-111.25688799996165, 33.62105999988185], [-111.25728299997185, 33.621002000340056], [-111.25751399995053, 33.620976999971], [-111.25811200035034, 33.621087999878746], [-111.25876799957815, 33.621336999798665], [-111.2592699997185, 33.621746999931545], [-111.2594830001538, 33.62185100022064], [-111.25970400008677, 33.62188299970894], [-111.26072599991078, 33.62221100013702], [-111.26173000019142, 33.62257100004534], [-111.2620580002545, 33.622828000325164], [-111.26240600040904, 33.623004999967286], [-111.26270400033488, 33.62306000007366], [-111.26282999983326, 33.623157000257294], [-111.2628409997039, 33.62343099984678], [-111.26291900042004, 33.623641000181706], [-111.26302499982692, 33.623817999649766], [-111.263276999722, 33.62406699990873], [-111.26359599956422, 33.62433300032762], [-111.26388599999247, 33.624565999856706], [-111.26467900038593, 33.62504799991955], [-111.26486500015876, 33.62583000034356], [-111.26548299975173, 33.626377000277834], [-111.26601300037947, 33.62674599984443], [-111.26663000014752, 33.627098999807366], [-111.26714200033359, 33.62736399978047], [-111.26755599971207, 33.6276289996864], [-111.26793300017893, 33.62793500024588], [-111.26828999965599, 33.6283209999635], [-111.26857099986339, 33.62862600026309], [-111.26880299966699, 33.62877899965594], [-111.26907300000373, 33.62898000004392], [-111.26929499976157, 33.629229000343116], [-111.26936400025686, 33.62956700008115], [-111.26941299976235, 33.62979999966611], [-111.26956799957306, 33.630105999993496], [-111.26973300032782, 33.63060600013963], [-111.26982100019134, 33.63093600030669], [-111.26976400028994, 33.63136299987724], [-111.26974599984827, 33.63163700029442], [-111.2698039995746, 33.63179799964715], [-111.27007599956117, 33.632417999992555], [-111.27036699981429, 33.63299799982214], [-111.27055099993733, 33.6333520003339], [-111.27071499996885, 33.63359400004507], [-111.27126599961467, 33.634100000031665], [-111.2728869996634, 33.63545099986621], [-111.2733799995829, 33.635998000035755], [-111.2734289999867, 33.63619900003184], [-111.27353600011682, 33.63669100034235], [-111.27364400007184, 33.63723800011484], [-111.27365499994251, 33.63746400028769], [-111.27358799999536, 33.63777899976746], [-111.27351199982739, 33.638133000072834], [-111.27360999973668, 33.638448000097], [-111.27384099971536, 33.638649000357844], [-111.27412100009784, 33.63867200022755], [-111.27441900002367, 33.63865499993422], [-111.27466000004807, 33.63865499993422], [-111.27481400003389, 33.63875900000425], [-111.27505500005829, 33.63888800036245], [-111.27527699981616, 33.6388869996879], [-111.27598900001877, 33.63888499983456], [-111.27612399973799, 33.63896599984177], [-111.27618300018752, 33.63913499984237], [-111.2762519997845, 33.63965900019605], [-111.27629100014255, 33.639940999711726], [-111.27639800027268, 33.640084999983394], [-111.27691899978126, 33.64041499972878], [-111.2770059998199, 33.64066399987569], [-111.27706500026945, 33.64092999989795], [-111.27718200044532, 33.641461999720754], [-111.27729799989795, 33.64167900022986], [-111.27743299961718, 33.641792000171606], [-111.27768399968734, 33.641896000192105], [-111.27787700003118, 33.64200799995865], [-111.27834099963837, 33.64249100027432], [-111.27885299982445, 33.64294900014868], [-111.2795189999963, 33.6434309997987], [-111.27957699972264, 33.64358399981383], [-111.27960699985987, 33.64389900008856], [-111.27964600021791, 33.64407599980839], [-111.27975199962482, 33.6441560003018], [-111.28007999968787, 33.644333000241126], [-111.28022500035114, 33.644518000202794], [-111.28025499959004, 33.64478400028374], [-111.2799680004332, 33.64533999965971], [-111.27976699969342, 33.64572000006192], [-111.2797869997849, 33.64586500023573], [-111.28054900021623, 33.646379000122295], [-111.28074199966176, 33.64633799995594], [-111.28094400022644, 33.64637000006925], [-111.28109800021224, 33.646434000260115], [-111.28144600036678, 33.64663499982591], [-111.2815609999945, 33.64660199997406], [-111.28203299999761, 33.64651999983412], [-111.28217699993766, 33.64643900020292], [-111.28228300024287, 33.646480000321226], [-111.28231199965687, 33.64657599971927], [-111.28240899974125, 33.646889999682294], [-111.28249800032802, 33.64743000018384], [-111.28257600014582, 33.647655999778756], [-111.28281700017027, 33.64779199977843], [-111.283115999921, 33.647879999883685], [-111.28324200031768, 33.648104999973164], [-111.28321300000538, 33.64831499997479], [-111.28318500041628, 33.64857300027955], [-111.2832149996552, 33.64872600012988], [-111.28369900025218, 33.64937800023093], [-111.28390099991854, 33.64945800028395], [-111.28431500019533, 33.649520999871434], [-111.28433500028682, 33.64961800016695], [-111.28440300005887, 33.649836000108344], [-111.28448099987668, 33.649981000079215], [-111.2846159995959, 33.65012500000969], [-111.28530000020942, 33.6503089996949], [-111.28545400019522, 33.650300999846785], [-111.28560900000592, 33.65038899963043], [-111.285792000304, 33.650613999891675], [-111.28593700006896, 33.650839000312544], [-111.28611199997115, 33.65118600003124], [-111.28627699982758, 33.65145899965852], [-111.28658599962408, 33.65171599973527], [-111.28719300024471, 33.652021000180625], [-111.28730000037483, 33.6521899999792], [-111.28727199988742, 33.65243199983862], [-111.28714700021396, 33.65263400012102], [-111.28683000002155, 33.65284400028955], [-111.28657099955547, 33.65308700031506], [-111.28647600001923, 33.65332899989555], [-111.28648699988989, 33.65380399998261], [-111.28668100005864, 33.65414999996202], [-111.2868269996485, 33.65457700032049], [-111.28677999979284, 33.65488399982943], [-111.28674200015801, 33.65515000003095], [-111.28672399971636, 33.655424000278416], [-111.2866280003552, 33.65556899980807], [-111.28619700035998, 33.656320000083525], [-111.28618800013915, 33.656570000307276], [-111.28624699969036, 33.656883999702885], [-111.2864040000492, 33.65720000037158], [-111.28642199959255, 33.65723599978733], [-111.28647299964618, 33.65734100030266], [-111.28649000026293, 33.657375000235554], [-111.28680999993009, 33.658197000286556], [-111.28698400000734, 33.65838099991187], [-111.28718700039691, 33.6586149997367], [-111.28760300032354, 33.658967999910686], [-111.2881230000072, 33.65892699975938], [-111.28879699967668, 33.6590300003213], [-111.28908600027998, 33.65898099966281], [-111.28936499993924, 33.659004000082184], [-111.28987600030042, 33.65920500020205], [-111.29019500014265, 33.65946200032608], [-111.29037699971752, 33.65936499990979], [-111.29075300035947, 33.659355999719175], [-111.29287499982532, 33.65996300016482], [-111.29315400038287, 33.660083000037936], [-111.29327099966044, 33.66025199970622], [-111.293578999632, 33.66044500024867], [-111.2938110003339, 33.66055699980707], [-111.29482300011217, 33.660764000316235], [-111.29503499982428, 33.66086799984586], [-111.2951129996421, 33.66115000016658], [-111.29546099979663, 33.66148800021346], [-111.29610900042516, 33.66192899976246], [-111.29712200002834, 33.66261999988441], [-111.29745900031223, 33.662788999803155], [-111.29788399956135, 33.66319899997841], [-111.29824199976163, 33.66347999974686], [-111.29862699972611, 33.66358399973179], [-111.2995139998309, 33.66382300004025], [-111.29974599963448, 33.66409700033404], [-111.29986299981036, 33.66440299989252], [-111.30025899964548, 33.664684000214336], [-111.30062699989152, 33.66513400016408], [-111.30070499970934, 33.66546499994378], [-111.30087999961151, 33.665900000120885], [-111.30101500022904, 33.66610099983091], [-111.30109399987175, 33.66643899986526], [-111.30121000022271, 33.666769000254284], [-111.30135499998767, 33.66693800024655], [-111.30171300018795, 33.667259999702104], [-111.30172300023371, 33.667484999962255], [-111.30181100009723, 33.66779100017901], [-111.30185100028022, 33.66804099996832], [-111.3019769997786, 33.668299000197244], [-111.30247899991892, 33.668725000289676], [-111.30283700011923, 33.66914300017585], [-111.30295299957186, 33.6693279998884], [-111.3029919999299, 33.66953700011541], [-111.30315699978635, 33.669705999902625], [-111.30331099977215, 33.66984299976067], [-111.3037369997445, 33.67028500015056], [-111.30392099986751, 33.670711000125706], [-111.30406700035572, 33.67100899991401], [-111.30421299994556, 33.671403000276854], [-111.30528499999828, 33.672109999933774], [-111.30558299992413, 33.67214899995509], [-111.30601700029239, 33.67211600016821], [-111.30623800022532, 33.67203499995813], [-111.30658499965665, 33.67204999980894], [-111.30679700026707, 33.67208200008008], [-111.30712500033013, 33.67222599965766], [-111.30766599993021, 33.67271599981974], [-111.30785000005322, 33.67305400002545], [-111.30788900041127, 33.673263999696516], [-111.30811199999403, 33.673617999839514], [-111.30831500038363, 33.67367400003275], [-111.30869000030236, 33.673697000261754], [-111.30916300013038, 33.6738569999293], [-111.30923199972733, 33.674315999856134], [-111.30972600037008, 33.67493599973585], [-111.31006399958055, 33.675167999626694], [-111.31026699997015, 33.67544199966483], [-111.310460000314, 33.67556200037241], [-111.3108750004157, 33.67584300012206], [-111.31118400021218, 33.67605200021565], [-111.31158099987222, 33.676551000144606], [-111.31205600024838, 33.67725099998551], [-111.31259799967336, 33.6779990002068], [-111.31328499976162, 33.6787950003032], [-111.31359500028132, 33.67931799968981], [-111.31368300014488, 33.67960800018829], [-111.31372300032785, 33.680205000057974], [-111.3138110001914, 33.6804700002669], [-111.31401399968266, 33.68070399980616], [-111.31425600043032, 33.6809119998587], [-111.31490300033559, 33.681393999914945], [-111.31521899980478, 33.68154600027791], [-111.31524300009423, 33.681558000177056], [-111.31531400023934, 33.681592000256074], [-111.31533699980557, 33.68160299997096], [-111.31615799978813, 33.68206799995037], [-111.31775000042285, 33.68284599980058], [-111.31835899979498, 33.68301099969685], [-111.3183959996049, 33.68302099981627], [-111.31866599994164, 33.683084999656195], [-111.31900400005046, 33.683229000243045], [-111.31920700044003, 33.68332499975273], [-111.32022900026406, 33.683443999767064], [-111.32053800006054, 33.68352300013156], [-111.32082699976554, 33.683684000356294], [-111.32140599989876, 33.683939999698175], [-111.3225060004389, 33.68436399975763], [-111.32290100044912, 33.68444400016899], [-111.32345999959253, 33.684579000180385], [-111.3236250003473, 33.68465100000015], [-111.32388399991507, 33.68461000013095], [-111.32424100029044, 33.684569000242206], [-111.32455900030776, 33.68456800009883], [-111.32470300024781, 33.68451100012916], [-111.3247800002407, 33.6844149997014], [-111.32535699982579, 33.68429199969747], [-111.32567499984312, 33.68425900008579], [-111.326012000127, 33.684378999700286], [-111.32613900034859, 33.68464499989291], [-111.32622800003706, 33.68526500004115], [-111.32634500021292, 33.685579000086165], [-111.32641200016008, 33.68561900010947], [-111.32686499989661, 33.6856420001332], [-111.32707099976092, 33.685685999901374], [-111.3272799999983, 33.68572999964701], [-111.32773299973485, 33.68600999967514], [-111.32781099955264, 33.68621999984522], [-111.3278509997356, 33.686461999654036], [-111.32792899955341, 33.6866309998146], [-111.328905000245, 33.68748200002743], [-111.32918499972915, 33.68760199962728], [-111.32950299974647, 33.68773900012428], [-111.33076700031815, 33.68823499993879], [-111.33121099983384, 33.68832199968809], [-111.33139400013195, 33.68833799978702], [-111.33142300044425, 33.68843400031819], [-111.33153200022421, 33.68910300001449], [-111.33171700017213, 33.689651000091324], [-111.33191999966341, 33.68989999977918], [-111.33244199989522, 33.69041399969291], [-111.33261599997249, 33.69057499971704], [-111.33280900031635, 33.69065500032725], [-111.33298400021853, 33.6908640002898], [-111.33381799972156, 33.6922809997847], [-111.33387600034618, 33.69247400020415], [-111.33381199987379, 33.69313500024209], [-111.33385299988167, 33.69391700021519], [-111.33386399975231, 33.694222999794796], [-111.33382699994239, 33.69457000014902], [-111.33382899959223, 33.6950529998753], [-111.33382100009462, 33.695416000143375], [-111.3341220003935, 33.69621399966534], [-111.3341519996324, 33.69629400025768], [-111.33449200028934, 33.697033999963324], [-111.33453699959686, 33.69713699972919], [-111.33470599965128, 33.69752499998062], [-111.33503500043756, 33.69794400034737], [-111.33526700024116, 33.69812800013569], [-111.33534500005896, 33.69832999997753], [-111.33539399956445, 33.69855499964923], [-111.33550099969457, 33.69869999970673], [-111.33581000038937, 33.69883599972382], [-111.33581899971189, 33.69891700009331], [-111.33578199990195, 33.699062000287256], [-111.33574300044224, 33.69917500034603], [-111.33583100030577, 33.699473000125494], [-111.33588800020719, 33.69962000006491], [-111.33602600029944, 33.69997999983031], [-111.33612400020871, 33.700261999689054], [-111.33618500030809, 33.70058499985813], [-111.33622200011803, 33.700777000354904], [-111.33640600024104, 33.70103500025334], [-111.33701499961316, 33.70150099967627], [-111.33747900011868, 33.701830000073606], [-111.33759499957131, 33.70203100023915], [-111.33771199974717, 33.70214600000714], [-111.33832100001763, 33.702746000068714], [-111.33829300042855, 33.70290800008429], [-111.33815000031339, 33.70345600030797], [-111.3380649999246, 33.703771000318895], [-111.33803599961227, 33.70390799969982], [-111.33803800016041, 33.70423799976092], [-111.3380440000082, 33.70435500013711], [-111.33806300027477, 33.704709000036665], [-111.33806900012256, 33.704826999678986], [-111.33813900044274, 33.705317999996595], [-111.33814000026766, 33.705559999829795], [-111.33789199967222, 33.70627799984962], [-111.33757799985288, 33.707367000240524], [-111.33744599960839, 33.708051999910644], [-111.3373610001179, 33.70832700035771], [-111.3371779998198, 33.70855299986482], [-111.3370439999255, 33.70866600014266], [-111.3370160003364, 33.70898900009711], [-111.33709400015421, 33.709077000362264], [-111.3371369998119, 33.70908300025818], [-111.33742200021727, 33.70912500026513], [-111.33755699993648, 33.70918099974423], [-111.33757100018016, 33.709226000019754], [-111.33773299966357, 33.70976799969274], [-111.33795500031974, 33.70998499976935], [-111.33810099990961, 33.71037999992694], [-111.3381700004049, 33.710573000041315], [-111.33814500029054, 33.71157300008791], [-111.33822399993325, 33.712088000190874], [-111.33825400007048, 33.712378999775716], [-111.3383620000255, 33.71283699966713], [-111.33842999979757, 33.71303800022843], [-111.3385369999277, 33.713222999626666], [-111.3385369999277, 33.71337600029002], [-111.33847099980545, 33.7136419996417], [-111.33856799988983, 33.71461699974841], [-111.33857600028576, 33.71469800018114], [-111.33857899976049, 33.71475699988552], [-111.33857100026289, 33.714817999879195], [-111.33862399996632, 33.71570499997435], [-111.3386149997455, 33.71589899985478], [-111.33849300044507, 33.71624699985134], [-111.33848199967612, 33.7162780003323], [-111.33829699972819, 33.71646700005765], [-111.33830599994901, 33.71650300006493], [-111.3383109999719, 33.71658599975433], [-111.33830000010123, 33.71666600005421], [-111.3382830003828, 33.716720000307866], [-111.33818700012333, 33.71694099981597], [-111.3381350002448, 33.717074999815495], [-111.33808400019116, 33.71715900021037], [-111.33800700019827, 33.717247000322416], [-111.33797299986308, 33.71728099973021], [-111.33794899957364, 33.7173219997014], [-111.33793699987807, 33.71737099998759], [-111.33794500027399, 33.71743000009681], [-111.33800700019827, 33.717610999963625], [-111.33804200035837, 33.717688999792706], [-111.33808199964304, 33.71777700010874], [-111.33810500010756, 33.717866000090375], [-111.33811400032839, 33.717951000213354], [-111.3381150001533, 33.71801999970634], [-111.33812000017618, 33.71834799984045], [-111.33812000017618, 33.718388000299576], [-111.33812000017618, 33.71840000028424], [-111.33812000017618, 33.71841399976608], [-111.33812000017618, 33.718430999987795], [-111.33812000017618, 33.718449999704184], [-111.33812000017618, 33.718470999661044], [-111.3381210000011, 33.71849300010855], [-111.33812500019904, 33.718676000215844], [-111.33810400028267, 33.71875300007903], [-111.33809400023691, 33.71876899974113], [-111.33806699957441, 33.718814999967236], [-111.33797700006104, 33.71892599995651], [-111.33795699996956, 33.718951000264134], [-111.33792000015964, 33.718989000209675], [-111.33788599982444, 33.71902400016434], [-111.33775199993013, 33.71913799985361], [-111.33772500016596, 33.71916000013013], [-111.33765300019596, 33.719203999919124], [-111.33760399979214, 33.71922499969161], [-111.33756000030951, 33.71924499971916], [-111.33746900007293, 33.71926900019442], [-111.33744300013366, 33.719272999899395], [-111.33741100034662, 33.71927800009076], [-111.33737899966124, 33.71929200017663], [-111.33735299972199, 33.719303000295874], [-111.33730099984344, 33.719346000273006], [-111.33728900014788, 33.71936400004847], [-111.33727699955399, 33.71938199982022], [-111.33725300016286, 33.71942900020269], [-111.33724399994205, 33.71942199979757], [-111.3370589999941, 33.719281999795264], [-111.33695299968889, 33.71954000014522], [-111.33663700021971, 33.72000699976538], [-111.3363970000202, 33.720257999841124], [-111.33636900043112, 33.72035500029591], [-111.33648499988375, 33.72041099992317], [-111.33668599972519, 33.72051600024659], [-111.33717000032217, 33.720885000321665], [-111.33742200021727, 33.721125000187385], [-111.33752000012656, 33.721157000118765], [-111.33754100004295, 33.72116399963521], [-111.33799999962726, 33.721310000092906], [-111.33829000005548, 33.72137399980586], [-111.33849400026999, 33.721550000264784], [-111.33861999976838, 33.721714000095936], [-111.33865300027865, 33.7217570003597], [-111.33865999995133, 33.72176599999515], [-111.338670999822, 33.72177999967528], [-111.33878499962482, 33.72192799999665], [-111.33901700032672, 33.72196699982684], [-111.3393339996208, 33.72195800021247], [-111.33998100042442, 33.72235099967992], [-111.34012700001428, 33.72263300005409], [-111.34016600037234, 33.72289899986533], [-111.34022200044885, 33.72294099983879], [-111.34025199968775, 33.7229389996982], [-111.34030299974138, 33.722947000260255], [-111.34036200019092, 33.72296900030784], [-111.3403749997114, 33.72297700011994], [-111.34038999978002, 33.72298700007081], [-111.34042699958994, 33.72302199988974], [-111.3404380003589, 33.72303300027818], [-111.34046500012309, 33.723080000155974], [-111.3404810000166, 33.72313199997492], [-111.34048199984153, 33.723195000129984], [-111.34045799955209, 33.7234720000261], [-111.34045599990225, 33.72350500026702], [-111.34047299962069, 33.7235479996336], [-111.34049600008524, 33.72357399977883], [-111.34051399962858, 33.72358500009653], [-111.34056700023034, 33.72359799979094], [-111.3405799997508, 33.72359900022715], [-111.34059700036755, 33.72359999991619], [-111.34064000002526, 33.72360200004139], [-111.3407349995615, 33.72359299985122], [-111.34079599966087, 33.72359999991619], [-111.34085599993534, 33.72362100010757], [-111.34089299974526, 33.72364500010654], [-111.34091000036202, 33.72365599966798], [-111.34096999973816, 33.723721000308025], [-111.3410070004464, 33.72377400017276], [-111.34101300029417, 33.723781999909896], [-111.34118200034857, 33.72375799994923], [-111.34148899959692, 33.723789999646215], [-111.34164500013082, 33.72399899968534], [-111.34182900025385, 33.724127000283865], [-111.34196399997307, 33.72424000023911], [-111.34237800024987, 33.724278999766], [-111.34247500033423, 33.724238000128835], [-111.34255200032712, 33.72418200000959], [-111.34271600035866, 33.72415699973107], [-111.34289999958337, 33.724276999656574], [-111.34317199956993, 33.724590999825935], [-111.34346100017324, 33.724726999937715], [-111.34362600002969, 33.724839000175656], [-111.34367399971026, 33.72498399993969], [-111.34370399984749, 33.72513699981674], [-111.3437049996724, 33.725299000180385], [-111.34379300043426, 33.72562900022427], [-111.34402500023785, 33.72598299983891], [-111.34417099982771, 33.726232000307654], [-111.34422000023152, 33.72650599965563], [-111.34416699962976, 33.72677899997108], [-111.34416599980484, 33.726808999985636], [-111.34415599975911, 33.726817000186976], [-111.34418500007142, 33.727239999684556], [-111.34419500011717, 33.7273120003611], [-111.34426299988924, 33.7274010001696], [-111.3445209996321, 33.72737200000709], [-111.34478299957291, 33.727342999834775], [-111.34511999985679, 33.727397999741015], [-111.34526499962175, 33.72751900000845], [-111.34542100015568, 33.727759999643744], [-111.34561399960121, 33.72784800009524], [-111.34595199971001, 33.727992000367706], [-111.34605800001522, 33.72814500011229], [-111.34605899984014, 33.72830599964669], [-111.34602100020531, 33.72847600005226], [-111.34606999971079, 33.7286209996486], [-111.34615699974943, 33.72871699998856], [-111.34662999957743, 33.72884500027475], [-111.34674599992839, 33.728997999992835], [-111.34678500028646, 33.72919100009286], [-111.34677699989052, 33.72940900000903], [-111.3470480000522, 33.729795000167655], [-111.34743399984156, 33.72995499997994], [-111.34787800025559, 33.73001800035647], [-111.34812299957964, 33.730290000348276], [-111.34840600033517, 33.73054399980942], [-111.34883200030752, 33.73066199980924], [-111.34921200024914, 33.73106999977364], [-111.34937700010556, 33.73117400015745], [-111.34949299955821, 33.731308999950485], [-111.34949500010634, 33.73132700020569], [-111.34949699975617, 33.731346999654654], [-111.34950699980192, 33.73137099973446], [-111.34951099999986, 33.73137999985602], [-111.34951799967256, 33.73138799963124], [-111.3495400003122, 33.73141300004464], [-111.34957700012211, 33.731435000163316], [-111.34966199961261, 33.731474000156155], [-111.3497450003516, 33.73153100034362], [-111.34979200020726, 33.731578000050334], [-111.34979899987995, 33.731585000211076], [-111.34983499986497, 33.73163199988815], [-111.34988400026877, 33.731687999628804], [-111.34999499969855, 33.73162400013569], [-111.35014000036182, 33.731687999628804], [-111.35058600042564, 33.73217000020773], [-111.35073000036567, 33.732226000344305], [-111.35126900031595, 33.73208800023528], [-111.35139900001228, 33.73197500015393], [-111.35141900010377, 33.73195800037343], [-111.35142800032462, 33.73194999990426], [-111.35154799997521, 33.73184599971386], [-111.3516249999681, 33.73186100033095], [-111.35175999968732, 33.731933999710776], [-111.35177099955797, 33.73211799988806], [-111.35186799964234, 33.732174000058635], [-111.35210000034424, 33.732206000353116], [-111.35230200001064, 33.73228600029003], [-111.35244699977557, 33.73240699964206], [-111.35245799964622, 33.732672000207636], [-111.3523370001707, 33.732808000213964], [-111.3518440002512, 33.733366999931555], [-111.3518440002512, 33.733456000184], [-111.35191200002328, 33.73351999980482], [-111.35221099977402, 33.73344299974153], [-111.35225400033003, 33.73343199994034], [-111.3522650002007, 33.733428999722626], [-111.352286999942, 33.73342300003401], [-111.35233799999563, 33.73341499970143], [-111.35237599963045, 33.73340900001178], [-111.35241400016362, 33.733403000321765], [-111.35245099997353, 33.73339699988425], [-111.35250700005002, 33.73338900029633], [-111.35266299968563, 33.733365000033935], [-111.35292299997666, 33.733363999711564], [-111.35303500012964, 33.73327300021101], [-111.3530970000539, 33.73322299971368], [-111.35332700020768, 33.7330329999488], [-111.3536729998141, 33.73287800004527], [-111.3540390004103, 33.73287699971722], [-111.35440599993309, 33.73293300013952], [-111.35483100008054, 33.73324599969211], [-111.35496699962466, 33.733584000124964], [-111.35512300015859, 33.73402000024192], [-111.35518000005999, 33.734106999936685], [-111.3552009999764, 33.734165999748164], [-111.35520799964908, 33.734227999709006], [-111.3552009999764, 33.73428700018435], [-111.35519599995352, 33.73429999975186], [-111.3551249998084, 33.734501000111976], [-111.3551239999835, 33.73456799987839], [-111.35513599967905, 33.73462899998813], [-111.3551659998163, 33.73469500009475], [-111.35524299980919, 33.73480899988776], [-111.35528999966485, 33.734861000070666], [-111.35531200030448, 33.7348849999146], [-111.35537800042671, 33.73494299963424], [-111.355404000366, 33.73496200017786], [-111.35551200032103, 33.735023000007494], [-111.35558400029103, 33.73507899977618], [-111.35559199978864, 33.73509099966852], [-111.35562600012383, 33.73513700011174], [-111.35563899964431, 33.73517000034951], [-111.35564600021533, 33.735185999939574], [-111.35565399971291, 33.735247000357006], [-111.35566299993376, 33.7354169997117], [-111.3558140004448, 33.735434999852124], [-111.35589200026261, 33.73559599990291], [-111.35586299995029, 33.735749000283704], [-111.35573099970581, 33.73606699998251], [-111.35570099956858, 33.73613899997621], [-111.3556939998959, 33.7361559996754], [-111.35568200020035, 33.73618499985755], [-111.35567600035255, 33.73620700024679], [-111.35566299993376, 33.73623000017231], [-111.35565000041328, 33.73624100036185], [-111.35556800039751, 33.73645999983536], [-111.35557800044326, 33.73660500013427], [-111.35570499976657, 33.73708800026387], [-111.35572800023108, 33.73782899982126], [-111.35575699964507, 33.73803099965197], [-111.35581600009463, 33.738126999922486], [-111.35599900039273, 33.7382070003149], [-111.35608600043138, 33.738328000281086], [-111.35618400034066, 33.73865800027218], [-111.35629099957247, 33.73883499990735], [-111.35650300018288, 33.73889899999785], [-111.35676299957558, 33.73906600031263], [-111.3567860000401, 33.739080999667436], [-111.35784600039727, 33.73976500002991], [-111.35802999962198, 33.739926000171906], [-111.35813699975209, 33.740183999718326], [-111.3582149995699, 33.7403690003718], [-111.35881399979459, 33.74075400029104], [-111.35934500024726, 33.74097000024187], [-111.35993400042624, 33.74108900032823], [-111.36085099976995, 33.741215000371575], [-111.36185300040079, 33.741235999987296], [-111.36193100021859, 33.74130100001029], [-111.36199899999065, 33.74146999983956], [-111.36204800039445, 33.74171099988209], [-111.3625029997808, 33.74201600000039], [-111.3633039996719, 33.742198999999026], [-111.36401699969942, 33.74230200012042], [-111.36453800010632, 33.74240500011814], [-111.36485699994854, 33.74246100029704], [-111.3650019997135, 33.742589000248636], [-111.36522299964645, 33.74254799964882], [-111.36550200020402, 33.74239399997199], [-111.3656560001898, 33.74231300027836], [-111.3658870001685, 33.7423279998124], [-111.36640000017947, 33.742746000214304], [-111.36699199983316, 33.74371900022955], [-111.36723500040574, 33.74412999994474], [-111.36741899963043, 33.744250000324314], [-111.36767999974633, 33.74428999991557], [-111.36820000032833, 33.74419900005281], [-111.3683650001848, 33.74427900001117], [-111.36875099997415, 33.74443099965177], [-111.37019899977052, 33.74498300001262], [-111.37117399973887, 33.74519000035242], [-111.37166500000856, 33.745275999740485], [-111.37195399971354, 33.745243999839275], [-111.37213700001165, 33.74521099974195], [-111.37249600003685, 33.74550800016101], [-111.37296899986487, 33.74613600008238], [-111.37304900023082, 33.74643999998157], [-111.37305099988063, 33.746883000151044], [-111.37300300020004, 33.74707699976952], [-111.37291799981125, 33.74721000035941], [-111.37283099977259, 33.747345000314795], [-111.37283199959751, 33.747553999749066], [-111.37286199973475, 33.74774699993583], [-111.37252699999898, 33.74832100013797], [-111.3725279998239, 33.74852199976379], [-111.3726540002206, 33.74865099977709], [-111.37278100044222, 33.749086000111156], [-111.3730140000707, 33.749343000351594], [-111.37469399967065, 33.74984499994809], [-111.37515700035125, 33.74986799995146], [-111.3754069996982, 33.74984299968775], [-111.37568700008067, 33.74981599990264], [-111.37570299997421, 33.74981300025794], [-111.37644600013896, 33.74967000014271], [-111.37663000026197, 33.74963399985673], [-111.37707899980055, 33.749453000306296], [-111.3778150002926, 33.749000000062125], [-111.37798799964663, 33.74889299995021], [-111.37882500042106, 33.74881299981421], [-111.3795390002735, 33.74889900005078], [-111.3799540003752, 33.74890500015092], [-111.38015500021665, 33.74878500030919], [-111.3801739995849, 33.748755999905185], [-111.38019299985147, 33.74872799963467], [-111.38022600036174, 33.748679000072805], [-111.38042499965506, 33.74838700016742], [-111.38052000008963, 33.74803200021453], [-111.38066300020475, 33.747837999768684], [-111.38087499991686, 33.74768399988006], [-111.38113600003278, 33.747658999726504], [-111.38173500025749, 33.74789799999963], [-111.38254799984414, 33.748369999904405], [-111.38300200030389, 33.74852900003585], [-111.38340800018474, 33.7486080002922], [-111.38406400031087, 33.74869399998735], [-111.38506000019562, 33.74902800024388], [-111.38600800039978, 33.74954000003472], [-111.38650100031929, 33.74982799997412], [-111.3868119997656, 33.75004400022757], [-111.38659599985553, 33.75053199998645], [-111.38666199997778, 33.75089600036141], [-111.38665100010711, 33.751073000137204], [-111.3865730002893, 33.75126599987298], [-111.38636900007481, 33.75149199985509], [-111.38623099998254, 33.75186999988846], [-111.38625799974673, 33.75228200022803], [-111.38636300022702, 33.752531999907724], [-111.38631299999831, 33.75284699984049], [-111.38617599973097, 33.753121000083404], [-111.38595399997311, 33.753127999979974], [-111.38524799961829, 33.7531579997438], [-111.38484199973742, 33.75318900033513], [-111.38458999984233, 33.753308999988825], [-111.38441400011524, 33.75363099991013], [-111.38432399970357, 33.75415600014361], [-111.38410799979347, 33.75484899968194], [-111.38380499984477, 33.75554100027681], [-111.38352199998756, 33.75604000000918], [-111.38330699990242, 33.75648299987613], [-111.38326699971944, 33.756765000097815], [-111.38325599984879, 33.756983000147244], [-111.38318700025182, 33.75719199998933], [-111.38283800027234, 33.75746599978941], [-111.38256499956256, 33.75782000022973], [-111.38235000037571, 33.75824700009427], [-111.3823279997361, 33.75864199994306], [-111.38241200030001, 33.75925499971181], [-111.38250600001132, 33.75965100015947], [-111.38274600021084, 33.7599979997098], [-111.38237700013991, 33.7603760003289], [-111.38220100041282, 33.76069099982041], [-111.38216100022984, 33.760956999634665], [-111.3825520000421, 33.761796999721064], [-111.38330000022972, 33.76279099970644], [-111.38469100012466, 33.76289299976054], [-111.38594700030042, 33.76292099988596], [-111.38655499984763, 33.763043000058865], [-111.38697999999509, 33.763101000153576], [-111.38712399993513, 33.763230999862884], [-111.38719000005737, 33.76357000009593], [-111.38699099986574, 33.76425400004616], [-111.38705699998798, 33.7642629997045], [-111.38716800031607, 33.7642629997045], [-111.38717699963857, 33.764401000321804], [-111.38730899988306, 33.764611999916056], [-111.38732200030185, 33.76465299967427], [-111.38742299968588, 33.764975000299344], [-111.38763299974815, 33.76540300031503], [-111.38786200007702, 33.76590400002571], [-111.38820799968343, 33.76622800030921], [-111.38837099989004, 33.76642999970934], [-111.38852499987583, 33.76666500019416], [-111.38844600023312, 33.766946999775946], [-111.38839299963135, 33.76720899987991], [-111.38836599986719, 33.76734399970909], [-111.38832700040741, 33.76747600029896], [-111.38826799995788, 33.76766400008651], [-111.3883259996842, 33.76824599993613], [-111.38834199957772, 33.76839900031436], [-111.38846499960137, 33.76865700006994], [-111.38854499996732, 33.76870299968422], [-111.38870899999884, 33.76879899996862], [-111.3889740003127, 33.76926399973064], [-111.38911700042786, 33.7695630002649], [-111.38930900004847, 33.77004699985242], [-111.3893740003458, 33.770410000362446], [-111.38937099997275, 33.770806999933114], [-111.3890089995745, 33.771278000026854], [-111.38816800039876, 33.77207099986842], [-111.38746299986883, 33.772534999929576], [-111.38743699992958, 33.77255199988089], [-111.3868839997356, 33.77284799981001], [-111.38661299957397, 33.773001000184806], [-111.38655300019784, 33.77321499983093], [-111.38678400017652, 33.77363699989758], [-111.38689100030662, 33.773812000058655], [-111.38707600025455, 33.77410700026771], [-111.38742699988383, 33.77450600031391], [-111.3880589997205, 33.77486499975356], [-111.3884670001495, 33.77524000025941], [-111.38883200002249, 33.775587999989185], [-111.3890920003135, 33.77579799983733], [-111.3893600001021, 33.776130000125775], [-111.38944399976768, 33.776662999971556], [-111.38929999982764, 33.77690299983769], [-111.38911300022988, 33.7772179998083], [-111.38892599973383, 33.77766999971475], [-111.38883100019758, 33.77785199996823], [-111.38856500005879, 33.778370000353824], [-111.3881569996298, 33.77895599981593], [-111.3877559997718, 33.77957899995039], [-111.38749100035625, 33.78006000036766], [-111.38692700029164, 33.78059599971354], [-111.38683400040522, 33.780689999824276], [-111.38656099969542, 33.7809669999557], [-111.3862970001048, 33.781234999823205], [-111.38584000017029, 33.78171800016368], [-111.38575899997944, 33.782225999805725], [-111.38568899965924, 33.78263700007126], [-111.38557099965847, 33.78303200023897], [-111.38546400042667, 33.783185000343686], [-111.38437999978005, 33.78347200023719], [-111.3839529999828, 33.783663999704494], [-111.38357600041425, 33.783662999968904], [-111.38315999958932, 33.78371000022068], [-111.38270500020298, 33.7839029996337], [-111.38206400014546, 33.78437600034845], [-111.38178200011313, 33.78470600004657], [-111.3814130000422, 33.78501999997234], [-111.38119899978197, 33.785229000124076], [-111.38121800004853, 33.785390000000284], [-111.38187199962651, 33.78594099970218], [-111.38190000011393, 33.78606200024056], [-111.38180200020464, 33.78624699969653], [-111.38161700025671, 33.786497000344184], [-111.38164499984582, 33.78669000019558], [-111.38182800014391, 33.786859999835926], [-111.38229900032209, 33.7871930002439], [-111.38270299965484, 33.787548999700654], [-111.38278899986857, 33.78779099979501], [-111.38279700026447, 33.78812999990928], [-111.38238800001056, 33.78859700011289], [-111.38182499977086, 33.78907099995636], [-111.38149500005797, 33.7892630003086], [-111.38140700019443, 33.78946499989559], [-111.38119200010927, 33.789842999675635], [-111.38046300018821, 33.79051900017366], [-111.37993900030658, 33.7908320000355], [-111.37958000028138, 33.79112899990059], [-111.37928700037841, 33.791556000259106], [-111.37890900008662, 33.79187700016664], [-111.37897299966073, 33.79244200002239], [-111.37894300042184, 33.79269999978008], [-111.37868999980353, 33.79290099984244], [-111.37849499980986, 33.79316699969346], [-111.37850200038086, 33.7937149997674], [-111.37892199960713, 33.79459600005044], [-111.37949800026561, 33.79533999999588], [-111.37980500041226, 33.79573600013552], [-111.3803639995557, 33.79602000024627], [-111.38083700028203, 33.796109999995394], [-111.38107699958324, 33.79642599982493], [-111.38165400006663, 33.79703299978276], [-111.38185400008317, 33.79746899970957], [-111.38216200005476, 33.797655000218136], [-111.3826730004159, 33.797987999697774], [-111.38350100007118, 33.79853100021328], [-111.38368299964606, 33.7987729998722], [-111.38373799989762, 33.799305999878975], [-111.38386000009638, 33.799967999952216], [-111.38435100036605, 33.80040399985817], [-111.38482400019407, 33.80059900028038], [-111.38532499961116, 33.800567999672545], [-111.38561500003941, 33.80063399977316], [-111.38596999986663, 33.80127200011237], [-111.3861509996166, 33.80178099971581], [-111.38636300022702, 33.801966999811455], [-111.3866989997877, 33.802242000002806], [-111.38684299972773, 33.80257400003632], [-111.38693800016229, 33.80286399990658], [-111.38716900014097, 33.8030179999118], [-111.38772800018272, 33.80306000020441], [-111.38791200030573, 33.803213999856915], [-111.38798699975048, 33.803401000075475], [-111.38805500042085, 33.80356999987353], [-111.38819799963767, 33.80401399980668], [-111.3883890003317, 33.80432900007205], [-111.3883759999129, 33.80498200024872], [-111.3883259996842, 33.80535300007486], [-111.38797599987983, 33.8055619998541], [-111.38746200004393, 33.80585099982572], [-111.38725799982943, 33.806011999735276], [-111.38706299983578, 33.80642199980597], [-111.3868839997356, 33.80717999987896], [-111.38681500013865, 33.80748700029535], [-111.3867070001836, 33.807776999937104], [-111.3863470003335, 33.80821900004334], [-111.38605500025545, 33.8085010001474], [-111.38599499998098, 33.8088470001752], [-111.38585799971365, 33.809177999776736], [-111.38552600035094, 33.809653000034295], [-111.38523400027289, 33.80997399999581], [-111.38508699995978, 33.81030499971561], [-111.38498900005051, 33.81067600034643], [-111.38509299980758, 33.811103000221706], [-111.38538400006072, 33.811654000118864], [-111.38542400024369, 33.811734999953586], [-111.38543099991638, 33.811750000025135], [-111.38544199978703, 33.81177199967747], [-111.38544099996211, 33.811781000313914], [-111.38543500011434, 33.81182000032427], [-111.38531700011357, 33.81213799991702], [-111.38525600001421, 33.81220900004723], [-111.38522400022714, 33.81231500005846], [-111.38521500000631, 33.812346000142504], [-111.38520499996058, 33.81238800033479], [-111.38509399963249, 33.81254399990884], [-111.38508699995978, 33.81259200012246], [-111.38509899965536, 33.81270100008766], [-111.38512399976972, 33.81280399981072], [-111.38511600027212, 33.81284400024222], [-111.38506699986831, 33.812886000190005], [-111.38494800004263, 33.81296500007147], [-111.38491500043065, 33.8129810000669], [-111.38488600011834, 33.81304000007091], [-111.38487299969955, 33.81307900025368], [-111.38485099995823, 33.81310299984054], [-111.38480699957731, 33.81317899985627], [-111.38479300023194, 33.81322899998695], [-111.38476899994248, 33.813413999693836], [-111.38472999958441, 33.813495000101156], [-111.38464099989596, 33.81355999980132], [-111.38461499995668, 33.81357900008325], [-111.38460999993383, 33.813609000323446], [-111.38460499991095, 33.81364200020232], [-111.3845949998652, 33.81370300001271], [-111.38458800019252, 33.81374300002379], [-111.38451200002453, 33.81419499967064], [-111.38445500012311, 33.81453800018984], [-111.384123999687, 33.814811000046554], [-111.38403699964839, 33.815041000047984], [-111.38397700027224, 33.815198000122116], [-111.3839549996326, 33.815713999738236], [-111.38409799974775, 33.816190999734495], [-111.38429000026667, 33.81637699985246], [-111.38424099986287, 33.816489999867045], [-111.38390100010425, 33.81675500019411], [-111.38367799962319, 33.81679400017572], [-111.38328199978807, 33.816679999720115], [-111.38259700024794, 33.816315000355665], [-111.38208500006186, 33.81621700014451], [-111.38147300031666, 33.81624700020582], [-111.38144499982926, 33.81625199996625], [-111.38139999962343, 33.81626000003013], [-111.38091400027491, 33.81634200008182], [-111.38025499977576, 33.81666300032003], [-111.37944999968671, 33.817135999884584], [-111.37898400042971, 33.817441000223695], [-111.37849900000782, 33.817682000055264], [-111.37812099971605, 33.81776899990813], [-111.37758099994088, 33.81762300026768], [-111.37704100016572, 33.81728200035634], [-111.3765399998503, 33.81704599985812], [-111.37601699979356, 33.817036999775574], [-111.37568700008067, 33.81722100011287], [-111.37465699986073, 33.817291999755895], [-111.37374700018972, 33.81744299965221], [-111.37260300016699, 33.81789100031624], [-111.37201099961497, 33.81824500030742], [-111.37170000016864, 33.818527000200675], [-111.37151500022073, 33.81884899977275], [-111.37155200003065, 33.81912400018581], [-111.37181999981924, 33.819585000319485], [-111.37200099956921, 33.82003799975108], [-111.37203699955423, 33.82051400020953], [-111.37196700013233, 33.82086999988684], [-111.37190600003296, 33.82142699980483], [-111.3718449999336, 33.82185499978248], [-111.3719210001016, 33.822154000264035], [-111.37204400012523, 33.822631000165885], [-111.37219499973799, 33.82329299962784], [-111.37231699993671, 33.82392400032703], [-111.37256600035705, 33.82425599980589], [-111.37313500044453, 33.8246210003551], [-111.37345400028676, 33.82469299982762], [-111.37349000027177, 33.824700999848154], [-111.37392700011478, 33.824801000042115], [-111.37468899964779, 33.825150999799845], [-111.37523900036702, 33.82541100018501], [-111.37568700008067, 33.82584400031743], [-111.37700600000562, 33.82667999985168], [-111.3780270000047, 33.827393000086175], [-111.37827700024998, 33.8278699998667], [-111.3784060001214, 33.82895099972473], [-111.37861500035878, 33.829580999766804], [-111.37954900031923, 33.83029399968761], [-111.38079200007618, 33.83108100029834], [-111.38114699990344, 33.83164600023143], [-111.38128900019365, 33.83208999995176], [-111.38254299982125, 33.83279599973946], [-111.38327500011536, 33.83332300029027], [-111.38356299999545, 33.83362200021724], [-111.38391100015001, 33.83370400003694], [-111.38441400011524, 33.833609000047495], [-111.38543000009146, 33.83362800035231], [-111.3866579997798, 33.83369600011255], [-111.38752800016617, 33.83371499965183], [-111.38847399982221, 33.8339839999021], [-111.3892260002078, 33.83441400022774], [-111.390094000046, 33.83486800007723], [-111.39130900021388, 33.8355169996767], [-111.39171400026983, 33.83575299993728], [-111.39211000010496, 33.83585100014488], [-111.39249699971924, 33.835899999833494], [-111.39196299979186, 33.83620499965425], [-111.39166099966808, 33.83659899970268], [-111.39115500022808, 33.83707399988597], [-111.39057299972181, 33.83740300022326], [-111.39014599992456, 33.83770000035407], [-111.39040700004047, 33.83771700004897], [-111.39089900013505, 33.838001000332966], [-111.39197899968538, 33.838495999996084], [-111.3934159996111, 33.83928299970628], [-111.39421700040049, 33.83959200019846], [-111.3946969999012, 33.84018999991412], [-111.39494700014644, 33.84049800029357], [-111.39521699958489, 33.84073199985432], [-111.39547699987588, 33.84086200032825], [-111.39547500022604, 33.841224999749414], [-111.39537499976863, 33.84181400026298], [-111.39518899999578, 33.842248999725776], [-111.39500099967482, 33.842926000055705], [-111.3953170000423, 33.84362899978013], [-111.39578700039559, 33.84427599970613], [-111.39585299961949, 33.8446230002519], [-111.39574399983955, 33.84497699998435], [-111.39545400030966, 33.84509700009195], [-111.3951129998278, 33.84552399969234], [-111.39464400019774, 33.84622399967988], [-111.39411600011815, 33.84728000002163], [-111.39381300016944, 33.84793200005137], [-111.39365499998569, 33.84844700010006], [-111.39348400028146, 33.84956799975366], [-111.39356799994707, 33.850109000186514], [-111.39362499984846, 33.85041499972663], [-111.3935079996726, 33.850591999713544], [-111.39318700018053, 33.850801000094215], [-111.39288599988167, 33.85100200016718], [-111.39280700023896, 33.85129999972405], [-111.39262999978862, 33.85192099976124], [-111.39237600024373, 33.852211000159144], [-111.39198700008129, 33.85261299991073], [-111.3917820000419, 33.85295899974821], [-111.39167300026195, 33.85340999980195], [-111.39175699992754, 33.85400000027493], [-111.39207300029503, 33.854653999794536], [-111.39232299964196, 33.854832000345866], [-111.39174100003402, 33.85507999972439], [-111.39110099980142, 33.85540099998049], [-111.39084700025653, 33.855787999835556], [-111.39066099958536, 33.85620699965621], [-111.39029900008543, 33.85689900014337], [-111.39038399957593, 33.85724600014404], [-111.39031499997895, 33.857521000121295], [-111.39004100034258, 33.858027999914675], [-111.38967100044673, 33.858486999899306], [-111.38912699957528, 33.85892099990717], [-111.3884379998372, 33.85924900007234], [-111.38815599980488, 33.85940199964573], [-111.38780699982543, 33.85959400028758], [-111.38734099967012, 33.859940000191145], [-111.38699000004083, 33.86044699979654], [-111.38694900003296, 33.860794000299855], [-111.38696699957629, 33.861392999630674], [-111.3869740001473, 33.86160800009799], [-111.38721000014887, 33.86248799969888], [-111.38745899967088, 33.86295700035198], [-111.38807600033726, 33.863410999964934], [-111.38923500042861, 33.86381799992193], [-111.39104999974779, 33.864411999743965], [-111.3919860002564, 33.864849999843884], [-111.39260200019953, 33.865417000064255], [-111.39263900000945, 33.86587700013112], [-111.3927319998959, 33.86653099969541], [-111.39305800030913, 33.86704000020397], [-111.39327800041715, 33.86741200027255], [-111.39335299986192, 33.86749900022916], [-111.39347699971046, 33.86764199971654], [-111.39361499980272, 33.867799999643616], [-111.39396899980505, 33.86786400032395], [-111.39415600030111, 33.86789799964027], [-111.39492100020718, 33.86786000009637], [-111.39546199980725, 33.86791000031715], [-111.39600300030567, 33.868161999969644], [-111.396309999554, 33.86856599969547], [-111.3962889996376, 33.86892899998767], [-111.39614200022282, 33.869194999821815], [-111.39583099987821, 33.86950899989968], [-111.39566500019684, 33.86974200032497], [-111.39567299969445, 33.86995999981731], [-111.39593399981035, 33.87012200005113], [-111.39626100004851, 33.87033300005588], [-111.39629899968334, 33.870614999640225], [-111.39625799967547, 33.87093800009042], [-111.39638200042234, 33.87127700033599], [-111.39643900032374, 33.87142999998608], [-111.39623500010924, 33.87166399984187], [-111.39605799965892, 33.87209100013417], [-111.39608299977327, 33.87278499980564], [-111.39627399956899, 33.87324499970028], [-111.39677499988441, 33.8736899997117], [-111.3971120001683, 33.87399800012583], [-111.39731399983465, 33.874118999904525], [-111.39728399969742, 33.87438600014067], [-111.39717699956732, 33.87457100024185], [-111.3970989997495, 33.874658999778305], [-111.39742599998766, 33.87493400035538], [-111.39758300034649, 33.87504199972128], [-111.39752399989696, 33.875135000308845], [-111.39716400004684, 33.87537499988921], [-111.3969299996951, 33.875502000130595], [-111.39657900006584, 33.87579100009894], [-111.39614899989553, 33.87623199967934], [-111.39595300007694, 33.8765449998321], [-111.39595999974964, 33.8767710002152], [-111.39604599996336, 33.87693300020077], [-111.39622900026147, 33.87701500021434], [-111.39652899983712, 33.87705699995428], [-111.39677099968644, 33.877059000225515], [-111.39687500034185, 33.87723700031042], [-111.3970770000082, 33.87743200001916], [-111.39724900043565, 33.877642999852306], [-111.39741299956886, 33.87772399980163], [-111.39772300008856, 33.87782299971818], [-111.39821600000808, 33.87785799966876], [-111.39890200027143, 33.87791099963046], [-111.39973400012465, 33.87794899992049], [-111.39994599983676, 33.87811099990724], [-111.40034000002204, 33.87837200035766], [-111.40052300032015, 33.87850200022419], [-111.40082100024598, 33.87868999995625], [-111.40111099977591, 33.87877199977316], [-111.40200200007865, 33.878697000025575], [-111.40226200036965, 33.87878800012838], [-111.40259000043272, 33.87894299996541], [-111.40284099960456, 33.87901700012995], [-111.40316000034511, 33.87905200033655], [-111.40333299969916, 33.87918199991296], [-111.40355299980719, 33.879417000250925], [-111.4037369999302, 33.87945900030029], [-111.4041729999483, 33.87939700032671], [-111.40497499966428, 33.87951500033393], [-111.40548799967527, 33.87951799990852], [-111.4056519997068, 33.8795350002305], [-111.40582499995915, 33.879682000109554], [-111.40583400017998, 33.87981900019501], [-111.40588000021076, 33.88001299986897], [-111.40592600024151, 33.88030399967156], [-111.40595399983059, 33.880623000367784], [-111.4059610004016, 33.88069900000707], [-111.40595999967836, 33.88078800002847], [-111.40590199995205, 33.88085199991948], [-111.40579399999702, 33.88093999969121], [-111.40556100036852, 33.881034999995435], [-111.40531799979595, 33.88117900001161], [-111.40520900001601, 33.88138800010507], [-111.40519800014536, 33.881541000273586], [-111.40524500000103, 33.88176000028594], [-111.40536899984957, 33.881935000024576], [-111.40550299974387, 33.88208599980467], [-111.40552200001045, 33.88210799999728], [-111.40573399972256, 33.88223900021307], [-111.40600400005928, 33.882361000312905], [-111.40603500002145, 33.88236900015438], [-111.4062290001902, 33.88242000015186], [-111.40635100038894, 33.88245200023705], [-111.40665099996458, 33.88246200021464], [-111.40692200012623, 33.88249599968209], [-111.40733700022794, 33.88260399991856], [-111.40757700042745, 33.88284700032367], [-111.40764299965139, 33.883001000179156], [-111.40770899977362, 33.88319500007604], [-111.40774599958354, 33.883373000039306], [-111.40775399997946, 33.883558000047515], [-111.40783000014743, 33.88375200016937], [-111.40805100008038, 33.883859000251604], [-111.4083699999226, 33.88394100032136], [-111.4086500003051, 33.883967000254266], [-111.40902900042177, 33.88386499984102], [-111.40945600021902, 33.883770999761666], [-111.41002799978124, 33.8836289997627], [-111.41074599983165, 33.88347200011373], [-111.41101600016837, 33.883513999658646], [-111.41119899956819, 33.883596000059995], [-111.4113340001857, 33.88372600017094], [-111.4114870003466, 33.88393700010147], [-111.41167800014229, 33.88413999983552], [-111.41184100034893, 33.88430200000042], [-111.41205300006104, 33.88447300029649], [-111.4122349996359, 33.884602999816885], [-111.41233099989537, 33.88472500026508], [-111.41241600028418, 33.88492700031801], [-111.41252000004127, 33.88523399965976], [-111.41266300015639, 33.88551700000806], [-111.41282399981486, 33.88588099982672], [-111.41285999979988, 33.886179999980754], [-111.41282899983773, 33.8863899997817], [-111.41273799960115, 33.88674400012959], [-111.4127550002179, 33.887026999943096], [-111.41289800033303, 33.88730200018524], [-111.41309699962635, 33.887690000111995], [-111.41331599990946, 33.88814400016508], [-111.4133810002068, 33.88840999976669], [-111.41331000006167, 33.88871599999824], [-111.41323999974149, 33.88898200005334], [-111.41302300000649, 33.88942500004497], [-111.41260999955462, 33.890100000012225], [-111.41201399970296, 33.89073300015904], [-111.41146600043018, 33.891408000214966], [-111.41143499956974, 33.891600999670935], [-111.41149999986706, 33.89185999994298], [-111.41161500039311, 33.89204600014839], [-111.41186499974005, 33.8921599999775], [-111.41203799999239, 33.89237900032068], [-111.41211199961226, 33.892677000115995], [-111.412157999643, 33.89295999963332], [-111.41198799976368, 33.89351600015286], [-111.41185899989226, 33.893926000276714], [-111.41180600018882, 33.89436999987553], [-111.41187200031106, 33.89458799983345], [-111.41203399979445, 33.894855000144574], [-111.41223399981098, 33.895211000253234], [-111.41238699997187, 33.89546299981727], [-111.41266300015639, 33.89590800027658], [-111.41291199967841, 33.89620000020426], [-111.41312400028883, 33.896362999744404], [-111.41334500022178, 33.89650899979987], [-111.4135939997438, 33.8967929999272], [-111.41369800039921, 33.89709199985831], [-111.41373400038422, 33.89735899978607], [-111.41371199974458, 33.89769800019883], [-111.4136499998203, 33.89810900023793], [-111.41366599971383, 33.89842299979829], [-111.4136630002391, 33.89870599963432], [-111.41351599992599, 33.89895499967234], [-111.41322100037323, 33.89944500007325], [-111.41280000042373, 33.899943000325344], [-111.41265200028573, 33.90028100029477], [-111.41266900000417, 33.90049099967589], [-111.41288099971628, 33.900669000081336], [-111.41299399969418, 33.90092000006351], [-111.41304999977069, 33.901146999850724], [-111.41298899967133, 33.90145299986538], [-111.4128399997084, 33.901895999946085], [-111.41264300006492, 33.902241000003485], [-111.41234900033703, 33.90271499982193], [-111.41197600006814, 33.90317299973548], [-111.41158400043098, 33.903726999631154], [-111.41118600004769, 33.90405499982955], [-111.41060000024179, 33.9043920000851], [-111.40986399974973, 33.90471000035691], [-111.40937900022614, 33.904920999821584], [-111.40935499993671, 33.904931000147236], [-111.40905700001088, 33.9049890002233], [-111.40897699964492, 33.905005000134494], [-111.40873700034372, 33.90505100023532], [-111.40865699997778, 33.90506600032766], [-111.4084250001742, 33.90511099984323], [-111.40812399987531, 33.905182000256644], [-111.4079969996537, 33.90528600013596], [-111.40799599982878, 33.905399000355665], [-111.40798400013324, 33.905672999712216], [-111.4079330000796, 33.90597899988454], [-111.40776499985012, 33.90627699986891], [-111.40767600016166, 33.90647799978549], [-111.40767500033674, 33.906703999897154], [-111.40774099956067, 33.90688200000534], [-111.40779800036039, 33.907027000157996], [-111.40800900024757, 33.90724700012432], [-111.40822000013478, 33.907505999844986], [-111.40840099988473, 33.90774699983392], [-111.40850299999201, 33.908088000238], [-111.40855800024359, 33.90820099972555], [-111.40856999993916, 33.90822500017802], [-111.40860599992418, 33.90829799977317], [-111.4086169997948, 33.908322000198325], [-111.40865299977982, 33.90857300001516], [-111.40869899981058, 33.9088230000752], [-111.40877400015364, 33.90911399999993], [-111.40873300014576, 33.90937999979988], [-111.40866299982557, 33.90956500005694], [-111.40856400009137, 33.90987200017382], [-111.40835200037927, 33.91004299989785], [-111.4082629997925, 33.91011600017256], [-111.40818599979958, 33.91017800018314], [-111.40818599979958, 33.91024900010382], [-111.40818599979958, 33.910934000364016], [-111.40854300017496, 33.91143799974129], [-111.40854300017496, 33.911550000275], [-111.40855599969544, 33.9115599998229], [-111.40857699961184, 33.911615999655254], [-111.40860599992418, 33.911672999926076], [-111.4086029995511, 33.91196999966089], [-111.40856300026645, 33.91213900020016], [-111.40850200016709, 33.912381000230006], [-111.40831600039427, 33.91263799982359], [-111.4079749999124, 33.91285399986302], [-111.407665000291, 33.91284399972143], [-111.4073270001822, 33.91282499989643], [-111.40718099969402, 33.91292900014214], [-111.40704299960174, 33.91309000032951], [-111.40689600018699, 33.9133629998549], [-111.40681499999613, 33.913661000116186], [-111.40677399998823, 33.913926999889526], [-111.4068209998439, 33.914112999669385], [-111.40684799960808, 33.91432300001502], [-111.40681800036917, 33.91445199981102], [-111.40672899978239, 33.914661000372135], [-111.40659999991095, 33.91491799979936], [-111.4064330004047, 33.91518400012208], [-111.4064409999023, 33.91540199978986], [-111.40644799957501, 33.91563599979748], [-111.40650399965149, 33.9159259998902], [-111.4065880002154, 33.91620899976951], [-111.40661599980449, 33.91639499978684], [-111.40643800042758, 33.91676500000899], [-111.40621199957346, 33.91709399964884], [-111.4060259998006, 33.91736800017399], [-111.40572399967682, 33.917511000310384], [-111.40543199959878, 33.91768599974412], [-111.40526500009251, 33.91793599990909], [-111.40510699990877, 33.91828999975276], [-111.40502499989299, 33.9187089998192], [-111.40506900027391, 33.9192170002338], [-111.40520300016824, 33.9194359996587], [-111.4053560003291, 33.91958199970801], [-111.405722000027, 33.919777999891444], [-111.4061940000301, 33.92003900030291], [-111.40680199957733, 33.92029300027832], [-111.40748799984067, 33.92051500028826], [-111.40804799970732, 33.92066400034327], [-111.40853099958109, 33.92072299977269], [-111.40920900034682, 33.92072800012677], [-111.4097709998633, 33.92067499993675], [-111.41028700024734, 33.92066200034924], [-111.41083600024335, 33.92073800008859], [-111.41087999972595, 33.92075000004127], [-111.4112129998119, 33.92083700002013], [-111.41148200032373, 33.92099200021645], [-111.41174300043964, 33.921114999657014], [-111.41185600041752, 33.92121999983892], [-111.41193500006024, 33.92129300022988], [-111.41206300010676, 33.921499999691314], [-111.41210599976446, 33.921568999897005], [-111.41220100019903, 33.921770999886085], [-111.41228700041275, 33.92194499990607], [-111.41244200022345, 33.92197700006814], [-111.413740000232, 33.92206600024598], [-111.41422300010574, 33.92217600027034], [-111.41491799969161, 33.92233500017644], [-111.41526699967106, 33.92241499982012], [-111.41568199977277, 33.92253200033769], [-111.41579700029881, 33.92248700032965], [-111.41614600027826, 33.92240899996122], [-111.41643699963309, 33.92240300010196], [-111.4165710004257, 33.92242000007484], [-111.416697999749, 33.92243599969548], [-111.41701699959121, 33.92253499989014], [-111.41736399992085, 33.92261799964093], [-111.41751899973156, 33.92270499994846], [-111.4177399996645, 33.92282999984075], [-111.41960199973765, 33.92375300027933], [-111.41972099956331, 33.9237919998572], [-111.4216050002761, 33.924466999813816], [-111.42184200010257, 33.92452399968782], [-111.42301700008746, 33.92480700007987], [-111.42333900030272, 33.92483599969557], [-111.42383100039733, 33.92502999982662], [-111.4243719999974, 33.92519500003225], [-111.42481499968818, 33.92548000031225], [-111.42524900005645, 33.925676000343756], [-111.42551799966996, 33.925854999894845], [-111.42574899964865, 33.92609900034279], [-111.42593199994676, 33.92610800011374], [-111.42638800005633, 33.926069999666275], [-111.42695100029604, 33.92588799964196], [-111.42798200034089, 33.925451000170376], [-111.42860499995672, 33.925066999674634], [-111.42916999984625, 33.924675000085095], [-111.43021000011193, 33.92422200032641], [-111.4306379997341, 33.9239989999553], [-111.43103899959209, 33.92356499999963], [-111.43160699985465, 33.92288300018095], [-111.43199099999421, 33.92222400000599], [-111.43211999986565, 33.921870000108136], [-111.43222100014799, 33.92140200014584], [-111.43243799988298, 33.92093599983663], [-111.43291499990895, 33.92041799998238], [-111.43331699959184, 33.92007000005869], [-111.43376600002874, 33.91966900013415], [-111.43437100010122, 33.91918899983785], [-111.43488800031018, 33.91883700003889], [-111.43520799997731, 33.9186769999206], [-111.4355019997052, 33.91833200004092], [-111.43583499979114, 33.917963000315396], [-111.43641999977214, 33.91751499970082], [-111.43675399968298, 33.91698399977241], [-111.43729299963321, 33.91626199975569], [-111.43748699980198, 33.916173999901275], [-111.43780599964421, 33.91625699988501], [-111.4380659999352, 33.91635500013], [-111.43833600027195, 33.91652600026481], [-111.4385580000298, 33.916631999809866], [-111.43899400004788, 33.916595000025815], [-111.43936200029393, 33.91651599980863], [-111.43978800026629, 33.916567000259185], [-111.44006799975044, 33.91660100029414], [-111.4402900004066, 33.9167479996532], [-111.44054200030169, 33.91670899983273], [-111.44090899982449, 33.91675899975221], [-111.44146000036862, 33.916907999666385], [-111.44205899969502, 33.91708100026044], [-111.44262899960742, 33.91723000035699], [-111.44292800025647, 33.91735200034715], [-111.44332499991653, 33.91735500008192], [-111.44374900023902, 33.917511000310384], [-111.44416400034072, 33.91773900030251], [-111.44440399964193, 33.91795000031411], [-111.4446349996206, 33.91811300001476], [-111.44495299963792, 33.91823599988429], [-111.44537799978536, 33.91842399999633], [-111.44570599984843, 33.9184819998361], [-111.44592799960628, 33.9186289996774], [-111.44613600001873, 33.9188499999048], [-111.4463019997001, 33.919027000348194], [-111.44653299967878, 33.919213000177784], [-111.44686099974183, 33.91926399975955], [-111.44699399981121, 33.91926900019926], [-111.44710299959115, 33.91927300025263], [-111.44747800040821, 33.91918899983785], [-111.44751900041608, 33.91917100032391], [-111.44791899955085, 33.91903600012084], [-111.44812299976536, 33.91898100033572], [-111.44833500037576, 33.919063000178525], [-111.44863400012652, 33.91921799987503], [-111.44901900009098, 33.91941400015036], [-111.44925199971948, 33.91943900006556], [-111.4495620002392, 33.91941699981258], [-111.44986099998995, 33.91950000036463], [-111.45029600018313, 33.91963099979617], [-111.45064299961444, 33.91973800033179], [-111.45090399973036, 33.919877000193026], [-111.45103799962465, 33.92005500037064], [-111.45119099978554, 33.92028199989008], [-111.45137200043382, 33.92054100025162], [-111.45153499974211, 33.92074400006517], [-111.45173599958356, 33.92099499982313], [-111.45176300024606, 33.92122100020208], [-111.45174999982729, 33.9215680002833], [-111.45146799979496, 33.921799999789854], [-111.45129000041806, 33.92216199981431], [-111.45123599999137, 33.92225600006327], [-111.4511039997469, 33.92249199983477], [-111.45101500005843, 33.922742000060936], [-111.45106199991412, 33.923000000055836], [-111.45120400020431, 33.92333899987541], [-111.45136599968771, 33.923666000296635], [-111.45151700019878, 33.923912999809986], [-111.45154399996295, 33.92416799974529], [-111.4515549998336, 33.924269999654754], [-111.45155300018378, 33.92449600029061], [-111.45151300000082, 33.92475299986959], [-111.45143299963486, 33.925050999802764], [-111.45125600008285, 33.925373000279656], [-111.45100099981474, 33.92567800022004], [-111.45078499990467, 33.92600800003747], [-111.45058700043626, 33.92645799982889], [-111.45051600029115, 33.926740000205804], [-111.45041699965863, 33.92693300017679], [-111.45036800015315, 33.92706200026112], [-111.45022000001515, 33.927383999844494], [-111.45003500006723, 33.927503000079234], [-111.44986799966264, 33.927728000049946], [-111.44977700032435, 33.92807400017688], [-111.4496469997297, 33.928567000226025], [-111.44937999976601, 33.929007999705604], [-111.44926099994032, 33.92936999965928], [-111.44926699978811, 33.92973299982831], [-111.44934200013118, 33.93006399984732], [-111.4494850002463, 33.93036400034531], [-111.44965599995054, 33.930639000184016], [-111.44989600015005, 33.930915000129446], [-111.45006799967918, 33.93113400004114], [-111.45021300034246, 33.9312560002446], [-111.45047299973515, 33.931362000096236], [-111.45077300020911, 33.931461000351725], [-111.45090999957814, 33.9315299999423], [-111.45108100018068, 33.93161599985065], [-111.4514569999243, 33.931851999776974], [-111.45180400025394, 33.931990999995975], [-111.45209200013404, 33.93225899965458], [-111.45217699962456, 33.932550000039114], [-111.4522029995638, 33.9328329998513], [-111.45215200040849, 33.93322799982861], [-111.4520400002555, 33.93376700010811], [-111.4517089998194, 33.93395100012072], [-111.45138800032734, 33.934142999936824], [-111.4510190002564, 33.93427800004908], [-111.45056300014681, 33.93438799995473], [-111.45016499976356, 33.93445000019126], [-111.44962300033858, 33.93443900014055], [-111.44917700027474, 33.934493000172516], [-111.4488850001967, 33.93449499984177], [-111.44867299958625, 33.93449799971822], [-111.44809199980322, 33.9345349999252], [-111.44754799983008, 33.93466899995611], [-111.44716000039088, 33.93475499967573], [-111.44707199962902, 33.934858999983256], [-111.44708099984987, 33.93494800011691], [-111.44721499974418, 33.93511799999645], [-111.44739700021735, 33.935329000190386], [-111.44755100020315, 33.935508000322905], [-111.44762599964788, 33.935765999660326], [-111.44761399995232, 33.93603199973029], [-111.4476120003025, 33.93623600007826], [-111.44766699965577, 33.93653299989747], [-111.44776299991524, 33.936727000216294], [-111.44797299997754, 33.937051000131966], [-111.44803800027485, 33.93730200028187], [-111.44807400025987, 33.937608000155564], [-111.44807199971174, 33.937906999995256], [-111.4481269999633, 33.93819799971085], [-111.44812500031351, 33.93849600029941], [-111.44802700040421, 33.93862500001064], [-111.44774299982375, 33.93890500003434], [-111.44757499959427, 33.939324000055954], [-111.44739800004226, 33.9396050001639], [-111.44733799976781, 33.93985500009295], [-111.44732600007225, 33.940065000330584], [-111.44732400042241, 33.940370999962425], [-111.44724300023155, 33.94078199989996], [-111.44722999981276, 33.94105600024654], [-111.44724700042951, 33.94133900010839], [-111.44730400033093, 33.94154899966649], [-111.44738899982143, 33.9417350002478], [-111.44760100043186, 33.94190600011115], [-111.4477450003719, 33.94202000032605], [-111.44794700003827, 33.942173999864075], [-111.44825500000982, 33.942370000228166], [-111.44853399966908, 33.94255699987351], [-111.44889000021956, 33.94285700032745], [-111.44917800009965, 33.943190000219275], [-111.44929199990247, 33.943425000010116], [-111.44930500032126, 33.94359700030527], [-111.4492800002069, 33.94374899977425], [-111.44920800023688, 33.94412600033036], [-111.4492450000468, 33.94436899975842], [-111.44933999958305, 33.9446119999832], [-111.44952200005623, 33.94476600004869], [-111.44973200011852, 33.94499300003405], [-111.45002099982351, 33.94521300033509], [-111.45039900011528, 33.9454150001379], [-111.45064799963733, 33.9455370000006], [-111.45069000036843, 33.94556900024105], [-111.4509270001949, 33.94574999986092], [-111.45118800031081, 33.946000999701425], [-111.4513849999543, 33.94633099975789], [-111.45145899957414, 33.946516000257375], [-111.45149499955916, 33.94659799967343], [-111.45163500019953, 33.94695000024978], [-111.45164900044325, 33.94724399978057], [-111.45163100000158, 33.94748000035726], [-111.45162799962854, 33.94765900027931], [-111.45162599997872, 33.94781300004842], [-111.45170999964431, 33.94802099993289], [-111.4518150001246, 33.94825299966297], [-111.4518569999574, 33.94830199965036], [-111.45203699988245, 33.94850699970219], [-111.45218099982249, 33.94862900034934], [-111.4522029995638, 33.94866999979455], [-111.45226700003622, 33.94879100016871], [-111.45225399961743, 33.948898999876924], [-111.45224600011983, 33.94896900027706], [-111.45217599979962, 33.94913799969634], [-111.4521170002484, 33.949323000055955], [-111.45204699992819, 33.94949999976585], [-111.45200699974524, 33.949677999881715], [-111.45208200008831, 33.949921999879365], [-111.4520899995859, 33.95017000001523], [-111.4519699999353, 33.95050599967144], [-111.45196099971447, 33.95052099995785], [-111.45185100010961, 33.95088800017971], [-111.45138400012938, 33.95171300010454], [-111.4511039997469, 33.95258999996792], [-111.45123900036441, 33.95280800002171], [-111.45130100028871, 33.952907999921024], [-111.45136599968771, 33.95314199971813], [-111.45145100007652, 33.95340099999468], [-111.45154599961276, 33.953652000370745], [-111.45162099995584, 33.953950999742624], [-111.45151300000082, 33.95410300009454], [-111.45128000037231, 33.95419100025265], [-111.45101800043149, 33.954291999991696], [-111.45096599965464, 33.9543120002283], [-111.45095599960888, 33.954316000126], [-111.45094100043859, 33.954321999972265], [-111.45085299967673, 33.95435599983808], [-111.45069799986605, 33.95441599974347], [-111.45049200000172, 33.95459499997984], [-111.45016499976356, 33.95487900024823], [-111.45006500020445, 33.95496599963705], [-111.45000999995285, 33.95512600013077], [-111.44928199985672, 33.9563980003562], [-111.44915800000817, 33.956614999648146], [-111.44859099957051, 33.95694999999214], [-111.4482600000327, 33.95719799976408], [-111.44796600030485, 33.9575190001893], [-111.44801200033558, 33.95778600002416], [-111.44813399963601, 33.958238000117554], [-111.44827599992624, 33.95865900019086], [-111.44838100040654, 33.95888499970885], [-111.44864900019513, 33.95919300006356], [-111.44885000003659, 33.95952500020345], [-111.4492440002219, 33.95984199966198], [-111.44986199981487, 33.96022499988836], [-111.45024699977934, 33.96045200036421], [-111.45035800010741, 33.96051799985057], [-111.4504690004355, 33.96058400003089], [-111.4505480000782, 33.96060600007958], [-111.45056099959866, 33.960609999681445], [-111.4505689999946, 33.96061699972927], [-111.45058599971303, 33.96061699972927], [-111.45070399971382, 33.96065000015994], [-111.45078800027771, 33.960673999991], [-111.45126399958048, 33.960516000047534], [-111.45172899991088, 33.96053499966487], [-111.45196099971447, 33.96055200022082], [-111.45211499970026, 33.96068999987459], [-111.45225899964029, 33.96086099965338], [-111.45235400007485, 33.96100600031188], [-111.45246799987767, 33.96125699986044], [-111.45264000030511, 33.9615810002844], [-111.45279199974277, 33.96189599976183], [-111.45292499981217, 33.96220399964628], [-111.45291499976643, 33.96221700034262], [-111.45273300019154, 33.96243399969387], [-111.45267000044235, 33.962500999755974], [-111.45251300008353, 33.9627580001053], [-111.45236599977044, 33.96297500031168], [-111.45230600039429, 33.96313599977057], [-111.4522650003864, 33.96342599979032], [-111.45229200015058, 33.96367699964891], [-111.4520460001033, 33.96405399984071], [-111.45196699956225, 33.96421500023758], [-111.45195599969159, 33.96436799998984], [-111.45199300039984, 33.96456200019549], [-111.45209899980674, 33.96472400022795], [-111.45222400037851, 33.964814000278224], [-111.45239699973257, 33.9649029996382], [-111.45253099962686, 33.96511399975795], [-111.45259799957402, 33.965276000229125], [-111.45260599996993, 33.9653970000854], [-111.4525750000078, 33.96559000033736], [-111.45256400013714, 33.96575199990191], [-111.45255800028937, 33.96583400015257], [-111.45255200044157, 33.96592799987019], [-111.45248700014425, 33.96598500029825], [-111.45193200030046, 33.966263000047924], [-111.45175300020033, 33.96635200012689], [-111.45166299978862, 33.96639700004764], [-111.45133800009864, 33.966406000028904], [-111.45104699984549, 33.96646899987128], [-111.45088100016415, 33.96655600007359], [-111.45071600030771, 33.96665200014213], [-111.45059800030693, 33.96675600021833], [-111.450441999773, 33.966885000308054], [-111.45005400033381, 33.96702799998823], [-111.4499060001958, 33.96726899993681], [-111.44979800024078, 33.96748599981008], [-111.44969799978333, 33.96778399991834], [-111.44956999973681, 33.967984999969175], [-111.44934600032914, 33.96820899967371], [-111.44909199988592, 33.96840899965638], [-111.44888699984651, 33.968601999778585], [-111.448942999923, 33.968780000163065], [-111.44908799968796, 33.96914399970576], [-111.44907500016748, 33.96927999997837], [-111.44894399974793, 33.97062599974556], [-111.44894100027318, 33.970659999800326], [-111.44896899986229, 33.97079599988352], [-111.44907699981731, 33.9708460000785], [-111.44910799977944, 33.9709989998221], [-111.44907699981731, 33.97120899994224], [-111.44894000044829, 33.97137799988582], [-111.4487730000437, 33.97157799986562], [-111.4485970003166, 33.97177899988912], [-111.44846000004925, 33.97197199981297], [-111.44838999972906, 33.97215699969165], [-111.44840899999564, 33.97227800018789], [-111.44842599971405, 33.972512000345105], [-111.44836399978978, 33.97289100037019], [-111.44819800010843, 33.97311600031519], [-111.44809000015339, 33.973285000193606], [-111.44782700038766, 33.97337200012788], [-111.44746699963923, 33.97353099977773], [-111.44728199969133, 33.973674999949026], [-111.44710599996422, 33.973818999876464], [-111.44688300038145, 33.97392300012764], [-111.44658200008257, 33.97391299970789], [-111.44608800033815, 33.97396600028029], [-111.44574799968123, 33.97400499994949], [-111.44543700023492, 33.97409199989201], [-111.44516500024835, 33.974260000325486], [-111.44496000020894, 33.97442799968209], [-111.44482200011667, 33.97466100014698], [-111.44469400007016, 33.97492600034737], [-111.4445850002902, 33.9751189998329], [-111.44447700033518, 33.97532799973508], [-111.44440100016718, 33.97549899988242], [-111.44440500036515, 33.97551499995706], [-111.44370800023115, 33.97584800017455], [-111.44363600026114, 33.97588199963125], [-111.44281199990553, 33.976631000338934], [-111.44272800023992, 33.97670700002705], [-111.44240000017689, 33.97718499993902], [-111.44228800002386, 33.97734800021242], [-111.44204299980149, 33.9777180000114], [-111.44174900007363, 33.978047000268], [-111.44127200004765, 33.97837500030473], [-111.4406779998458, 33.97851700034148], [-111.44007600014636, 33.97870700006155], [-111.4396779997631, 33.97879299997565], [-111.43930000036966, 33.97878300012866], [-111.4384669997932, 33.978752999835834], [-111.4380099998587, 33.97895199991679], [-111.43776600035955, 33.979128000127965], [-111.43763800031303, 33.9793620000561], [-111.43755899977201, 33.97952299977905], [-111.43751799976411, 33.97975599968948], [-111.43741900002993, 33.98000600009804], [-111.43731100007489, 33.98013399978427], [-111.43712600012697, 33.980205999895546], [-111.43675799988092, 33.98017899986097], [-111.43648699971929, 33.980234000336196], [-111.43593199987549, 33.98047300002407], [-111.43548599981165, 33.980575000253495], [-111.43505800018949, 33.98069300020563], [-111.4347069996619, 33.980892999876595], [-111.43450199962248, 33.98113400000956], [-111.43430499997898, 33.98146299970932], [-111.43433099991825, 33.981769999842946], [-111.43438699999477, 33.98206900019321], [-111.43429599975815, 33.9824310001714], [-111.4341300000768, 33.98266400030489], [-111.43383700017382, 33.982848000371376], [-111.43347700032372, 33.983048000186216], [-111.4332709995611, 33.983321000361926], [-111.43318100004772, 33.983603000056604], [-111.43311999994837, 33.98396500020564], [-111.4330959996589, 33.98440099982821], [-111.4333130002922, 33.985071999661194], [-111.43345499968412, 33.985499999722606], [-111.43378100009734, 33.98586500028585], [-111.43410800033551, 33.98617400010685], [-111.43430900017695, 33.986409000346725], [-111.43437000027632, 33.986504000005716], [-111.43442399980468, 33.98658699995009], [-111.43465399995846, 33.98680600035671], [-111.43493400034093, 33.98696100035437], [-111.43530199968863, 33.98703600015566], [-111.43562100042918, 33.98707800004528], [-111.43594100009632, 33.98704799970062], [-111.43637799993934, 33.98692199992509], [-111.43682499982808, 33.986762999994866], [-111.43702900004259, 33.98672400021954], [-111.43722300021135, 33.986748999733784], [-111.437494000373, 33.98691200028958], [-111.43811100014103, 33.98727899992131], [-111.43858200031924, 33.98766900028121], [-111.43882099979552, 33.988008999841384], [-111.4391079998507, 33.9883980002569], [-111.43940699960145, 33.98865800000332], [-111.44001199967396, 33.98917800008903], [-111.44050299994362, 33.9896010002955], [-111.44114999984892, 33.98988699972268], [-111.44151499972189, 33.99021200010402], [-111.44177500001288, 33.990437999934386], [-111.44214099971079, 33.99067500013907], [-111.44226499955936, 33.99088500006983], [-111.44246600029912, 33.99111999994445], [-111.442755999829, 33.99129100035118], [-111.44281299973045, 33.99137200026689], [-111.44255900018554, 33.991620999745024], [-111.44238199973522, 33.99193500013159], [-111.44211700031964, 33.992279999628835], [-111.441958000311, 33.992665999797865], [-111.44181299964772, 33.99269800018473], [-111.44143299970612, 33.992880999861065], [-111.44136199956102, 33.99320299992195], [-111.44105899961232, 33.99353999965489], [-111.44079599984659, 33.993731999820056], [-111.44067600019599, 33.9940459998533], [-111.44060699970069, 33.994264000152135], [-111.44041900027803, 33.994617999848955], [-111.44032999969126, 33.99491499994634], [-111.44038499994285, 33.995189999717645], [-111.4404309999736, 33.995520999843464], [-111.44042799960054, 33.99582000022566], [-111.44037700044522, 33.996125999659235], [-111.44035499980562, 33.99641600036385], [-111.44045899956268, 33.99665900011753], [-111.44072899989943, 33.996822000283075], [-111.44099800041124, 33.99708999981601], [-111.44123799971246, 33.997413999989924], [-111.44151499972189, 33.99777900002282], [-111.44178400023372, 33.99807900011011], [-111.44209399985512, 33.99808899992104], [-111.44251099960664, 33.99811500001963], [-111.44271300017132, 33.99824599985114], [-111.44299299965547, 33.99840899995069], [-111.44367999974375, 33.99850199994506], [-111.44429700041012, 33.99885999989389], [-111.44459399961272, 33.99921699963232], [-111.44462600029809, 33.99930600021587], [-111.44473599990296, 33.999604999937176], [-111.44484899988086, 34.00003900012844], [-111.44492000002597, 34.000637000060955], [-111.44507900003464, 34.00117600003542], [-111.44605499982788, 34.00128099974848], [-111.44727699966845, 34.001084000158876], [-111.44817200016917, 34.00095300023555], [-111.44882800029526, 34.0002149998658], [-111.44939800020768, 34.00015000009409], [-111.44951799985827, 34.00041999990829], [-111.45004500011295, 34.00079300032237], [-111.45061099982739, 34.00133399963947], [-111.4521099996774, 34.002384000146726], [-111.45441500033965, 34.00474999988312], [-111.45543499961552, 34.00428300006672], [-111.4566170001714, 34.003883000134216], [-111.45678299985276, 34.00341300033826], [-111.45666099965402, 34.00334500035206], [-111.45747900016184, 34.002574000128284], [-111.4583760003124, 34.00220700027928], [-111.45971600015373, 34.00271700009668], [-111.46117599964565, 34.00349799968593], [-111.46243400036954, 34.004040999915624], [-111.4630860002977, 34.003875999924965], [-111.46375900014225, 34.00431599993235], [-111.46483200001991, 34.00431999971211], [-111.46576400033054, 34.004997000119154], [-111.4660449996396, 34.00577299976869], [-111.46653199971134, 34.005943000357334], [-111.4674299996868, 34.005341000070985], [-111.46910400033727, 34.00430299971606], [-111.47000200031275, 34.00376800002835], [-111.47016899981901, 34.00296099984625], [-111.47069900044673, 34.00276099998121], [-111.47094100029608, 34.0031659999638], [-111.47113899976448, 34.004143000155715], [-111.4722590003961, 34.00461200025253], [-111.47234499971151, 34.00464800037201], [-111.47243799959791, 34.00468700011196], [-111.47268399964521, 34.00430200032947], [-111.47279199960023, 34.0041339997014], [-111.47354499981076, 34.003210000360454], [-111.47366399963643, 34.003715000166764], [-111.47431399991477, 34.00385199962886], [-111.47500799967571, 34.003485000089086], [-111.47545499956448, 34.00312700027015], [-111.4755559998468, 34.00307000017014], [-111.4766399995951, 34.002447000136776], [-111.47822899985678, 34.00208300021133], [-111.4796520004371, 34.002290999934154], [-111.48160400002362, 34.002500000044876], [-111.48299200044384, 34.00156300016527], [-111.48408899971263, 34.002003999653255], [-111.48587999964066, 34.001841999909836], [-111.48750800026039, 34.00174700027056], [-111.48893500014034, 34.00114600019994], [-111.48986900010084, 34.001351999651085], [-111.4909300002829, 34.000850999888165], [-111.49173899967158, 34.00003900012844], [-111.49172199995313, 33.99980899977816], [-111.49477800027776, 33.99981699976192], [-111.49498800034003, 33.99995000031282], [-111.49533899996932, 33.9998240003057], [-111.49654900011431, 33.99983299972723], [-111.50067099974555, 34.00003699976541], [-111.50240899997013, 34.00003799994693], [-111.50600500006992, 34.00003900012844], [-111.51345300036252, 34.00004199992816], [-111.51530299984178, 34.00004199992816], [-111.51763000024535, 34.000043000109564], [-111.53074599987482, 34.00004700009055], [-111.54172099977194, 34.00004899970859], [-111.54831499957169, 34.00004999988997], [-111.55743599979155, 34.00005100007133], [-111.55777399990035, 34.00005100007133], [-111.56256199970345, 34.00005100007133], [-111.56580600034903, 34.00005100007133], [-111.5685920003369, 34.00005100007133], [-111.5785959995653, 34.00005100007133], [-111.5962389997803, 34.000048000271946], [-111.60549499971938, 34.000044999727706], [-111.60952199981438, 34.000043000109564], [-111.61311299989129, 34.00004199992816], [-111.61391200013254, 34.00004199992816], [-111.61999000044658, 34.00003900012844], [-111.62567899969986, 34.00003699976541], [-111.62778799964522, 34.00003699976541], [-111.63149300042326, 34.00003799994693], [-111.63315899977951, 34.000040000309944], [-111.64032500003981, 34.00004199992816], [-111.6485270003678, 34.00004599990913], [-111.64875499997343, 34.000044999727706], [-111.64941899959717, 34.00004599990913], [-111.65368800043981, 34.00004599990913], [-111.6563420001832, 34.00004700009055], [-111.66601900007176, 34.000048000271946], [-111.67605599981042, 34.000048000271946], [-111.67674999957137, 34.00004899970859], [-111.68317699986487, 34.00004999988997], [-111.6959350001924, 34.00004999988997], [-111.69807900029785, 34.00004899970859], [-111.69935200019204, 34.00004999988997], [-111.70064199980465, 34.00004999988997], [-111.70503899979549, 34.00004899970859], [-111.70631199968967, 34.00004899970859], [-111.70656699995781, 34.00004899970859], [-111.70671799957054, 34.00004899970859], [-111.71104099994156, 34.000048000271946], [-111.71139099974592, 34.000048000271946], [-111.7156000003141, 34.00004700009055], [-111.71815899962296, 34.00004700009055], [-111.7256529999463, 34.000044999727706], [-111.7261879996986, 34.000044999727706], [-111.72627700028538, 34.000044999727706], [-111.72633400018677, 34.00004099974669], [-111.72679000029635, 34.00009499984747], [-111.72724700023085, 34.00014799973372], [-111.72727499981994, 34.0001519997097], [-111.72744499969926, 34.000171000151816], [-111.72757500029391, 34.00018599987069], [-111.72761399975366, 34.00019100002461], [-111.73046300038902, 34.00052399963534], [-111.73310000041398, 34.00083299977038], [-111.73331100030119, 34.000857000174875], [-111.73506700006911, 34.00106300032691], [-111.73651700041363, 34.00123299991705], [-111.73682399966196, 34.00126600022298], [-111.73933699983837, 34.00153899996025], [-111.73941499965618, 34.00155500034595], [-111.75070000007298, 34.0027709999857], [-111.76439800020874, 34.00428900011097], [-111.78484999997785, 34.00654799966971], [-111.78485699965053, 34.00655900007764], [-111.78559899999038, 34.006633000347875], [-111.78560999986104, 34.00664299989641], [-111.78702400022051, 34.006799999654056], [-111.78732200014636, 34.0068340001325], [-111.7876910002173, 34.00687399971431], [-111.79977300032719, 34.00821300004946], [-111.8055810003045, 34.00885699963148], [-111.81113499983859, 34.00947199973896], [-111.81115400010516, 34.00947499995011], [-111.83717299982713, 34.012356999726535], [-111.83727699958419, 34.01236900016287], [-111.85048500017352, 34.01383199970019], [-111.85059200030364, 34.0138439999281], [-111.86199700037103, 34.01510800028541], [-111.86211100017387, 34.01512100033685], [-111.8641359995553, 34.01534500016539], [-111.86512300011753, 34.01541500022329], [-111.87052299966584, 34.01600799988739], [-111.87056799987168, 34.016012999854425], [-111.87425500020805, 34.016423999857885], [-111.87464699984521, 34.016476999978], [-111.87569299995867, 34.0166179996447], [-111.89051699967553, 34.018214999884364], [-111.89092000008166, 34.0182579999622], [-111.89520499991953, 34.01871999980513], [-111.90317999956851, 34.01960399987068], [-111.9084109999607, 34.02018400003626], [-111.91465800032913, 34.020876000322275], [-111.91509199979909, 34.020963999863916], [-111.92453000021138, 34.021992999756165], [-111.92521899994944, 34.02207899978501], [-111.92574500037921, 34.02210400006273], [-111.92591899955818, 34.022123000060404], [-111.92615600028297, 34.02214900024628], [-111.92624900016936, 34.022160000122085], [-111.92649299966853, 34.02218700021722], [-111.93363600036261, 34.02297800002094], [-111.9343960002458, 34.02311199994459], [-111.93825599993622, 34.02352899999797], [-111.94983799955563, 34.0247809996671], [-111.95369899996928, 34.025199000339256], [-111.95951299979434, 34.025836999864296], [-111.99238999980504, 34.02943900009227], [-111.9936190002166, 34.029578000149094], [-111.9961959999671, 34.029866000115234], [-111.99873000005991, 34.0301350001597], [-112.00070000008807, 34.03034400022271], [-112.00342099977863, 34.030655999992916], [-112.00347799968003, 34.030661999662286], [-112.00569399975552, 34.03091699973541], [-112.00964600040575, 34.03135199975545], [-112.01296100029813, 34.031716999822734], [-112.01548799981991, 34.03199499968947], [-112.02687799981871, 34.033223999871446], [-112.03060000031519, 34.03362400003136], [-112.03084999966211, 34.033651000201274], [-112.03617599959057, 34.03422500023605], [-112.03691299990754, 34.0343050003683], [-112.04705000010365, 34.03541499962917], [-112.04785799966741, 34.035502999727214], [-112.05513299970765, 34.03629099971676], [-112.05746500013407, 34.03654399974535], [-112.05869000034767, 34.036677000084445], [-112.06488300028944, 34.0373480000819], [-112.06492599994715, 34.037353000280504], [-112.06528499997233, 34.037389999656746], [-112.0653179995843, 34.03739400011144], [-112.06630099994858, 34.037500999921726], [-112.08274900008722, 34.039282999843834], [-112.08374599979685, 34.03939199968469], [-112.08435000004445, 34.03945699993286], [-112.08482799989532, 34.039509000095485], [-112.08530099972334, 34.0395610002263], [-112.08568800023595, 34.039603000194134], [-112.08640399973821, 34.039681000291914], [-112.08972299982855, 34.04004199992479], [-112.0994130001359, 34.04109599986148], [-112.09954600020528, 34.04111000009596], [-112.10045199967834, 34.0412080001838], [-112.1110719997482, 34.04235300000503], [-112.11216700026546, 34.04247200016065], [-112.11405100007991, 34.04267400036152], [-112.11473599962004, 34.0427409996844], [-112.11656400025632, 34.042947000181705], [-112.11732800033747, 34.0430290003705], [-112.11739100008666, 34.04303600032852], [-112.12013199986868, 34.04334299972502], [-112.12077100027636, 34.04337199986512], [-112.12571300006528, 34.0439510001766], [-112.14019399965044, 34.045559999829926], [-112.14563500010495, 34.0461650003591], [-112.14710700019074, 34.04630399980571], [-112.14858199975129, 34.046466000297634], [-112.14879000016376, 34.04648900007586], [-112.14909099956431, 34.04652199990862], [-112.14981600018571, 34.046600999974885], [-112.15144300008224, 34.046778000317815], [-112.15218899972172, 34.046857000145565], [-112.15220700016339, 34.0468590001497], [-112.1549479999454, 34.04715799986066], [-112.15544099986491, 34.04721100013755], [-112.15578099962354, 34.047247999679236], [-112.15840699977785, 34.04753399995728], [-112.1591700000341, 34.04761600017657], [-112.16282899988306, 34.0480080002926], [-112.16359299996421, 34.04808600010326], [-112.16435500039555, 34.04816500020104], [-112.16475799990336, 34.04816999976194], [-112.16471900044363, 34.04815500033405], [-112.16439200020545, 34.048049000182964], [-112.16415299983086, 34.0479699999771], [-112.16380899987426, 34.04781499968913], [-112.16355299978123, 34.04767799972695], [-112.16335000028997, 34.047543000275695], [-112.16325300020559, 34.04747099993466], [-112.16306099968665, 34.047253999663766], [-112.16299100026477, 34.04716300022527], [-112.16295000025688, 34.04709999992695], [-112.1628199996622, 34.04687300017709], [-112.16258899968354, 34.04633299967759], [-112.16257100014019, 34.04626400019713], [-112.16256500029242, 34.04612099989778], [-112.16253900035315, 34.04590700030577], [-112.16244200026877, 34.04541299975573], [-112.1623950004131, 34.04527499998588], [-112.16232900029085, 34.04514300012529], [-112.16218899965048, 34.04484199995671], [-112.16217799977981, 34.04480700016204], [-112.1621130003808, 34.04438099982323], [-112.16207099964969, 34.043811000184654], [-112.16203399983976, 34.04341900001983], [-112.16199899967967, 34.04291900031698], [-112.16194599997621, 34.04270900029214], [-112.16191800038713, 34.042640999775685], [-112.16188300022702, 34.04257599973459], [-112.16181999957952, 34.042481000271955], [-112.16172400021837, 34.04236200012898], [-112.16169699955587, 34.0423340000711], [-112.16163100033197, 34.042287000059424], [-112.16151900017894, 34.04223099988486], [-112.16147800017109, 34.042230000200405], [-112.16125999971287, 34.04229699987404], [-112.16115099993291, 34.042331000277], [-112.16099600012222, 34.04239599976155], [-112.16092199960406, 34.04243500002384], [-112.16085600038014, 34.042481000271955], [-112.160705999694, 34.04261099970566], [-112.16059600008916, 34.04272199983739], [-112.16052199957099, 34.04280999979833], [-112.16037900035417, 34.04303200013993], [-112.16032900012544, 34.04308999987861], [-112.16029800016332, 34.04311499992057], [-112.16022799984312, 34.04315800003504], [-112.15976199968779, 34.04342300019016], [-112.15968700024304, 34.04345999989597], [-112.1592479998519, 34.043619000117666], [-112.15892200033697, 34.043722000106854], [-112.15883899959798, 34.043742000140824], [-112.15866799989375, 34.04377199981083], [-112.1585370003725, 34.04377599996452], [-112.15840699977785, 34.04377199981083], [-112.15799699969902, 34.04364899983113], [-112.1575079999775, 34.04349500024653], [-112.15720400020388, 34.043396000153244], [-112.15669700004067, 34.04323199966171], [-112.15657700039006, 34.043189000329114], [-112.15649100017635, 34.04317600011113], [-112.15627299971813, 34.04316799974697], [-112.15613899982382, 34.04317100025579], [-112.15614300002179, 34.04306999969083], [-112.15616599958801, 34.04288700024752], [-112.15594800002812, 34.04277999978803], [-112.15547799967484, 34.042514999856834], [-112.1553909996362, 34.0424700000531], [-112.1552070004115, 34.04241800021711], [-112.15507500016703, 34.04233800029262], [-112.15468199980664, 34.04209899975238], [-112.15455100028538, 34.04201999995825], [-112.15422200039741, 34.04182100024501], [-112.15414500040451, 34.04177499963891], [-112.15364699956385, 34.04090900033623], [-112.15367400022633, 34.04085200029548], [-112.15384499993054, 34.04050799983692], [-112.15389900035723, 34.040396000078964], [-112.15393600016714, 34.040322999917855], [-112.15420499978065, 34.04021200036829], [-112.1543210001316, 34.04016599963385], [-112.1543489997207, 34.040152999696886], [-112.15443499993442, 34.04011800020019], [-112.15446400024676, 34.04010699967483], [-112.15495799999117, 34.03990599977126], [-112.15651700011561, 34.040010999969205], [-112.15655700029858, 34.04001199967976], [-112.15779599985757, 34.040064999956556], [-112.15869499965794, 34.04004299963503], [-112.1602129997745, 34.039348000175536], [-112.16168999988318, 34.03875700002253], [-112.16259799990439, 34.0383190000712], [-112.16333100002339, 34.037966999650635], [-112.1638809998443, 34.037370000358024], [-112.16387800036958, 34.037345000111486], [-112.16423599967155, 34.03701699997548], [-112.16424400006746, 34.03700500004629], [-112.16438499963445, 34.0368490000683], [-112.16444800028195, 34.03675499989527], [-112.16460399991756, 34.0364989997513], [-112.16470199982685, 34.036299999739605], [-112.16471500024565, 34.03626599989665], [-112.16477200014707, 34.036055999776366], [-112.16487699972905, 34.035381999941116], [-112.16490000019357, 34.0351320002179], [-112.16493299980553, 34.03491900021193], [-112.16497999966121, 34.0347449997472], [-112.16503999993567, 34.03457299996389], [-112.16505800037733, 34.03446699995838], [-112.1650630004002, 34.034323999867546], [-112.16506800042308, 34.034287999676536], [-112.16512500032448, 34.03404200031984], [-112.16522700043173, 34.033731000130345], [-112.16527599993722, 34.033557000206784], [-112.16534999955707, 34.03313199973167], [-112.16535700012808, 34.033061000348575], [-112.1653599996028, 34.03299799999692], [-112.16536299997586, 34.032882999872534], [-112.16539700031103, 34.03224700007228], [-112.1653870002653, 34.03203400026736], [-112.16531399957205, 34.03157599992782], [-112.16527799958703, 34.03143899978962], [-112.16525900021878, 34.031331999777784], [-112.16523699957915, 34.03126399981837], [-112.16516299995932, 34.031098000060865], [-112.16507900029373, 34.030895999837185], [-112.16507500009577, 34.03082500007184], [-112.16507099989781, 34.03047000035392], [-112.16506000002715, 34.030294000047874], [-112.16503099971483, 34.03008300020656], [-112.16497899983631, 34.02987400024513], [-112.16493500035367, 34.029628999834344], [-112.16494600022433, 34.02938000011717], [-112.16497499963833, 34.028956000149115], [-112.16497899983631, 34.02881400029022], [-112.16497399981343, 34.0286730000379], [-112.1649439996762, 34.02831900009851], [-112.1648730004294, 34.027969000325854], [-112.1648180001778, 34.02779700020633], [-112.1647810003679, 34.027695999947724], [-112.16476100027641, 34.02759100014109], [-112.16475100023065, 34.02741300010121], [-112.16474500038288, 34.02720000007298], [-112.16477399979688, 34.0269540002664], [-112.16475999955318, 34.02692100026535], [-112.16463700042785, 34.02673400001692], [-112.1645699995824, 34.02664200028488], [-112.16449099993966, 34.026514999811205], [-112.1643870001826, 34.02631999969291], [-112.1643650004413, 34.02628999980674], [-112.1643520000225, 34.026257000292], [-112.16432000023542, 34.025938999978464], [-112.16429500012109, 34.02583500010898], [-112.16421999977801, 34.02563100025256], [-112.1641400003104, 34.02546599978006], [-112.16403999985296, 34.025307999663106], [-112.16400200021812, 34.025207000164635], [-112.1639650004082, 34.02503199999706], [-112.16395600018737, 34.02496199968012], [-112.16395199998941, 34.02485499969026], [-112.1639650004082, 34.024715000195684], [-112.16388199966921, 34.02455100006855], [-112.16386599977568, 34.02448199999295], [-112.1638170002702, 34.02419999974834], [-112.16380100037668, 34.0241310001319], [-112.16375000032305, 34.02395799977872], [-112.16366199956119, 34.023683999995384], [-112.16357799989561, 34.023408000259536], [-112.1635000000778, 34.02316899999243], [-112.16329400021347, 34.02270200022276], [-112.16313699985463, 34.02233299967309], [-112.16277700000452, 34.02145999970297], [-112.16274299966935, 34.02139399988257], [-112.16266400002662, 34.021267999676795], [-112.16263399988938, 34.02120199970708], [-112.16261100032318, 34.02113399982003], [-112.16256899959205, 34.02103299982148], [-112.16252000008659, 34.02093400031807], [-112.16248099972852, 34.02087099989716], [-112.16239100021514, 34.02075000009209], [-112.16233599996357, 34.020691000032286], [-112.16232300044307, 34.02068099990448], [-112.16228900010789, 34.02064699975904], [-112.16228099971198, 34.020639000248394], [-112.16225899997067, 34.02060899984317], [-112.16225300012287, 34.020601000328966], [-112.1622480001, 34.020592000129994], [-112.1622470002751, 34.020581999990576], [-112.16224200025222, 34.02056600021173], [-112.16223999970408, 34.020532000020225], [-112.16224300007713, 34.02051400035132], [-112.1622470002751, 34.02047900019822], [-112.16225300012287, 34.02040999979031], [-112.1622539999478, 34.020380999990586], [-112.16225300012287, 34.02032900001684], [-112.16225499977271, 34.020271000352196], [-112.16225800014575, 34.02024800016607], [-112.16225800014575, 34.0202360000989], [-112.16225499977271, 34.020156000103896], [-112.16225300012287, 34.020104999937494], [-112.16224300007713, 34.020044000282155], [-112.16223999970408, 34.0200330001321], [-112.16223399985631, 34.02001700024982], [-112.16222700018363, 34.02000200031088], [-112.16220299989418, 34.019957999680514], [-112.16216000023645, 34.019893000128945], [-112.16214599999277, 34.01987500032448], [-112.16213400029719, 34.01986400015258], [-112.16210499998488, 34.019844999649216], [-112.1620649998019, 34.01982100014373], [-112.16204600043365, 34.01977600021507], [-112.16175199980746, 34.01958999980999], [-112.16140799985085, 34.01950400023747], [-112.16119500031385, 34.019312000254125], [-112.16106999974208, 34.0185750000543], [-112.1610770003131, 34.01798099973705], [-112.1611280003667, 34.01771699975097], [-112.16130400009379, 34.01745600036224], [-112.16148599966867, 34.017268000128475], [-112.16200299987763, 34.01677900025576], [-112.1622620003437, 34.01652500012851], [-112.16241999962914, 34.016234000335466], [-112.16255400042176, 34.01595500021907], [-112.16264300011022, 34.01579200028721], [-112.16287800028687, 34.015409000220544], [-112.16300299996033, 34.015219999918415], [-112.16307400010545, 34.01513000037123], [-112.16309400019693, 34.015098000244485], [-112.16315899959595, 34.01492700010743], [-112.16317100018983, 34.01485699964719], [-112.16318100023555, 34.01482200014], [-112.16320200015197, 34.01476799972323], [-112.16354199991059, 34.01454399986146], [-112.16384400003436, 34.014067000131234], [-112.16434000032693, 34.0134750003356], [-112.16428400025043, 34.01319800014063], [-112.1643520000225, 34.013099999718115], [-112.16437999961158, 34.013072999711], [-112.1644430002591, 34.01302299978546], [-112.16458399982609, 34.01293900032085], [-112.16473899963678, 34.0128729998322], [-112.1653310001888, 34.012646000084004], [-112.16553700005312, 34.01258600031491], [-112.16574899976523, 34.01254399963218], [-112.1660070004064, 34.01251099998537], [-112.16624699970761, 34.01250199967331], [-112.16646799964055, 34.01261799989919], [-112.16668000025096, 34.01274400028597], [-112.16677899998515, 34.012813000223474], [-112.16703500007819, 34.01305700000611], [-112.16708699995675, 34.01311500013203], [-112.16727299972958, 34.01335699974209], [-112.16744000013416, 34.01368799981175], [-112.16765100002135, 34.014195999901176], [-112.16779499996139, 34.01445600036572], [-112.16787799980207, 34.014582000258585], [-112.16798800030526, 34.01477699979509], [-112.16810399975789, 34.0150089998286], [-112.16822299958358, 34.01519999986185], [-112.16861299957093, 34.01571699981144], [-112.1690760002515, 34.01623700030775], [-112.16966100023251, 34.016859999693864], [-112.16991599960234, 34.017099999836574], [-112.16995800033341, 34.01714099977451], [-112.16997699970169, 34.01715800017883], [-112.17020500020563, 34.01732399965547], [-112.1705199998499, 34.01751599966799], [-112.17070800017088, 34.01760599966399], [-112.1710699996708, 34.01773100012057], [-112.17132300028912, 34.01778400016927], [-112.17149599964316, 34.01780199967254], [-112.17151800028277, 34.01780299964479], [-112.1715829996818, 34.017806000306216], [-112.17197600004219, 34.01779999972791], [-112.1720620002559, 34.017788000059184], [-112.17240100018962, 34.01772099964409], [-112.1724840000303, 34.01770000020318], [-112.17312500008781, 34.01747399993506], [-112.17331800043165, 34.0173920003611], [-112.1736520003425, 34.017222000356405], [-112.17417700004904, 34.01690199973058], [-112.1742439999962, 34.016855999760175], [-112.1744549998834, 34.01667500033072], [-112.17488800042676, 34.016096000008226], [-112.17495899967355, 34.01600699989394], [-112.17539999971451, 34.01539000020923], [-112.17542499982885, 34.01536100018372], [-112.17564999995976, 34.015133999641634], [-112.17578399985406, 34.01500099978665], [-112.17615200010012, 34.014600999706175], [-112.17626799955275, 34.0144940000576], [-112.17635499959137, 34.01442099994865], [-112.17660800020968, 34.01436399998308], [-112.17694999961813, 34.01430900000618], [-112.17706199977111, 34.01429499981684], [-112.17709399955817, 34.01428999974862], [-112.17719099964255, 34.01427800032837], [-112.1772090000842, 34.014276000300775], [-112.17722400015283, 34.0142730002592], [-112.17742300034445, 34.01424399985213], [-112.17750799983497, 34.014226000339086], [-112.17761300031526, 34.01419899994548], [-112.17771600024743, 34.01417300030291], [-112.17813899984672, 34.01408499967799], [-112.17852700018425, 34.01403600036511], [-112.17865699988057, 34.0140270002147], [-112.17878599975202, 34.01401399999579], [-112.17891700017158, 34.01400099977483], [-112.17917800028748, 34.01394999963357], [-112.17927199999882, 34.013874999764326], [-112.1793480001668, 34.01384099987126], [-112.17942799963444, 34.0138130000805], [-112.17955200038129, 34.01377700012327], [-112.17980199972823, 34.01371300032702], [-112.18009899982916, 34.013655999886126], [-112.18031300008941, 34.01362199990536], [-112.18040299960276, 34.01361299971106], [-112.18066000041905, 34.013588999932914], [-112.18100500020054, 34.01354899979118], [-112.18121799973757, 34.01350899963061], [-112.18142600015003, 34.0134559998914], [-112.18162600016656, 34.013385999707516], [-112.18179299967281, 34.01331500018541], [-112.1820220000017, 34.013211999766234], [-112.18209499979662, 34.01317300021835], [-112.18233400017121, 34.01301700035837], [-112.18246200021774, 34.01291999975675], [-112.18261200000558, 34.012790000250526], [-112.18266899990697, 34.01273600003058], [-112.18291199958122, 34.012482999755996], [-112.18303299995505, 34.012333999630066], [-112.18309599970422, 34.012239999850884], [-112.18313300041247, 34.01217500034669], [-112.18323899981937, 34.01193999989121], [-112.18327599962929, 34.011837000037914], [-112.1832980002689, 34.01173099992827], [-112.18331099978937, 34.0115890002906], [-112.18332300038325, 34.01101699990082], [-112.18336100001811, 34.010409000229586], [-112.18334299957644, 34.010230999898795], [-112.18332099983513, 34.010088999986436], [-112.18327499980437, 34.009913999925196], [-112.18314400028312, 34.00953599975337], [-112.18312800038959, 34.00949399979586], [-112.18290699955833, 34.008921000109424], [-112.18280100015144, 34.008686999663574], [-112.18274699972477, 34.00858899999174], [-112.18264100031787, 34.00847499963849], [-112.18244200012626, 34.008285000198946], [-112.18240199994327, 34.00824100019759], [-112.18204600029112, 34.007858000322784], [-112.18196500010026, 34.00776299996592], [-112.18183100020596, 34.00758899967165], [-112.18176699973355, 34.0074949998522], [-112.18128899988267, 34.00673100004299], [-112.18113599972177, 34.00643400029988], [-112.18097900026126, 34.00626299984126], [-112.18087100030624, 34.00617399984522], [-112.18073300021398, 34.00605999997339], [-112.18047000044824, 34.00582100001315], [-112.18039099990722, 34.00574199995321], [-112.1803559997471, 34.00549300016], [-112.18033300018088, 34.00513599999035], [-112.18032300013516, 34.004742000363954], [-112.18034999989932, 34.00449199974391], [-112.18037500001367, 34.004099000242405], [-112.18037900021164, 34.004059000098295], [-112.18038300040959, 34.00402799965718], [-112.18043600011305, 34.00381800019066], [-112.18052200032676, 34.003577999738965], [-112.18065600022106, 34.003313000252064], [-112.18076400017611, 34.00315800029546], [-112.18083500032122, 34.00306799987848], [-112.1813130001721, 34.00255699978269], [-112.18139600001278, 34.00247399979899], [-112.18157900031089, 34.002319999955326], [-112.18178000015234, 34.00218300025623], [-112.18193199958999, 34.00211299971587], [-112.18205799998671, 34.00208300021133], [-112.18218600003321, 34.00206400019697], [-112.18248899998191, 34.00203299977242], [-112.18262000040149, 34.00202700031353], [-112.18275099992273, 34.00202899988496], [-112.1827919999306, 34.00202100010953], [-112.18287099957332, 34.00199300014477], [-112.18290900010646, 34.001975000268935], [-112.18312400019163, 34.00185300018261], [-112.18331300033752, 34.00176299987229], [-112.18338600013246, 34.00172400027916], [-112.18384100041712, 34.001446999732195], [-112.18408200044155, 34.001293000260645], [-112.18419500041945, 34.00120499969254], [-112.18443200024592, 34.001023000242476], [-112.18488499998246, 34.00068800000607], [-112.18494500025692, 34.00063599988649], [-112.18499999961017, 34.000579999779376], [-112.18509500004473, 34.00046099970849], [-112.18519700015197, 34.000302999970074], [-112.18522999976395, 34.0002359999074], [-112.18528199964247, 34.00010000000674], [-112.18530000008414, 33.99999400014127], [-112.18531599997768, 33.9999599999035], [-112.18549900027578, 33.99967599975124], [-112.18551500016929, 33.99964300031705], [-112.18553600008569, 33.99946499976281], [-112.185529000413, 33.99932299972262], [-112.18550900032152, 33.99914499998735], [-112.185521999842, 33.99893199978042], [-112.18551199979625, 33.99882499975113], [-112.18551900036726, 33.99871899978417], [-112.18553299971265, 33.99867299964492], [-112.18558600031442, 33.99851199970613], [-112.18568699969845, 33.99809100032989], [-112.18574299977493, 33.997956000180174], [-112.18579800002652, 33.997859000249], [-112.18587400019449, 33.99777200005533], [-112.18591799967712, 33.997709999785876], [-112.18597499957852, 33.997575999985905], [-112.186042000424, 33.997444999865934], [-112.18615399967867, 33.997292000055694], [-112.18617299994524, 33.99725999990962], [-112.18624900011322, 33.997174000062536], [-112.18651600007692, 33.99699399985817], [-112.186587000222, 33.99695400009201], [-112.1868459997898, 33.996825999670946], [-112.18715799995931, 33.99663300031811], [-112.18722400008157, 33.996586999794076], [-112.18740999985441, 33.996495999639244], [-112.18748600002239, 33.99646399993813], [-112.18763400016039, 33.99638900026559], [-112.18767400034338, 33.99637800002996], [-112.18778800014618, 33.99632799995672], [-112.18804900026208, 33.996204000243985], [-112.18816899991268, 33.996164000105814], [-112.18845699979279, 33.99608600022912], [-112.1885000003488, 33.99607499995431], [-112.18873800000019, 33.99598800016795], [-112.18885199980299, 33.99593900009497], [-112.18899800029116, 33.99586399995891], [-112.18907399956083, 33.995830999788694], [-112.1893449997225, 33.9956530001843], [-112.18955700033291, 33.99552900023109], [-112.1896769999835, 33.995440000159114], [-112.18977099969483, 33.99532100033564], [-112.18982900031948, 33.99526899990983], [-112.19001599991724, 33.995071000288746], [-112.1901049996057, 33.99493700005018], [-112.19020300041329, 33.99479199990408], [-112.19025299974369, 33.99473299968134], [-112.19045600013328, 33.994547999777645], [-112.19058800037774, 33.994405999711184], [-112.19089799999915, 33.994019999998955], [-112.19107999957403, 33.993818999682176], [-112.19119199972702, 33.99371000014899], [-112.1912889998114, 33.993638999817485], [-112.19145600021598, 33.99348700011479], [-112.19163799979086, 33.99332299999335], [-112.19169399986734, 33.993267999795485], [-112.19188100036344, 33.993119000218], [-112.19195400015836, 33.9930489996565], [-112.19197000005188, 33.99301599988253], [-112.19218299958891, 33.99274699989253], [-112.1922110000763, 33.99270700036114], [-112.19225000043436, 33.99265499982508], [-112.19260199988855, 33.99212200031576], [-112.19271300021664, 33.991927999682595], [-112.19285299995872, 33.99158999997843], [-112.19288899994373, 33.991488000306006], [-112.19294699967006, 33.99143399994797], [-112.1929919998759, 33.991372999805606], [-112.19302399966296, 33.99130699968777], [-112.19304299992953, 33.99122699999529], [-112.19307800008961, 33.99116099976406], [-112.19308599958723, 33.99114099999986], [-112.1931969999153, 33.990876999989744], [-112.19320600013614, 33.9908570001587], [-112.19323700009826, 33.99079000009452], [-112.19326800006043, 33.990724000268635], [-112.1933450000533, 33.99041699970524], [-112.19337400036564, 33.990303000285955], [-112.19339500028204, 33.990088999956946], [-112.19340100012981, 33.98973199984789], [-112.1934079998025, 33.989625000149005], [-112.19344700016056, 33.98925800022084], [-112.19345399983325, 33.9891970000061], [-112.193463999879, 33.98887000033079], [-112.19345800003123, 33.988727999713205], [-112.19348200032067, 33.98858600034798], [-112.193463999879, 33.988300000266435], [-112.19347499974965, 33.98798399995294], [-112.19347700029779, 33.98794300009013], [-112.19351699958244, 33.98769499984436], [-112.1935049998869, 33.98758799981516], [-112.19350700043503, 33.987551999914274], [-112.19353900022207, 33.98737600001379], [-112.19353000000125, 33.98673199994574], [-112.19353500002411, 33.98626700008609], [-112.19352300032854, 33.986196000239254], [-112.19355400029069, 33.98612999982488], [-112.1935769998569, 33.986060999810874], [-112.19362600026069, 33.985777000124074], [-112.19362600026069, 33.9857059998679], [-112.1935979997733, 33.9855290002614], [-112.19359600012348, 33.9854930002332], [-112.19360199997126, 33.98534199972116], [-112.19360899964396, 33.98520700017084], [-112.19360199997126, 33.98502800029842], [-112.19360399962108, 33.98495700016143], [-112.1936329999334, 33.98470799977865], [-112.19363499958322, 33.984635999756335], [-112.19361799986477, 33.98452999996427], [-112.19359600012348, 33.98446100014102], [-112.19359899959821, 33.984414000110604], [-112.19360100014633, 33.98438899990953], [-112.1935979997733, 33.98427600021978], [-112.1935969999484, 33.9842299997098], [-112.193612000017, 33.98419599986737], [-112.19362899973544, 33.98413800010484], [-112.1936329999334, 33.98412699977297], [-112.19367399994128, 33.9840250000814], [-112.19368399998703, 33.9839899997866], [-112.19370999992628, 33.983859000321644], [-112.19372900019286, 33.9837639999408], [-112.19375400030722, 33.98363700013618], [-112.19375599995705, 33.98357000033875], [-112.19376000015501, 33.98349400008212], [-112.19374400026149, 33.983352000165425], [-112.19371499994917, 33.98298400032644], [-112.19371400012426, 33.98295899970475], [-112.19372499999491, 33.982888000074055], [-112.19376400035297, 33.98279799978549], [-112.19378400044444, 33.982729000046], [-112.19380000033799, 33.98261799966737], [-112.19380500036087, 33.98258700034102], [-112.1937740003987, 33.98219400006777], [-112.19378299972124, 33.98206799980017], [-112.19379699996493, 33.98188499993024], [-112.19393400023228, 33.98188499993024], [-112.19396900039239, 33.98075300015634], [-112.19398799976064, 33.98013399978427], [-112.1939929997835, 33.97997699990954], [-112.19400000035452, 33.97975400033879], [-112.19406399992862, 33.978923000113674], [-112.19414000009661, 33.97792900036767], [-112.19436699987732, 33.9773200003111], [-112.19456100004608, 33.97679900022519], [-112.19460200005398, 33.976691000176764], [-112.19479100019986, 33.97618300001244], [-112.19485999979682, 33.97610000033795], [-112.19492000007129, 33.97602799972894], [-112.19599499959875, 33.97473700010622], [-112.19624900004195, 33.9744320001239], [-112.1964909998913, 33.974158999710056], [-112.19677100027378, 33.97393500003382], [-112.19700200025247, 33.97377100017608], [-112.19722599966013, 33.97360100002601], [-112.19749299962383, 33.97341700005895], [-112.19767199972397, 33.97331599993209], [-112.19784199960328, 33.97320499992715], [-112.19823900016162, 33.97298499973754], [-112.19854700013322, 33.97278700034673], [-112.1987520001726, 33.97267499989263], [-112.1988009996781, 33.97264900020511], [-112.19891600020414, 33.972597999820806], [-112.19902800035715, 33.972541999860255], [-112.19918499981765, 33.97247999980763], [-112.19921999997774, 33.97245900035637], [-112.19928199990204, 33.97240900036477], [-112.19935100039733, 33.97236600016973], [-112.19987600010388, 33.972111000073525], [-112.1999559995715, 33.972060999877364], [-112.19998400005892, 33.972041999854675], [-112.20006799972451, 33.97198700003964], [-112.2000970000368, 33.97196899976733], [-112.20014100041773, 33.97194599991055], [-112.20027500031203, 33.971878999838744], [-112.20031999961958, 33.9718569997258], [-112.20036200035068, 33.97179400014978], [-112.2004839996511, 33.97164599994524], [-112.20053600042795, 33.97158900033136], [-112.20060199965188, 33.971541999889084], [-112.20104400041608, 33.97131400018033], [-112.20112200023388, 33.97128199993702], [-112.20120300042474, 33.971255000048295], [-112.20129200011318, 33.97120800016639], [-112.20135200038764, 33.97100700028317], [-112.20130899983164, 33.97092899966682], [-112.20135300021256, 33.97075899979474], [-112.20137900015183, 33.97072000012678], [-112.20159099986394, 33.97067099963987], [-112.20166899968174, 33.97064899995941], [-112.20198500004922, 33.97064800017698], [-112.20215699957838, 33.970634000241716], [-112.2024479998315, 33.970610000240995], [-112.20275800035121, 33.97051700026717], [-112.2028560002605, 33.97049600033109], [-112.20286999960591, 33.97049600033109], [-112.20328600043084, 33.97042299966156], [-112.20359199985425, 33.97046600009413], [-112.20374800038819, 33.97048900035125], [-112.20389999982584, 33.97047200029136], [-112.20438100004976, 33.970356999665654], [-112.20469800024219, 33.97031300013656], [-112.2050809996585, 33.97019199982422], [-112.20542999963794, 33.97017000001989], [-112.20613199979483, 33.97000899972053], [-112.20669400020962, 33.96995199975434], [-112.20711900035705, 33.969910000343006], [-112.20742700032864, 33.96987800031638], [-112.20784200043033, 33.969858999805936], [-112.20847500009191, 33.96966099984134], [-112.20883499994201, 33.969525999973726], [-112.20940200037968, 33.96931200023001], [-112.20984199969743, 33.96914699985106], [-112.21034100036303, 33.96895899997733], [-112.2115709997012, 33.96849600010921], [-112.21163799964835, 33.96847099969709], [-112.21171700018937, 33.96844100023576], [-112.21266399967031, 33.96808499991017], [-112.21272599959458, 33.96806199974789], [-112.21347799998019, 33.967779000092655], [-112.2143800001536, 33.967405000227735], [-112.2150079997923, 33.96714500029277], [-112.21510200040196, 33.96680900003633], [-112.21504899980019, 33.96654499970184], [-112.2149299999745, 33.965995000160305], [-112.21458000017014, 33.96562699969482], [-112.21447399986492, 33.965248000077786], [-112.21446600036732, 33.96522300020094], [-112.21444100025296, 33.96514299980061], [-112.2143950002222, 33.96442900014059], [-112.21442399963621, 33.9644130002152], [-112.21446800001715, 33.964389999804965], [-112.21451200039807, 33.964366000277295], [-112.21454199963699, 33.96435100019652], [-112.2144439997277, 33.96415200021573], [-112.21441799978842, 33.964079000061126], [-112.2144160001386, 33.96404799993574], [-112.21442000033656, 33.96401300035737], [-112.21445499959835, 33.963872999664666], [-112.21449399995642, 33.96377100026021], [-112.21451099967486, 33.963738000295216], [-112.21456000007865, 33.96367900012272], [-112.21461799980496, 33.96362599984445], [-112.21468700030024, 33.96358199981331], [-112.21486700022533, 33.9634850001383], [-112.21494800041617, 33.96345999974329], [-112.21495900028683, 33.96345499966342], [-112.2151819998696, 33.96336600027839], [-112.21522799990032, 33.96332999980588], [-112.21557900042794, 33.963120000347025], [-112.21567399996417, 33.963084999641744], [-112.21581700007931, 33.96303300035547], [-112.21620700006665, 33.9628729998304], [-112.21649599977165, 33.96271299974941], [-112.21679399969747, 33.962565000133004], [-112.21695500025427, 33.96251000014954], [-112.21707800027792, 33.96249100022826], [-112.2171259999585, 33.9624840003346], [-112.21733400037097, 33.962430000177804], [-112.2175779998701, 33.96238700015259], [-112.21774000025184, 33.96233399981438], [-112.2177879999324, 33.962313000093], [-112.21789500006251, 33.962269000127705], [-112.21805800026915, 33.962215999715994], [-112.2181829999426, 33.962186000283666], [-112.21842899998991, 33.9621149996975], [-112.2185079996326, 33.96208400034645], [-112.21857899977773, 33.96204299991353], [-112.21862399998356, 33.96201000002323], [-112.21870199980138, 33.961977000120136], [-112.21886800038105, 33.961935999635685], [-112.2193160000947, 33.961795000108495], [-112.21947199973032, 33.96173099989722], [-112.21958499970822, 33.96167700000744], [-112.21986199971766, 33.9615740003159], [-112.22008699984855, 33.96146499966734], [-112.22052799988953, 33.9612349999801], [-112.22064300041556, 33.96118300030798], [-112.22122800039658, 33.96094499994164], [-112.22174100040756, 33.960749999783815], [-112.22193700022613, 33.96067200019162], [-112.22227299978681, 33.960507000188144], [-112.22251899983411, 33.960358999714046], [-112.22272100039879, 33.96022300007837], [-112.223040000241, 33.96003599975871], [-112.22307200002805, 33.9600109998402], [-112.22323199986162, 33.95984199966198], [-112.22329600033405, 33.959794000268765], [-112.22343600007612, 33.95970899967809], [-112.22349700017548, 33.959657999729906], [-112.22369999966676, 33.95947099965848], [-112.22379400027641, 33.95939600012791], [-112.22386100022356, 33.959350000313606], [-112.22397000000352, 33.95929299990988], [-112.22449899990802, 33.958918999986636], [-112.22485100026053, 33.95865199998187], [-112.2250250003378, 33.95852799969754], [-112.22505499957671, 33.95849799970974], [-112.22509200028495, 33.95846699978573], [-112.22511599967608, 33.958443000077175], [-112.22512800026996, 33.95842699977098], [-112.2251449999884, 33.958405999830255], [-112.22523000037722, 33.958319000233324], [-112.22524500044581, 33.95830399983136], [-112.22530200034723, 33.95825499964228], [-112.22531599969261, 33.958249000073415], [-112.22537900034011, 33.95816999974924], [-112.2254479999371, 33.95808399984111], [-112.22588099958215, 33.957541000285474], [-112.22596199977299, 33.95741400005811], [-112.22602100022256, 33.95731700005604], [-112.22614300042129, 33.957168999993335], [-112.2263149999504, 33.956990999899155], [-112.22647899998195, 33.95679099989323], [-112.22646399991334, 33.9566789999826], [-112.22647300013416, 33.956640999766535], [-112.22649900007342, 33.95657300035715], [-112.22659399960966, 33.95637300011379], [-112.22661500042437, 33.95634200016063], [-112.22671800035654, 33.956226999803185], [-112.22717399956781, 33.95579500009103], [-112.22723499966719, 33.95574400003203], [-112.22761600033202, 33.9554529999432], [-112.22782800004411, 33.955327000287326], [-112.22786099965606, 33.955303999655904], [-112.2282489999936, 33.95496599963705], [-112.2283050000701, 33.95491199992409], [-112.2284880003682, 33.954713000216984], [-112.22854400044469, 33.95465799962795], [-112.22867599979085, 33.95456600006705], [-112.22888800040127, 33.954440999815795], [-112.22908400021986, 33.95429999978885], [-112.22923099963462, 33.954185999627995], [-112.22966699965274, 33.95413200016518], [-112.23040399996971, 33.954041999990835], [-112.23151600020539, 33.9546799997188], [-112.23217999982913, 33.95507499967077], [-112.2329530001311, 33.95552400012835], [-112.2331990001784, 33.95566800023797], [-112.23342099993624, 33.955796000048046], [-112.23458400022558, 33.95593799978668], [-112.23589300010477, 33.9560979999429], [-112.23729700041851, 33.956269999961485], [-112.23797699993577, 33.95635300036163], [-112.23821200011241, 33.95638199966537], [-112.23846099963443, 33.95641199965419], [-112.24034799982195, 33.956642999660666], [-112.24018299996551, 33.956029000145286], [-112.23994299976599, 33.95513099995504], [-112.2396830003733, 33.95416200020217], [-112.23968199965009, 33.95393400010305], [-112.23968099982517, 33.95370900008282], [-112.23968000000025, 33.95347700032326], [-112.23967900017534, 33.95311100007813], [-112.23967599980229, 33.95233400019671], [-112.23969699971869, 33.95226700032448], [-112.24025800030857, 33.95049000010825], [-112.23929300038594, 33.949792000120375], [-112.23815900040896, 33.94897199964357], [-112.23740000035068, 33.94842399984611], [-112.23703999960226, 33.948168000211105], [-112.23579799967021, 33.94728599995003], [-112.23673199963066, 33.94597500005812], [-112.23750599975756, 33.94488700001114], [-112.23812400024886, 33.944458999729335], [-112.23980800004678, 33.943290000241234], [-112.23999499964452, 33.9431600000407], [-112.24012100004121, 33.94291900035898], [-112.24021800012561, 33.94273200001838], [-112.24030799963897, 33.94256100032371], [-112.24137100036918, 33.94052699977525], [-112.23853000012971, 33.939638999946986], [-112.23812400024886, 33.93962199968446], [-112.23601399958027, 33.9395340001128], [-112.23197999981257, 33.93636800004302], [-112.23174800000899, 33.9361850002234], [-112.23156499971088, 33.93604300032046], [-112.23167600003897, 33.935583000037575], [-112.23217399998134, 33.93351499975358], [-112.23344799970045, 33.928228000341456], [-112.23355300018073, 33.927791000203534], [-112.2339370003203, 33.92619900031223], [-112.2346560001956, 33.921609000087855], [-112.23471899994479, 33.92109899978833], [-112.23480599998344, 33.920393999981876], [-112.23483600012065, 33.92014800033229], [-112.23507799996997, 33.91819999970449], [-112.23506000042664, 33.916971000367234], [-112.23505100020581, 33.91640800002538], [-112.23556300039189, 33.91592500021034], [-112.23583200000539, 33.91567200031507], [-112.23645700016938, 33.915081000081614], [-112.23655099988069, 33.91506400013533], [-112.23816000023385, 33.91503399973951], [-112.23911500011071, 33.91501699978386], [-112.24079899990865, 33.91591800021449], [-112.24081999982505, 33.91592899967522], [-112.24089199979507, 33.91595100008336], [-112.24093799982583, 33.915969000277514], [-112.24294800003698, 33.9154620003118], [-112.24330000038948, 33.91428300013108], [-112.24348699998721, 33.913659999664254], [-112.24364299962282, 33.91313799996538], [-112.24352200014734, 33.91298199993182], [-112.24346100004796, 33.9128309996847], [-112.24305500016709, 33.91237499966459], [-112.24124199959944, 33.91001999970642], [-112.24072600011372, 33.9082610000985], [-112.24099399990232, 33.907568000263005], [-112.2410700000703, 33.90728000036855], [-112.24113100016966, 33.90721200030322], [-112.24139099956234, 33.90653899967013], [-112.2424359998509, 33.90579199970265], [-112.24303900027358, 33.90536100036448], [-112.24382199972298, 33.9052900001001], [-112.24455300019216, 33.90522400029491], [-112.24511600043188, 33.9051719999605], [-112.24528999961085, 33.90515699988681], [-112.2455680003435, 33.905132000255186], [-112.24898100014516, 33.90464099992039], [-112.24936600010965, 33.9045849999789], [-112.24973199980752, 33.904624999940864], [-112.25129500012996, 33.904986000053206], [-112.25201900002811, 33.90515299991643], [-112.2523839999011, 33.90523799980596], [-112.25309600010371, 33.90531099972243], [-112.25456399999156, 33.90546000026683], [-112.25473300004596, 33.90545499976243], [-112.25563600004429, 33.90542700006362], [-112.25570700018939, 33.905424999712025], [-112.25616199957575, 33.90541399964118], [-112.25673700040933, 33.905400000158984], [-112.25768200024045, 33.90524599973862], [-112.25792900011265, 33.905205000262434], [-112.25889900005814, 33.905043000284365], [-112.26066599969674, 33.90397699973762], [-112.26154899960358, 33.90246099964608], [-112.26162499977154, 33.902329000077735], [-112.26236200008852, 33.90135999963351], [-112.26280200030459, 33.900781999710254], [-112.26400999990143, 33.8995320001787], [-112.26418099960566, 33.89935600013055], [-112.26436399990376, 33.89920399972885], [-112.2645070000189, 33.89908799986783], [-112.26574599957787, 33.89807000009072], [-112.26671399987353, 33.897439999657514], [-112.26747700012977, 33.89694300034788], [-112.26775800033717, 33.89682399993635], [-112.26864600026688, 33.89644900010353], [-112.26889499978891, 33.896343999974135], [-112.26943799993714, 33.89611500025189], [-112.271350000239, 33.895211000253234], [-112.27179600030284, 33.894977000097796], [-112.27183899996055, 33.894954000315536], [-112.27291699986105, 33.89438800015314], [-112.27301700031849, 33.89433599992082], [-112.27302900001403, 33.894328999643356], [-112.273209999764, 33.8942339999753], [-112.2751580000509, 33.89340399978721], [-112.27631100029446, 33.89240899974168], [-112.27667799981728, 33.89209199978379], [-112.27739400021785, 33.890814000358326], [-112.27760400028014, 33.890439000198], [-112.27761000012791, 33.88985700013228], [-112.27761099995283, 33.889721999734164], [-112.27762199982348, 33.888606000041364], [-112.27743799970047, 33.8867810001928], [-112.2772639996232, 33.88596000009645], [-112.27705500028414, 33.88497700023512], [-112.2767079999545, 33.88399600034213], [-112.27632800001291, 33.88292000001862], [-112.27616800017933, 33.88246899997447], [-112.276940999583, 33.882663999659414], [-112.2841360001556, 33.88447400034517], [-112.28427900027076, 33.884509999853194], [-112.28542099974536, 33.8847969997998], [-112.28626500019246, 33.885010000149414], [-112.28979299962185, 33.88589700034036], [-112.29041399958787, 33.88605299997099], [-112.29088700031421, 33.88617299977959], [-112.29648000020636, 33.88757900031127], [-112.2971179998908, 33.887739999901186], [-112.29731000040975, 33.88778699963151], [-112.30722999997253, 33.89028199965914], [-112.3073339997296, 33.89030899987684], [-112.30775700022723, 33.89041499995857], [-112.30881099983829, 33.890679999959374], [-112.31100400034755, 33.891230999835486], [-112.31661599960795, 33.89264200027908], [-112.32014200028584, 33.89352800020996], [-112.32337400033754, 33.894338999719984], [-112.32453900027672, 33.894630999800384], [-112.32531199968038, 33.8948250000926], [-112.32535100003842, 33.89483500011108], [-112.32683900001776, 33.89520899966196], [-112.32767500006894, 33.8954179996834], [-112.33005600000087, 33.89596800035355], [-112.339675999988, 33.89840100008526], [-112.34187600016995, 33.89895800005466], [-112.34288299992535, 33.89921300010354], [-112.343294999654, 33.89931699980805], [-112.34358699973204, 33.89939100019449], [-112.34446499961601, 33.89961300022288], [-112.34475800041729, 33.899687000352415], [-112.34501600016016, 33.89975200010085], [-112.34579299976177, 33.89994900027468], [-112.34605200022787, 33.90001499968991], [-112.34608599966475, 33.90002300011262], [-112.34740100029003, 33.90035499984456], [-112.35134600036926, 33.90135399978341], [-112.35265500024845, 33.901676000336785], [-112.35266199992115, 33.90168700014432], [-112.35766300015959, 33.902941000217], [-112.35886300025884, 33.9032440002718], [-112.36687800009078, 33.905263999957], [-112.36761700005759, 33.90545099980603], [-112.37561400034618, 33.90746700026841], [-112.375940999686, 33.90754900000741], [-112.37608200015131, 33.907585000213395], [-112.37643100013076, 33.90767299999024], [-112.3765819997435, 33.907710999696356], [-112.38624799976141, 33.91014699981069], [-112.387028999561, 33.910343999821116], [-112.39306099984428, 33.911864000280985], [-112.39319399991365, 33.91189700022867], [-112.39392000035997, 33.912077999850055], [-112.39408500021644, 33.91212099994253], [-112.39460800027317, 33.912253000004135], [-112.3952159998204, 33.91240599997213], [-112.39687399967904, 33.912824000180194], [-112.3993769998097, 33.913454000247874], [-112.40572299991233, 33.91505200012736], [-112.40626699988546, 33.91518900005572], [-112.41039899956243, 33.916229999683594], [-112.41147800018618, 33.91650300033206], [-112.41169900011913, 33.916556999807824], [-112.41184499970899, 33.91659400035381], [-112.41267099971441, 33.91680100004961], [-112.41530000024179, 33.917463000155806], [-112.41593000042862, 33.91762199991197], [-112.41619499984418, 33.91768799980797], [-112.41653600032603, 33.91777400027347], [-112.41697300016904, 33.91788399987553], [-112.41869100030215, 33.918317000046834], [-112.42275500020706, 33.91936600032241], [-112.42310300036159, 33.919455999884455], [-112.42436200001207, 33.919781000286314], [-112.4278330004384, 33.92067800030003], [-112.42793200017259, 33.92070400021358], [-112.42889999956994, 33.92095300010223], [-112.4311209996683, 33.92152699971364], [-112.43118900033865, 33.921543999861306], [-112.43773000043497, 33.92323299972937], [-112.4431249999604, 33.92462599991642], [-112.44697399978017, 33.9256189997498], [-112.44990100023334, 33.926375000092534], [-112.45272300020623, 33.92708599987386], [-112.45649800040616, 33.92803799968198], [-112.4573889998106, 33.92826299973015], [-112.45751100000932, 33.928294000220255], [-112.45773600014022, 33.928350999769556], [-112.47121499999288, 33.93174899976322], [-112.47157300019319, 33.93183899965905], [-112.47518699983631, 33.932750999847094], [-112.47558500021955, 33.932851000205225], [-112.4784320003068, 33.9335669999351], [-112.47886099975389, 33.93367500032538], [-112.48332999971477, 33.93480399997975], [-112.48343600001998, 33.93483100025696], [-112.48361500012011, 33.934875999706136], [-112.4943220002286, 33.937570999793344], [-112.49434499979482, 33.9375830003557], [-112.49444799972699, 33.93760599981412], [-112.49483000021671, 33.937670999708104], [-112.49601400042245, 33.93796899990534], [-112.49751300027243, 33.9383449998114], [-112.49944300011764, 33.93882900010831], [-112.50032299965144, 33.93905000009727], [-112.501039000052, 33.93923299972141], [-112.50332100024973, 33.9398030000251], [-112.50469700007608, 33.9401469999988], [-112.51133000023387, 33.94181300005813], [-112.51310400044346, 33.942257999968895], [-112.51380700042527, 33.94243400009725], [-112.51423300039762, 33.942541999674006], [-112.51443800043704, 33.942593000192495], [-112.51481300035574, 33.942687000249705], [-112.51952599981578, 33.943869000339966], [-112.52372000031536, 33.94492099992042], [-112.52844700001911, 33.94610200021815], [-112.52866200010426, 33.94615600030504], [-112.5288689997935, 33.9462080002184], [-112.53036500016874, 33.946579999990156], [-112.53932900002977, 33.9488120002469], [-112.54403800019017, 33.94998500000641], [-112.55247200032177, 33.952083999659415], [-112.55612500032295, 33.9529929998549], [-112.558092999803, 33.95348300022862], [-112.55852600034635, 33.95358999996075], [-112.5641610000713, 33.95499200025934], [-112.5651200001461, 33.95523100010497], [-112.56518700009325, 33.95524800023057], [-112.56537000039137, 33.95529300006436], [-112.56814299996046, 33.95598300000074], [-112.5683780001371, 33.956042000295014], [-112.57166399971715, 33.956861999707], [-112.57786099985688, 33.95840900035432], [-112.57908600007049, 33.95871500035157], [-112.58051799997331, 33.959073000241794], [-112.5867269998086, 33.9606229998763], [-112.58940200036672, 33.961290999935336], [-112.59733199980985, 33.96326900035712], [-112.59893399959199, 33.96366899998843], [-112.60331499968933, 33.96476199981375], [-112.61069500020986, 33.966603000291435], [-112.61140800023738, 33.96672899963768], [-112.61792599986917, 33.968379000173236], [-112.6180689999843, 33.96841499999874], [-112.61939399975702, 33.968750999870515], [-112.6195479997428, 33.96878999969649], [-112.6206599999785, 33.96907199991163], [-112.62086300036809, 33.96912099982989], [-112.62429700008614, 33.970032999890925], [-112.62435300016266, 33.970047999714616], [-112.62580900035495, 33.970431999961804], [-112.6286709996125, 33.97114500010955], [-112.62879600018427, 33.9711759998832], [-112.62908499988927, 33.971248999906315], [-112.62921700013375, 33.97128199993702], [-112.62939200003593, 33.97132499993523], [-112.62952900030326, 33.97135899971052], [-112.63413299998338, 33.9725070000524], [-112.63434399987055, 33.972560000011214], [-112.63996699989994, 33.973961999816574], [-112.6402179999701, 33.974025000021214], [-112.64407299963764, 33.97498599989854], [-112.64560199962487, 33.975367000269436], [-112.65060600023637, 33.97661499972941], [-112.65295500038124, 33.97720099969633], [-112.6533410001706, 33.977296999666905], [-112.65449500023911, 33.97758499967313], [-112.65576800013329, 33.97790200035484], [-112.6586140003956, 33.978611999882126], [-112.6601769998197, 33.97900100010107], [-112.66120200001674, 33.97925700007251], [-112.66163499966181, 33.97936600026574], [-112.66627100002727, 33.98052200007655], [-112.66641999999017, 33.9805589996414], [-112.66976199964672, 33.98139200031888], [-112.67125999967182, 33.981765999746415], [-112.67302399983568, 33.9822049999049], [-112.67831899980199, 33.98352499982258], [-112.68008399979075, 33.98396500020564], [-112.68191200042702, 33.9844200000684], [-112.68500999968613, 33.98519200004201], [-112.68739800018905, 33.98578699989313], [-112.68922699975192, 33.98624300002911], [-112.69149999972882, 33.98680899987878], [-112.6915900001405, 33.98683099984682], [-112.6939419997601, 33.987419000065444], [-112.7033399999894, 33.989741000338526], [-112.70339400041607, 33.98975399980408], [-112.70759200021529, 33.99080100030876], [-112.71081500004617, 33.99162599965828], [-112.71121699972907, 33.991729000189224], [-112.71125500026221, 33.991739000002674], [-112.71131200016363, 33.99175300018647], [-112.71252499978335, 33.9920549997594], [-112.71332499984952, 33.99225399997891], [-112.7142460002895, 33.99248299965848], [-112.71458799969794, 33.992568999785306], [-112.71523600032646, 33.99272999981466], [-112.71572500004801, 33.99285299986284], [-112.71652500011416, 33.9930529999668], [-112.71670900023717, 33.993099000169856], [-112.71769799955092, 33.993346000024935], [-112.71778200011482, 33.993367000275015], [-112.71781499972678, 33.99337500012066], [-112.71973200005154, 33.99385300014342], [-112.71974799994504, 33.99385699967106], [-112.72029100009328, 33.99399299988402], [-112.72256900009303, 33.9945609999974], [-112.72315999992182, 33.9947080002815], [-112.72433200043196, 33.99500099984588], [-112.72492900010856, 33.995149999846845], [-112.72575599993888, 33.99535699992431], [-112.72606300008556, 33.995432999998904], [-112.72749199961534, 33.995789999988226], [-112.72786999990711, 33.99588400010098], [-112.72794799972492, 33.995904000238326], [-112.72828099981085, 33.99598699993875], [-112.7284940002462, 33.9960400001537], [-112.72922999983993, 33.996224000306], [-112.7296430002918, 33.99632600025114], [-112.73013700003622, 33.99644999978582], [-112.73068500020732, 33.996586999794076], [-112.73144900028845, 33.9967770000813], [-112.73201300035308, 33.99691799969049], [-112.73374400000664, 33.997349999777654], [-112.73425600019272, 33.997478000153976], [-112.73437300036859, 33.997507000328795], [-112.73450899991272, 33.997541000058895], [-112.73600299973982, 33.997913000247344], [-112.73792699973725, 33.99839399991805], [-112.74048599994441, 33.999031999811216], [-112.74200300023607, 33.999411000006276], [-112.74201900012959, 33.99941500001696], [-112.74261599980616, 33.9995529998993], [-112.74263599989764, 33.99955800009054], [-112.74331200011527, 33.999727999713755], [-112.74345799970513, 33.999767000223315], [-112.74379900018698, 33.99985699966952], [-112.74395099962464, 33.99989799974146], [-112.74419800039516, 33.99989799974146], [-112.74427799986277, 33.99989799974146], [-112.74471999972866, 33.9998989999246], [-112.74494200038481, 33.99990000010775], [-112.74509299999755, 33.99990000010775], [-112.74582799976639, 33.99990100029088], [-112.74623000034761, 33.999902999912386], [-112.74627100035548, 33.999904000095476], [-112.75034500030615, 33.99991799967857], [-112.75400199960698, 33.99991700024039], [-112.75439300031755, 33.99989399975351], [-112.75515300020075, 33.99990699989995], [-112.75963399985717, 33.999913999691515], [-112.76112600003448, 33.99991600005744], [-112.76289100002326, 33.9999200000444], [-112.76382499998373, 33.999921000227246], [-112.76387500021244, 33.99992199966538], [-112.76403099984805, 33.99992199966538], [-112.76405699978733, 33.99992299984826], [-112.76446799969105, 33.99992400003112], [-112.76450100020134, 33.99992299984826], [-112.76462900024785, 33.99992299984826], [-112.76465900038507, 33.99992299984826], [-112.76475800011929, 33.99992299984826], [-112.76525400041183, 33.999921000227246], [-112.76545500025327, 33.9999200000444], [-112.76607899969405, 33.99991700024039], [-112.76795099981291, 33.99990900026599], [-112.76847200021983, 33.99990800008295], [-112.76857500015198, 33.99990900026599], [-112.76877900036651, 33.99990800008295], [-112.76894500004784, 33.99990800008295], [-112.76975599998467, 33.99990900026599], [-112.76988099965813, 33.99990999970427], [-112.77003999966678, 33.99990999970427], [-112.77071699970931, 33.99990999970427], [-112.7719260000294, 33.99991300025328], [-112.77195600016663, 33.99991300025328], [-112.77295399970119, 33.99991300025328], [-112.77372600017826, 33.99990999970427], [-112.77413200005911, 33.99990699989995], [-112.7748419997136, 33.99990199972927], [-112.7752419997467, 33.99990000010775], [-112.77534300002903, 33.99990000010775], [-112.77574499971192, 33.99990800008295], [-112.77575700030582, 33.99989799974146], [-112.77585699986491, 33.99989700030304], [-112.77801400038916, 33.99988400015507], [-112.77820400035998, 33.99988699996025], [-112.77943399969813, 33.99989399975351], [-112.78312400040755, 33.99991499987448], [-112.78388000009278, 33.9999200000444], [-112.78435499957062, 33.99991799967857], [-112.78438300005803, 33.99991799967857], [-112.78501999991758, 33.9999200000444], [-112.78559999987571, 33.99992299984826], [-112.78674300007354, 33.999925999652056], [-112.78693300004436, 33.999925999652056], [-112.7875709997288, 33.99992699983489], [-112.78904100016481, 33.99992999963855], [-112.78970700033666, 33.99993400036955], [-112.79024200008895, 33.99994299977948], [-112.79102200006362, 33.99995400029819], [-112.7911400000644, 33.9999570001009], [-112.79215600004063, 33.99991700024039], [-112.79228800028513, 33.99991700024039], [-112.79346599974475, 33.99991600005744], [-112.79370900031729, 33.99991600005744], [-112.79421899995522, 33.99991600005744], [-112.79482900005058, 33.99991600005744], [-112.79584500002683, 33.99991600005744], [-112.79700300029329, 33.99991499987448], [-112.79713499963944, 33.99991600005744], [-112.79850600034123, 33.99991499987448], [-112.79894300018424, 33.99991499987448], [-112.79931499972992, 33.99990900026599], [-112.80149999984326, 33.999892000131815], [-112.80195199975486, 33.99988900032681], [-112.8024880002304, 33.99988599977695], [-112.80306999983836, 33.99988400015507], [-112.80483599965204, 33.99987600017762], [-112.80544099972452, 33.99988400015507], [-112.80550500019696, 33.99987799979969], [-112.80669299970232, 33.99987200018859], [-112.80711799984975, 33.999871000005115], [-112.80785199979367, 33.99986999982162], [-112.80838800026919, 33.99986899963812], [-112.80858699956251, 33.99986899963812], [-112.8089310004174, 33.99986899963812], [-112.80901199970997, 33.99986899963812], [-112.80917800028963, 33.99986899963812], [-112.80925699993233, 33.99986899963812], [-112.80933899994811, 33.99986899963812], [-112.80935800021469, 33.99986899963812], [-112.809415999941, 33.99986899963812], [-112.80943600003246, 33.99986899963812], [-112.8094800004134, 33.999868000199356], [-112.80955099966022, 33.999868000199356], [-112.80961500013264, 33.99986700001584], [-112.80966000033847, 33.99986700001584], [-112.80970200017126, 33.99986899963812], [-112.80984500028637, 33.999868000199356], [-112.81133200044081, 33.9999320000041], [-112.81251900012127, 33.99993099982134], [-112.81435799972989, 33.999925999652056], [-112.81680200030932, 33.99992199966538], [-112.81695499957188, 33.999921000227246], [-112.81741800025246, 33.9999200000444], [-112.8174840003747, 33.9999200000444], [-112.81806400033284, 33.99991899986149], [-112.81828000024291, 33.99991899986149], [-112.81853100031307, 33.99991799967857], [-112.81870700004016, 33.99991799967857], [-112.81910200005038, 33.99991700024039], [-112.81980900023014, 33.99991600005744], [-112.82015400001161, 33.99991600005744], [-112.82219500018492, 33.99995400029819], [-112.82267700023377, 33.99994600032733], [-112.82311599972658, 33.99993800035566], [-112.82421899974143, 33.99991899986149], [-112.82489199958601, 33.99990699989995], [-112.82741300015834, 33.99994399996212], [-112.8306639995783, 33.999958999721066], [-112.83218300041808, 33.999954999735934], [-112.83241199984865, 33.999954999735934], [-112.83248100034392, 33.999954999735934], [-112.83309499973893, 33.99995400029819], [-112.83371400005512, 33.999953000115674], [-112.83493800044383, 33.999950999750624], [-112.83555299966375, 33.99995000031282], [-112.83700200018333, 33.99994600032733], [-112.83923300032743, 33.99994200034159], [-112.84124900038637, 33.99993800035566], [-112.84134899994548, 33.99993700017297], [-112.84279900028997, 33.99993499980753], [-112.8431170003073, 33.99993400036955], [-112.84407100035924, 33.9999320000041], [-112.84427300002561, 33.9999320000041], [-112.84438900037655, 33.99993099982134], [-112.84471499989148, 33.999925999652056], [-112.84569599970762, 33.99991499987448], [-112.84602299994576, 33.99991200007029], [-112.84617799975648, 33.99990999970427], [-112.84656699991889, 33.99990599971689], [-112.84664300008687, 33.99990599971689], [-112.8467989997225, 33.99990599971689], [-112.84682499966175, 33.99990599971689], [-112.8469050000277, 33.99990599971689], [-112.84693199979188, 33.99990599971689], [-112.84705300016569, 33.99990500027856], [-112.84893600015525, 33.99990100029088], [-112.84936399977742, 33.99991300025328], [-112.85009299969849, 33.99991200007029], [-112.85142500004218, 33.99991300025328], [-112.8604440001548, 33.99991300025328], [-112.8654140004311, 33.99991200007029], [-112.86616599991837, 33.99991200007029], [-112.86668200030242, 33.99991200007029], [-112.86924200033447, 33.99991200007029], [-112.8723709995557, 33.99991300025328], [-112.87357999987577, 33.99991200007029], [-112.87390200009106, 33.99991200007029], [-112.87682600017119, 33.99991200007029], [-112.87793000001096, 33.99991700024039], [-112.87805200020969, 33.99991200007029], [-112.88745899976152, 33.99991200007029], [-112.88765600030332, 33.99991200007029], [-112.88858000021804, 33.99991200007029], [-112.90555399988813, 33.99991200007029], [-112.90745000029648, 33.999910999887284], [-112.90794999988869, 33.999913999691515], [-112.90883100014568, 33.999910999887284], [-112.91649699999819, 33.999910999887284], [-112.91686699989403, 33.999910999887284], [-112.91738699957772, 33.999910999887284], [-112.91862600003502, 33.99990999970427], [-112.91905200000737, 33.99990999970427], [-112.92066800003322, 33.99990999970427], [-112.9308319999935, 33.999910999887284], [-112.94083199992224, 33.99991200007029], [-112.94818599960519, 33.99990999970427], [-112.97349999969553, 33.99994600032733], [-112.97964699960656, 33.99995599991843], [-112.99096600035854, 33.999970999675256], [-112.9941819996184, 33.99997499965963], [-113.01667999958367, 34.00000700027241], [-113.01780600006308, 34.0000089998914], [-113.03734200031336, 34.00003600032864], [-113.03775400004203, 34.00003600032864], [-113.0451520001059, 34.000040000309944], [-113.04795700036034, 34.00003900012844], [-113.04852999974749, 34.00003900012844], [-113.04871600041862, 34.00003900012844], [-113.07368499982917, 34.00003900012844], [-113.0739319997014, 34.00003900012844], [-113.08969000027702, 34.00003799994693], [-113.09452400011088, 34.000035000147086], [-113.10736500027907, 34.000032999783954], [-113.11980200021624, 34.00002800036545], [-113.12028000006713, 34.00002800036545], [-113.12071600008522, 34.00002800036545], [-113.12123400011907, 34.00002800036545], [-113.12173899973413, 34.000027000183856], [-113.12176200019867, 34.000027000183856], [-113.12199099962923, 34.000027000183856], [-113.12214799998804, 34.000027000183856], [-113.12445699994996, 34.00002600000221], [-113.12464400044601, 34.00002600000221], [-113.12576199963118, 34.00002600000221], [-113.14119799999153, 34.00003200034713], [-113.14199700023279, 34.000032999783954], [-113.17642699962184, 34.00004099974669], [-113.18522399997659, 34.00004099974669], [-113.19030399985773, 34.00004099974669], [-113.19421499960177, 34.00004099974669], [-113.20251300018926, 34.000040000309944], [-113.21126799981292, 34.00004099974669], [-113.2287770001336, 34.00003399996553], [-113.23148600012858, 34.000032999783954], [-113.24598099995748, 34.00002800036545], [-113.25076899976057, 34.00002600000221], [-113.26328900043671, 34.00003200034713], [-113.28079200001133, 34.00003699976541], [-113.2824299997785, 34.00003699976541], [-113.29119500034619, 34.00003799994693], [-113.30114800041929, 34.000040000309944], [-113.30835899998709, 34.000040000309944], [-113.32631400037162, 34.00003799994693], [-113.33331300022734, 34.00003900012844], [-113.33375099989527, 34.00003900012844], [-113.33375300044341, 33.99922700005398], [-113.33393199964523, 33.96164300008688], [-113.33401600020913, 33.943679000297614], [-113.33402799990469, 33.94296799969088], [-113.33404600034636, 33.93470099980993], [-113.33407599958527, 33.93034600021109], [-113.33409599967676, 33.92822399996315], [-113.33409400002694, 33.92801600015886], [-113.33409099965388, 33.92764699989045], [-113.33409999987472, 33.92697100023926], [-113.33416699982187, 33.911706999677065], [-113.3341829997154, 33.91115499967391], [-113.33421600022568, 33.90254699981969], [-113.33420600017992, 33.90158699974044], [-113.33423899979189, 33.901094000158125], [-113.33426300008135, 33.892065000130444], [-113.3342539998605, 33.89064500004867], [-113.3342539998605, 33.890625999750235], [-113.3343020004394, 33.881130000193956], [-113.334309999937, 33.87990099967275], [-113.33438399955685, 33.8670670003176], [-113.33450099973271, 33.84684400031515], [-113.33455500015938, 33.830796000222755], [-113.33460200001504, 33.82897300017632], [-113.33467099961203, 33.80627099986278], [-113.33468599968063, 33.80246699963779], [-113.33483299999372, 33.77281700035478], [-113.33483399981864, 33.77228999968575], [-113.33487800019957, 33.75003200018626], [-113.33496400041331, 33.744072999911026], [-113.33499000035256, 33.74181200014176], [-113.33502100031471, 33.735492999947034], [-113.33502100031471, 33.73417000025309], [-113.33501999959148, 33.733264000287996], [-113.33505200027685, 33.72552299976441], [-113.33505300010177, 33.72539499975349], [-113.33505300010177, 33.7252209997944], [-113.3350559995765, 33.72338299987913], [-113.33505700029971, 33.722760000002225], [-113.33505899994954, 33.720279999830616], [-113.33505700029971, 33.71966299975241], [-113.33503999968296, 33.7166400000583], [-113.33506599962224, 33.705484999892654], [-113.33506899999529, 33.70463599992348], [-113.33507499984306, 33.70434199977108], [-113.3350559995765, 33.68507300001511], [-113.33505300010177, 33.66158400006872], [-113.33505700029971, 33.638625999734096], [-113.33505800012462, 33.62647499978986], [-113.33505899994954, 33.60151699995929], [-113.33505800012462, 33.592374000115534], [-113.33505700029971, 33.588198999702136], [-113.3350559995765, 33.5871070000235], [-113.33505700029971, 33.587090000033726], [-113.33505700029971, 33.5868770003617], [-113.3350559995765, 33.58623099966541], [-113.3350559995765, 33.58323200005772], [-113.33505499975158, 33.583099000150035], [-113.33505399992669, 33.58296699986451], [-113.33505899994954, 33.582857999924464], [-113.33505700029971, 33.58178599981746], [-113.33505499975158, 33.58114499991262], [-113.33505700029971, 33.5665429998344], [-113.33505700029971, 33.56652000017904], [-113.33505399992669, 33.56626399976078], [-113.3350499997287, 33.56598500028273], [-113.3350489999038, 33.56596999992307], [-113.33504800007888, 33.56594800013933], [-113.33505099955362, 33.56529999991356], [-113.33505099955362, 33.557845000045496], [-113.33505399992669, 33.55194700014396], [-113.33505399992669, 33.53457600011269], [-113.33505200027685, 33.53104400000431], [-113.33505399992669, 33.525509999837944], [-113.33504399988092, 33.4978650001217], [-113.3350639999724, 33.48554999969725], [-113.33506099959936, 33.48212099978918], [-113.33505700029971, 33.47975899994692], [-113.33505399992669, 33.47891300014158], [-113.3350499997287, 33.46287000004889], [-113.33505499975158, 33.45953700024305], [-113.3350559995765, 33.43773899972861], [-113.33505300010177, 33.418561999903176], [-113.33503600038333, 33.41118500036641], [-113.3350630001475, 33.3838569998454], [-113.3350489999038, 33.37752200000047], [-113.33504800007888, 33.37751199974304], [-113.33504800007888, 33.37747999981172], [-113.33504800007888, 33.37746900034838], [-113.33391999994967, 33.3774250002305], [-113.33391099972883, 33.37657600026397], [-113.3338949998353, 33.37503800004738], [-113.33396000013263, 33.36375100037222], [-113.33405899986683, 33.3298859999187], [-113.33408200033138, 33.316794000267464], [-113.33408399998119, 33.31650799978541], [-113.33391599975171, 33.310011000287034], [-113.33388399996466, 33.2940270002969], [-113.33417900041576, 33.283730000119796], [-113.33418100006557, 33.281253000295685], [-113.33421700005057, 33.25004000002472], [-113.33365700018393, 33.247842000181876], [-113.33360299975726, 33.24762999983747], [-113.33321199994501, 33.227210000166195], [-113.33332900012087, 33.20942799982737], [-113.333360000083, 33.204644999804124], [-113.33343899972573, 33.19272500002596], [-113.33348399993157, 33.1857820002864], [-113.33353400016028, 33.17838200023788], [-113.33391800029985, 33.150812999825206], [-113.33395299956162, 33.14827999970525], [-113.33406600043784, 33.14028199979584], [-113.33405999969175, 33.139655999854334], [-113.33398299969886, 33.13161900036889], [-113.33392099977459, 33.1250420002463], [-113.33383299991102, 33.11706000024002], [-113.33383299991102, 33.11704900030597], [-113.3338310002612, 33.11475800002178], [-113.33383000043628, 33.11383999964035], [-113.33383000043628, 33.11340599992496], [-113.33383000043628, 33.11308999995861], [-113.33382799988814, 33.10975499963595], [-113.33382799988814, 33.10950700013857], [-113.33382700006324, 33.108252000042405], [-113.33382500041341, 33.10565800015911], [-113.33382399969021, 33.10491100005081], [-113.33382200004036, 33.10259500004462], [-113.33382200004036, 33.102573000315324], [-113.33382200004036, 33.102524999723826], [-113.3338170000175, 33.09515700031534], [-113.33381199999462, 33.088055999879494], [-113.33381199999462, 33.08803400027453], [-113.33381199999462, 33.08778699995312], [-113.33377799965943, 33.08554400004795], [-113.3337950002762, 33.08084699999325], [-113.3337950002762, 33.08072799963123], [-113.33380100012398, 33.07364500004053], [-113.33380100012398, 33.073511999850325], [-113.33380100012398, 33.073491999708146], [-113.33380100012398, 33.07336199980214], [-113.33379799975093, 33.06721999989888], [-113.33379799975093, 33.06720599977731], [-113.33379699992601, 33.06716400015214], [-113.33379699992601, 33.06711299982744], [-113.33379699992601, 33.06702400025295], [-113.33379699992601, 33.06689099984126], [-113.33379699992601, 33.066728999843754], [-113.33379699992601, 33.066574000036375], [-113.33379699992601, 33.06645700019034], [-113.33379699992601, 33.06638299995649], [-113.33379699992601, 33.066340999938525], [-113.33379699992601, 33.06631900017203], [-113.33379699992601, 33.06629699964724], [-113.33380199994889, 33.06367900031382], [-113.33379699992601, 33.059000999651204], [-113.33379699992601, 33.058967999882455], [-113.33379699992601, 33.05884999987813], [-113.33379299972808, 33.05352500018327], [-113.33379199990316, 33.05208000033519], [-113.33379199990316, 33.0517809998754], [-113.33378699988027, 33.04453899996968], [-113.33378600005534, 33.04273799992261], [-113.33378400040554, 33.04093699994971], [-113.33378400040554, 33.040727999996804], [-113.33378400040554, 33.04051900030109], [-113.33378500023045, 33.03727999963687], [-113.33378600005534, 33.03598900019996], [-113.33378699988027, 33.03372399978591], [-113.33378900042842, 33.030101000036616], [-113.33379000025332, 33.02837699970667], [-113.33379100007822, 33.02665300029739], [-113.33378699988027, 33.024405999728536], [-113.33378699988027, 33.024226000317135], [-113.33378699988027, 33.024133000163395], [-113.33378699988027, 33.02404599978492], [-113.33378600005534, 33.023476000193895], [-113.33378600005534, 33.02332199980672], [-113.33378400040554, 33.021577000050975], [-113.33376400031406, 33.00344199971832], [-113.33376400031406, 33.00293199983515], [-113.33376400031406, 33.00268999965391], [-113.33376299959083, 33.002489999912044], [-113.33376299959083, 33.0023499996723], [-113.33376299959083, 33.0023109999319], [-113.33376199976591, 33.002289999716815], [-113.33376199976591, 33.00226999997368], [-113.33376199976591, 33.002201000184776], [-113.33376199976591, 33.00210699967584], [-113.33376199976591, 33.00201100036704], [-113.33376199976591, 33.00193799995949], [-113.33376199976591, 33.001893999891045], [-113.33376199976591, 33.00187100012055], [-113.33376199976591, 33.00186000009713], [-113.33376099994099, 33.001415000123544], [-113.33376099994099, 33.00135500028555], [-113.3337600001161, 33.00042299997255], [-113.3337600001161, 33.00024500006534], [-113.3337600001161, 33.00006999979806], [-113.33375500009322, 32.99915000034688], [-113.3337390001997, 32.99582100018661], [-113.33370700041264, 32.989271000267934], [-113.3337059996894, 32.98898200019274], [-113.3337059996894, 32.98885500026189], [-113.3337059996894, 32.98868099988796], [-113.33371300026042, 32.98819099975463], [-113.33371300026042, 32.98817500011651], [-113.33371400008534, 32.9881579998386], [-113.33371400008534, 32.98813299973413], [-113.33371400008534, 32.98811799996945], [-113.33371599973516, 32.98798500023654], [-113.3337180002833, 32.98788100003385], [-113.3337319996287, 32.98691600019244], [-113.3337319996287, 32.986883999697625], [-113.3337319996287, 32.98658700013228], [-113.33373300035193, 32.98610299987161], [-113.33373500000174, 32.98298199986765], [-113.33373699965156, 32.980378999914514], [-113.33374400022255, 32.97164299987052], [-113.33374400022255, 32.971153000132816], [-113.33374500004747, 32.97066099977444], [-113.33375300044341, 32.96166900033153], [-113.33378100003249, 32.95826699969504], [-113.33376500013898, 32.94796099984256], [-113.33376599996387, 32.94226399966105], [-113.33376699978878, 32.93524999984398], [-113.33376699978878, 32.93470400016404], [-113.33376699978878, 32.934662999726115], [-113.33377000016185, 32.92206399980998], [-113.33378500023045, 32.87504800022972], [-113.33378000020757, 32.83945799985458], [-113.33378000020757, 32.83943099987384], [-113.33378000020757, 32.839407000051736], [-113.33378000020757, 32.839385000334964], [-113.33378000020757, 32.83936499997012], [-113.33378000020757, 32.83934699971344], [-113.33378000020757, 32.83933100032081], [-113.33378000020757, 32.839316000227164], [-113.33378000020757, 32.839303000244655], [-113.33378000020757, 32.83929100031711], [-113.33378000020757, 32.839279999690234], [-113.33378000020757, 32.83926999987399], [-113.33378000020757, 32.83920199973475], [-113.33378000020757, 32.83919099985161], [-113.33378000020757, 32.83905999969784], [-113.33378100003249, 32.83900800036101], [-113.33378100003249, 32.83899100009226], [-113.33378100003249, 32.83881599993318], [-113.33378100003249, 32.838796000194925], [-113.33378100003249, 32.838617000148226], [-113.33378100003249, 32.83843600036223], [-113.33378199985741, 32.8378359999129], [-113.33378199985741, 32.8375149999509], [-113.33378299968231, 32.835992999635884], [-113.33378699988027, 32.82510799994939], [-113.33379100007822, 32.81145500028397], [-113.33374900024543, 32.78975499976664], [-113.33372099975804, 32.77500000013608], [-113.33371999993312, 32.77405399991643], [-113.33370900006248, 32.76785099998705], [-113.33370800023756, 32.76748200029559], [-113.33370800023756, 32.767179999880774], [-113.33368599959793, 32.750050000086425], [-113.33361299980301, 32.73858399972152], [-113.33364399976514, 32.722968000261716], [-113.3336479999631, 32.710624999961276], [-113.33368599959793, 32.70115399992492], [-113.33372300030616, 32.6924000002347], [-113.33375300044341, 32.685177999693], [-113.33373400017683, 32.67508599978881], [-113.33369599964368, 32.6538269999046], [-113.3337059996894, 32.641291000229074], [-113.33372099975804, 32.6250510000724], [-113.33368599959793, 32.60101100032537], [-113.33368700032116, 32.600430999746706], [-113.33368700032116, 32.600366000282946], [-113.33368700032116, 32.60030100001523], [-113.33369700036691, 32.595452999709224], [-113.33369700036691, 32.595079000360805], [-113.33369999984163, 32.59359100004387], [-113.33372099975804, 32.58436299988034], [-113.33372300030616, 32.58384799992454], [-113.33372300030616, 32.58333200013514], [-113.33373599982664, 32.57739399965771], [-113.33373599982664, 32.57733699989582], [-113.33374599987239, 32.5736800002393], [-113.33376199976591, 32.56995500011543], [-113.3337679996137, 32.56887400033841], [-113.33377099998675, 32.567793999722475], [-113.33388800016262, 32.54091899974901], [-113.33383600028408, 32.52752699982899], [-113.33381799984242, 32.52284100023367], [-113.33381399964445, 32.522222000054455], [-113.33381299981954, 32.52160499982223], [-113.3338110001697, 32.521070000377854], [-113.3338029997738, 32.51891500007304], [-113.33378699988027, 32.514594999859], [-113.33380699997177, 32.51288399999133], [-113.33387200026908, 32.50714000007014], [-113.33388999981243, 32.50558400036407], [-113.33389400001039, 32.50518800028673], [-113.33126000035848, 32.505184000223444], [-113.32335699978123, 32.50517400006456], [-113.32072399995423, 32.50517100001668], [-113.30587199974997, 32.50516299988848], [-113.29792999971296, 32.50516099985634], [-113.29156900044003, 32.50515399974343], [-113.27945600036796, 32.505148999662474], [-113.27943700010137, 32.505148999662474], [-113.27545699986206, 32.50514699963002], [-113.26307199980344, 32.50514000027361], [-113.24248600014005, 32.5051290000934], [-113.22003099983249, 32.5051290000934], [-113.2119220002892, 32.5051290000934], [-113.2118799995581, 32.5051290000934], [-113.20352599979243, 32.505131000126255], [-113.19059299956274, 32.505132000142666], [-113.18559999972021, 32.505134000175445], [-113.18309699958955, 32.50513300015907], [-113.17558899992082, 32.50513500019183], [-113.17308699961508, 32.50513500019183], [-113.14558699958648, 32.505138000240954], [-113.14431200004246, 32.505138000240954], [-113.14407799969074, 32.5051360002082], [-113.14153799975017, 32.50513500019183], [-113.13568100026738, 32.50513500019183], [-113.1344150000459, 32.505134000175445], [-113.13206099987814, 32.505132000142666], [-113.1320080001747, 32.505132000142666], [-113.1238760001669, 32.50512500002749], [-113.10988699977801, 32.50511399984543], [-113.10980099956427, 32.50511399984543], [-113.10969299960922, 32.50511199981219], [-113.0968980003701, 32.505102999662036], [-113.09074700026113, 32.50509800033585], [-113.08070100030164, 32.50509000020115], [-113.08067600018728, 32.50509000020115], [-113.06896099960016, 32.5050800000318], [-113.0655119998135, 32.50507599996372], [-113.0551649995551, 32.505066999810005], [-113.05171599976842, 32.505065999792876], [-113.05004100019136, 32.50506399975852], [-113.0450180002116, 32.50505999968978], [-113.0433439995611, 32.50505899967256], [-113.04028599958669, 32.50505999968978], [-113.0311130003866, 32.505065999792876], [-113.02805600023707, 32.50506799982713], [-113.02681000010706, 32.50506999986135], [-113.02307199971708, 32.505082000065755], [-113.0218270003103, 32.50508600013352], [-112.99461000013889, 32.505156999791915], [-112.98396199958165, 32.50518500023926], [-112.9520160000567, 32.505270000028844], [-112.94137000004756, 32.50529899969801], [-112.93221700004065, 32.505323000044115], [-112.9320589998569, 32.505324000058394], [-112.92411799964482, 32.50533200017226], [-112.92284300010081, 32.505341000299495], [-112.92171599979649, 32.50534799964027], [-112.92101000033999, 32.50535299971015], [-112.92095199971534, 32.505346000369826], [-112.91584800044306, 32.50535799977981], [-112.91194099999866, 32.505359999807574], [-112.90022100028699, 32.505366999904446], [-112.89631499966751, 32.50536999994578], [-112.89611200017623, 32.50536999994578], [-112.89596400003822, 32.50536999994578], [-112.89491399972682, 32.50536999994578], [-112.89456399992244, 32.50537199997328], [-112.89439499986804, 32.50537199997328], [-112.88298700032593, 32.50537900006922], [-112.88137700014785, 32.50537800005555], [-112.8810299998182, 32.50537800005555], [-112.8790730002088, 32.50538100009651], [-112.87825899989895, 32.50538000008287], [-112.87817799970809, 32.50538000008287], [-112.87807499977592, 32.50538100009651], [-112.87795000010244, 32.50537900006922], [-112.87758400040455, 32.50536399986297], [-112.87571200028567, 32.50538400013738], [-112.87356999983004, 32.505375000014496], [-112.85685899992569, 32.50538300012378], [-112.85348399975885, 32.50538300012378], [-112.84336400017948, 32.5053870001782], [-112.83999099966249, 32.50538900020531], [-112.83568900010619, 32.50538900020531], [-112.8227850001888, 32.505392000245905], [-112.81848500028231, 32.50539400027291], [-112.81015800028085, 32.50539400027291], [-112.78579999989226, 32.50539400027291], [-112.7790239996193, 32.50539400027291], [-112.77718400018578, 32.505382000110146], [-112.76683399955436, 32.505392000245905], [-112.76149099990745, 32.5053970003134], [-112.75070699980608, 32.50536599989065], [-112.73578600000486, 32.50536799991824], [-112.72543799992157, 32.50536999994578], [-112.69966299969875, 32.50536799991824], [-112.69731100007915, 32.505366999904446], [-112.69025899962169, 32.50536499987684], [-112.68790700000208, 32.50536499987684], [-112.67105999965528, 32.505362999849126], [-112.64145200040454, 32.505360999821434], [-112.62520400028245, 32.50535499973807], [-112.60263099997412, 32.50566899977646], [-112.59702899986115, 32.50574299976095], [-112.59698100018056, 32.50574299976095], [-112.59683800006543, 32.50574499978014], [-112.59679100020978, 32.50574599978979], [-112.58591500004688, 32.50589600034456], [-112.58130700016885, 32.505959000063534], [-112.57475400037696, 32.50605599995345], [-112.57376199979186, 32.506080000097484], [-112.57346499969093, 32.506082000109195], [-112.5695969996046, 32.50612400034494], [-112.56830699999199, 32.5061379996616], [-112.5681179998461, 32.50614099967721], [-112.55966100014828, 32.50626000021613], [-112.55536700008959, 32.50631699966087], [-112.55339500041157, 32.50635199976724], [-112.55058500013425, 32.5064069999068], [-112.54747799975603, 32.5064329999611], [-112.54550699990291, 32.50644999999249], [-112.53870200021598, 32.50654700011031], [-112.53828399974122, 32.506552000113516], [-112.53702799956548, 32.50656800012202], [-112.53660999998904, 32.50657400012444], [-112.53371199984818, 32.50661400013054], [-112.53333699992946, 32.50662000012994], [-112.53320200021024, 32.506621000129805], [-112.53167400004794, 32.50664200012424], [-112.53116500023492, 32.506649000121236], [-112.529622000004, 32.50667300010706], [-112.52746399965483, 32.50670000008335], [-112.52460700042018, 32.50673900003486], [-112.5228630003478, 32.5067629999966], [-112.52181300003639, 32.5067629999966], [-112.52070800037167, 32.5067629999966], [-112.52034599997344, 32.50676199999832], [-112.52031500001131, 32.50676100000003], [-112.51606899963319, 32.506767999987844], [-112.51436599956868, 32.50676199999832], [-112.51005899998952, 32.5067629999966], [-112.49936000027695, 32.50676199999832], [-112.49889499994654, 32.50676199999832], [-112.49561600003918, 32.50676100000003], [-112.482734999688, 32.50676199999832], [-112.48022499988467, 32.50676100000003], [-112.47920499971046, 32.50676199999832], [-112.46956299998203, 32.50676100000003], [-112.46396599989193, 32.5067629999966], [-112.45865900023004, 32.50676199999832], [-112.45490199957345, 32.50676399999485], [-112.45266799995464, 32.50676000000174], [-112.4472709998811, 32.50675800000512], [-112.44431400018898, 32.50676100000003], [-112.42970399983405, 32.506759000003434], [-112.41310900028064, 32.506755000010095], [-112.40381499980845, 32.50675100001653], [-112.38320400003066, 32.50674400002739], [-112.37478800034073, 32.50674100003191], [-112.3736090001579, 32.506740000033396], [-112.37274200014456, 32.506740000033396], [-112.37086199962977, 32.50673900003486], [-112.36754900028552, 32.50673800003632], [-112.36499400027634, 32.506737000037774], [-112.36260400012355, 32.50673600003922], [-112.36148299966703, 32.506735000040635], [-112.36147099997146, 32.506735000040635], [-112.35985699959545, 32.506735000040635], [-112.35845400000493, 32.506733000043404], [-112.35424799980977, 32.5067320000448], [-112.35284699986909, 32.50673100004618], [-112.34519600008521, 32.50672900004891], [-112.34515500007734, 32.50672900004891], [-112.33253200036734, 32.50672400005554], [-112.3314529997436, 32.50672200005807], [-112.32757499961153, 32.50672200005807], [-112.32754199999955, 32.50672200005807], [-112.32546400001635, 32.506721000059336], [-112.3210839997439, 32.50671900006185], [-112.3153949995923, 32.506720000060604], [-112.31413199974388, 32.506720000060604], [-112.31007299986182, 32.50672200005807], [-112.3097280000803, 32.50672200005807], [-112.30827299971295, 32.50672300005679], [-112.30546599980867, 32.50672300005679], [-112.28646000018612, 32.50672600005293], [-112.28636499975156, 32.50672600005293], [-112.28634700020821, 32.50672600005293], [-112.28532399966097, 32.5067270000516], [-112.26515300009926, 32.506730000047554], [-112.25764799990527, 32.50673100004618], [-112.24907099965854, 32.506733000043404], [-112.24903600039674, 32.506733000043404], [-112.24898899964278, 32.506735000040635], [-112.24890499997719, 32.50673800003632], [-112.23933600004366, 32.50674300002891], [-112.2344389995623, 32.506746000024386], [-112.23195600042143, 32.506730000047554], [-112.2298209996385, 32.50672900004891], [-112.2160980002867, 32.50672500005424], [-112.21607999984504, 32.50672500005424], [-112.216015000446, 32.50672500005424], [-112.20948299967223, 32.50672300005679], [-112.2093830001131, 32.50672200005807], [-112.20908299963914, 32.50672300005679], [-112.20898399990494, 32.50672300005679], [-112.20791199985223, 32.506721000059336], [-112.20469599969404, 32.506720000060604], [-112.20362399964132, 32.506721000059336], [-112.20362199999147, 32.51290500003794], [-112.20362199999147, 32.51526599985644], [-112.20361500031879, 32.53819899965819], [-112.20361399959556, 32.53845599983094], [-112.20360699992288, 32.56499000023072], [-112.20360500027304, 32.573249000037585], [-112.2035879996563, 32.57475899962753], [-112.20358900037952, 32.57479600031505], [-112.20358699983139, 32.575867000014185], [-112.20358600000645, 32.57625099986147], [-112.20358199980852, 32.579236999936256], [-112.20358000015868, 32.5824790003368], [-112.20357500013583, 32.59382800026093], [-112.20357199976277, 32.59984200021712], [-112.20357000011295, 32.6001070001583], [-112.20356699973989, 32.60981900032162], [-112.20356300044024, 32.61986900003216], [-112.20359100002935, 32.62091900006465], [-112.20359199985425, 32.62098699970552], [-112.20358600000645, 32.6378070003358], [-112.20357400031091, 32.683070999903], [-112.20357400031091, 32.683592999707194], [-112.20357299958766, 32.689259000116905], [-112.20357099993787, 32.69543099980101], [-112.20356900028803, 32.703216999778796], [-112.20356900028803, 32.70387199977126], [-112.20356900028803, 32.705110999669586], [-112.20356900028803, 32.70518199969467], [-112.20356799956481, 32.706353999909716], [-112.20356699973989, 32.70785499978243], [-112.20356799956481, 32.70935400008992], [-112.20356699973989, 32.71239700025205], [-112.20356699973989, 32.71533599972332], [-112.2035650000901, 32.71827200013398], [-112.2035650000901, 32.7204190001835], [-112.20356400026517, 32.722566999793244], [-112.20356300044024, 32.72639500019034], [-112.20356400026517, 32.73143300004639], [-112.20356199971702, 32.73274999995868], [-112.20356199971702, 32.734069000273436], [-112.20356099989212, 32.7377629998276], [-112.2035590002423, 32.7414580000565], [-112.20355699969417, 32.75312099997726], [-112.20355699969417, 32.75368999977612], [-112.20355699969417, 32.75472800024312], [-112.20355699969417, 32.75633399998553], [-112.20355500004433, 32.75982299972757], [-112.20355400021943, 32.763313999805426], [-112.20355199967129, 32.76761300022198], [-112.20355000002145, 32.77191199999094], [-112.20355000002145, 32.77422199974444], [-112.20354900019655, 32.77653299997047], [-112.20354800037164, 32.777651999654154], [-112.20354800037164, 32.77876999963326], [-112.20354699964842, 32.78053099965804], [-112.2035459998235, 32.78228999968313], [-112.20354499999858, 32.784364999876736], [-112.20354499999858, 32.78643800021125], [-112.20354400017366, 32.78816300014306], [-112.20354400017366, 32.78871299968741], [-112.20354300034877, 32.790326999828125], [-112.20354199962553, 32.79195900017686], [-112.20353999997573, 32.79511800014549], [-112.20353999997573, 32.79827500012218], [-112.20353099975488, 32.818252999974916], [-112.2035240000822, 32.82895800033999], [-112.2035240000822, 32.83278600004786], [-112.2035240000822, 32.83344900011088], [-112.2035249999071, 32.833490999972035], [-112.20352300025728, 32.83506200000818], [-112.20352200043237, 32.83540699993696], [-112.20352099970916, 32.83574899974435], [-112.20352200043237, 32.83622099965852], [-112.20352200043237, 32.836369000247025], [-112.20352200043237, 32.836514999657716], [-112.20352200043237, 32.83686100006294], [-112.20351800023441, 32.844759999753826], [-112.2035170004095, 32.85015899963286], [-112.20351400003645, 32.855556000302215], [-112.20351200038664, 32.85985300002386], [-112.20350999983849, 32.86414900007423], [-112.20350700036376, 32.8728639996283], [-112.20350599964053, 32.87673999980058], [-112.20350599964053, 32.87704599994238], [-112.20350200034088, 32.88712199969007], [-112.20349999979274, 32.891282999937175], [-112.2034959995948, 32.90014800037522], [-112.20347800005143, 32.902116999887724], [-112.20349200029516, 32.90377099983132], [-112.20349200029516, 32.904234999930054], [-112.20348700027228, 32.9130949996921], [-112.20346399980772, 32.92176800014607], [-112.20347300002858, 32.92442299976808], [-112.20348300007431, 32.92794300026879], [-112.2034820002494, 32.93115599978546], [-112.2034889999221, 32.937366999759384], [-112.20348100042449, 32.93945499972384], [-112.2034889999221, 32.94173200000909], [-112.20347999970127, 32.94207399977585], [-112.20302199994188, 32.94203800025946], [-112.20302199994188, 32.94207399977585], [-112.20301500026916, 32.9505940002722], [-112.20301400044424, 32.95175900029641], [-112.20301199989612, 32.95440799963885], [-112.20300500022343, 32.96321300023308], [-112.20299799965241, 32.970862000127866], [-112.20298400030703, 32.99281399983747], [-112.20298400030703, 32.99410900018367], [-112.20298199975889, 32.99742400022696], [-112.20298099993398, 32.99815699982102], [-112.20297900028416, 32.999082000137754], [-112.2029900001548, 32.99932500017881], [-112.20299500017768, 32.999443999806], [-112.20299099997972, 33.00926199983442], [-112.20299099997972, 33.011316999844404], [-112.20298900032991, 33.01460700021414], [-112.2029829995838, 33.02886600014189], [-112.20298199975889, 33.029152000087656], [-112.20221299965488, 33.02915099991568], [-112.20214599970772, 33.029153000259676], [-112.20214599970772, 33.029575000275756], [-112.20215400010363, 33.04187599996081], [-112.20212999981418, 33.046042999676594], [-112.20212999981418, 33.049066000292854], [-112.20213099963911, 33.050883999933696], [-112.20213499983707, 33.06216200032062], [-112.20213700038519, 33.06789800000089], [-112.20213599966196, 33.06818500016702], [-112.20213599966196, 33.070147999927165], [-112.20213400001215, 33.07044500032555], [-112.20213400001215, 33.07073600001734], [-112.20213700038519, 33.071274999910244], [-112.20213700038519, 33.07140100036714], [-112.20213700038519, 33.07201899995946], [-112.20213700038519, 33.07219700020625], [-112.20213599966196, 33.07247400008974], [-112.20213999985994, 33.084088000236086], [-112.20214200040807, 33.08421300010614], [-112.20214499988282, 33.084339999641614], [-112.20213999985994, 33.08702299996933], [-112.20214200040807, 33.08716800023131], [-112.20214800025586, 33.11618999976383], [-112.20214800025586, 33.1167380003003], [-112.20214999990567, 33.1177430001513], [-112.20214900008077, 33.11787900014842], [-112.20214900008077, 33.12099399993727], [-112.20214800025586, 33.122685000199965], [-112.20214700043094, 33.12530800025158], [-112.20215099973059, 33.12581700034875], [-112.20214700043094, 33.12610500012389], [-112.20214499988282, 33.13259499969871], [-112.20214499988282, 33.13457099985565], [-112.20214300023298, 33.14055700019086], [-112.20214099968484, 33.14858900016293], [-112.2021380002101, 33.156504000025464], [-112.20213700038519, 33.15816500029526], [-112.2021380002101, 33.15828400031313], [-112.20213900003502, 33.15837199977376], [-112.20212800016438, 33.19200400037263], [-112.20212700033946, 33.193339000068335], [-112.20212700033946, 33.197631999807456], [-112.20212499979132, 33.20327900004819], [-112.20212200031659, 33.20734599965094], [-112.20211800011862, 33.211442000164894], [-112.20211100044592, 33.21958400006642], [-112.2021089998978, 33.222256999888856], [-112.20210700024796, 33.22493200034858], [-112.2021020002251, 33.23024400010152], [-112.20208700015648, 33.23133600037195], [-112.20209899985205, 33.233825999978336], [-112.20209399982917, 33.23857099991923], [-112.20208700015648, 33.246523000196454], [-112.20208799998139, 33.246693000086864], [-112.20208700015648, 33.24686099975093], [-112.20208499960835, 33.24906399983887], [-112.20208399978344, 33.2500460002446], [-112.20209700020222, 33.2505160001635], [-112.2020949996541, 33.252338999905945], [-112.20209200017936, 33.25437400020307], [-112.20209200017936, 33.25470200010941], [-112.2020889998063, 33.25640700000271], [-112.20208600033159, 33.2590480003709], [-112.2020820001336, 33.2616900003011], [-112.20207600028583, 33.26606399984476], [-112.20207000043804, 33.27044100019121], [-112.20204299977556, 33.290465999780366], [-112.20317699975254, 33.2904629999325], [-112.20320799971468, 33.296060999901734], [-112.20316800043005, 33.310498999718064], [-112.20308899988903, 33.31047699962712], [-112.20291200033702, 33.310284999894584], [-112.20256500000737, 33.31015800031231], [-112.20230300006655, 33.30993799979426], [-112.20210600042306, 33.30949900007707], [-112.20213900003502, 33.30910299980587], [-112.20225000036311, 33.3087450003674], [-112.20213900003502, 33.30848100035575], [-112.20213900003502, 33.30823400022681], [-112.20198800042228, 33.307904000217995], [-112.20169299997119, 33.307509000214765], [-112.20103900039321, 33.306970000053056], [-112.20072399985061, 33.3063099997302], [-112.20019999996897, 33.3057050003015], [-112.20001699967086, 33.30539100018811], [-112.19990600024111, 33.305282000020696], [-112.19957200033028, 33.30512799981363], [-112.19937499978847, 33.30488099994728], [-112.19903500002984, 33.304617000249756], [-112.19883800038633, 33.30431499971248], [-112.1986879997002, 33.30423200004039], [-112.19853700008746, 33.3039019999025], [-112.19799999978703, 33.30326900031347], [-112.197927999817, 33.30285800016986], [-112.19778399987696, 33.30265300015243], [-112.1972730004141, 33.30233500005832], [-112.19707699969722, 33.30233500005832], [-112.19691299966568, 33.302269999660275], [-112.19648699969333, 33.30158200004273], [-112.19622499975252, 33.301319000194525], [-112.19572799963505, 33.30108799979645], [-112.19532199975419, 33.30081199965945], [-112.19528900014222, 33.300372999799464], [-112.19498799984333, 33.300097999741595], [-112.19471300038205, 33.30002700014003], [-112.19454900035052, 33.29993299989133], [-112.19422200011236, 33.29936599973321], [-112.19401899972277, 33.299162999967095], [-112.19369099965971, 33.2989440003443], [-112.19354699971969, 33.298696000128196], [-112.19348200032067, 33.29844799995778], [-112.19349499984114, 33.29801999995507], [-112.19344899981037, 33.297773000231096], [-112.19316799960299, 33.297332999972085], [-112.19311499989955, 33.29709699966272], [-112.19313499999103, 33.29657400029706], [-112.19318100002178, 33.29645300030445], [-112.19378899956901, 33.29569499987028], [-112.19432599986945, 33.29478699975577], [-112.19470599981103, 33.29437500003697], [-112.1949219997211, 33.29420999987366], [-112.1951309999585, 33.2939339997494], [-112.19528199957122, 33.293559999994265], [-112.19560200013667, 33.29204900024229], [-112.19570099987087, 33.2918009999478], [-112.19573299965793, 33.29126900015964], [-112.19586400007749, 33.29093899978731], [-112.19645999992915, 33.290163000355804], [-112.19679999968778, 33.28985000006599], [-112.19708199972008, 33.28980599997364], [-112.19721300013966, 33.28966900002182], [-112.19748699977606, 33.28932700005844], [-112.1975400003778, 33.28910799977312], [-112.1975400003778, 33.28883200002968], [-112.19724499992671, 33.28847599968079], [-112.19721200031474, 33.28811700020384], [-112.19707500004739, 33.2878540003107], [-112.19710699983443, 33.28752500002219], [-112.19689799959707, 33.28711200031678], [-112.19681300010657, 33.28666099993686], [-112.19638700013422, 33.28597399987057], [-112.19597500040558, 33.28551799983765], [-112.19592900037482, 33.28538099991236], [-112.19596199998678, 33.28511699977314], [-112.19569300037328, 33.284923000009485], [-112.1956470003425, 33.284801999628876], [-112.19572599998523, 33.28421000023895], [-112.19571299956644, 33.283741000159914], [-112.19581100037404, 33.28356599963044], [-112.1966950001058, 33.28257700003784], [-112.1968580003124, 33.282230000099126], [-112.19690400034318, 33.28200999973072], [-112.1968580003124, 33.28075699996988], [-112.19690400034318, 33.28048199966332], [-112.19718499965224, 33.279838999656306], [-112.19738100036913, 33.27921700031188], [-112.1975119998904, 33.278436000101436], [-112.19739399988963, 33.277540999901895], [-112.19683800022092, 33.27633100036636], [-112.19678499961915, 33.275379999803505], [-112.1964909998913, 33.27413199993939], [-112.196392999982, 33.27385699979205], [-112.19609099985821, 33.27340100029616], [-112.19594699991818, 33.27327999971553], [-112.1954499998007, 33.27265800020448], [-112.19497799979762, 33.27195499975313], [-112.19384600036874, 33.270690999694956], [-112.19344700016056, 33.27003099981621], [-112.19311999992242, 33.26919499971873], [-112.19296900030967, 33.26900200031646], [-112.19249800013148, 33.26857400010072], [-112.1921180001899, 33.26805100029386], [-112.19203299980107, 33.26755599978305], [-112.1920980000984, 33.26671599964282], [-112.19196800040206, 33.265687000140275], [-112.19178400027904, 33.265038999882094], [-112.19160799965363, 33.26469800005502], [-112.19132599962133, 33.264462000126436], [-112.19041000010252, 33.26398300009321], [-112.18937599968464, 33.263801999741794], [-112.18822400016425, 33.26366500028876], [-112.18766799959727, 33.26344399995062], [-112.18718999974638, 33.263334000202704], [-112.18658100037423, 33.26329499981492], [-112.18494500025692, 33.26329499981492], [-112.18465499982867, 33.263312000236475], [-112.18334900032254, 33.263390000228256], [-112.18287700031942, 33.26346100034317], [-112.18217099996458, 33.263334000202704], [-112.1819740003211, 33.26321299994435], [-112.18182399963497, 33.2629219999839], [-112.18134599978407, 33.26262000010979], [-112.18103799981249, 33.26252600012986], [-112.18067899978729, 33.26249900036467], [-112.18020099993643, 33.26252600012986], [-112.17959199966596, 33.26280099990603], [-112.17923199981584, 33.26282900009417], [-112.17857800023786, 33.26300499989078], [-112.17790399967008, 33.26300499989078], [-112.17768799976001, 33.263060000364824], [-112.17698800015128, 33.26296600010729], [-112.17626099988006, 33.2631140002912], [-112.1757570000899, 33.2631140002912], [-112.17506300032895, 33.263433000357615], [-112.17452699985341, 33.26355400031119], [-112.17440899985263, 33.263515999778924], [-112.17398399970521, 33.263168000184244], [-112.17395100009324, 33.26288300016336], [-112.17404900000251, 33.26260799989421], [-112.17421300003406, 33.26239900013219], [-112.17485400009156, 33.262205999983294], [-112.1752929995844, 33.26182200021299], [-112.17544300027052, 33.26174999973949], [-112.17558700021058, 33.26160200024908], [-112.17573799982333, 33.26109099967994], [-112.17561999982254, 33.26073399983413], [-112.17509699976581, 33.26025499963839], [-112.17484800024378, 33.25995300030869], [-112.17467099979346, 33.25951300017778], [-112.17427199958529, 33.2582210001722], [-112.17412799964525, 33.258082999658434], [-112.17332400027944, 33.25778100033201], [-112.17202799992073, 33.25787500015963], [-112.17187700030799, 33.25797299992021], [-112.17181200001066, 33.25820400026222], [-112.17149800019129, 33.25828700014489], [-112.17133400015976, 33.258479000123394], [-112.17130099964949, 33.25875399987005], [-112.17140600012978, 33.25924800013081], [-112.17127499971022, 33.25942999995759], [-112.17114400018896, 33.25946899981748], [-112.17053499991852, 33.259441000054615], [-112.16987499959444, 33.25962199967751], [-112.16961299965361, 33.259593999963734], [-112.16895800025073, 33.25926499983763], [-112.16870999965529, 33.25919400006799], [-112.16823900037541, 33.258642999661326], [-112.16780699965696, 33.25828600032777], [-112.16743400028639, 33.258164999837604], [-112.16690399965864, 33.25772499971538], [-112.16660699955771, 33.25764600009899], [-112.16653799996074, 33.25762699967665], [-112.16653100028805, 33.257602000300686], [-112.16653100028805, 33.257504999950015], [-112.16664199971783, 33.2573619999182], [-112.16666199980929, 33.25721299992487], [-112.165838000352, 33.256592999835746], [-112.16562800028971, 33.256537999797125], [-112.16454199999329, 33.25691099984467], [-112.16392000020237, 33.256994000204564], [-112.16283399990594, 33.25656499990232], [-112.16221200011499, 33.25622400004705], [-112.16202899981688, 33.25605899988163], [-112.16181999957952, 33.255656999881424], [-112.16176799970098, 33.25501400036177], [-112.16158500030119, 33.254547000176565], [-112.16132300036038, 33.25428299995363], [-112.16098299970344, 33.25410599999774], [-112.16040699994326, 33.25389800004541], [-112.16018099998745, 33.25386699964535], [-112.15950399994493, 33.25377700023903], [-112.15750200012971, 33.253704000026445], [-112.15725299970936, 33.25373200012545], [-112.15710899976929, 33.25380199995822], [-112.15671600030724, 33.25383099989395], [-112.1563890000691, 33.25395199962554], [-112.15585900033967, 33.25424300016898], [-112.15543400019223, 33.25435300009616], [-112.15471399959368, 33.25424300016898], [-112.1541379998335, 33.25433600018472], [-112.15244999983763, 33.254322999719975], [-112.15192599995599, 33.254198000295446], [-112.15159299987005, 33.25417000034571], [-112.15128499989851, 33.25418700028945], [-112.15106899998842, 33.25426900036912], [-112.15095799966033, 33.25425300030464], [-112.15074199975027, 33.25408800017312], [-112.15063499962015, 33.25405799970595], [-112.15054599993168, 33.254033000060005], [-112.15029700040965, 33.25399400002711], [-112.14970800023069, 33.25400500005741], [-112.14938099999254, 33.25393899985489], [-112.14911900005173, 33.25381200014436], [-112.14870700032307, 33.253300999833954], [-112.14829499969612, 33.25305299988959], [-112.14788999964014, 33.25272300004144], [-112.14693399993838, 33.25239199981376], [-112.14645699991242, 33.2520630003626], [-112.14624799967503, 33.25177599963795], [-112.1461170001538, 33.25167799968768], [-112.14571799994562, 33.251556999812045], [-112.14519400006397, 33.251209999804615], [-112.14448799970914, 33.25087999975759], [-112.14404699966818, 33.250477999969895], [-112.14393200004045, 33.2503739998695], [-112.14382699956015, 33.25004999989011], [-112.14381099966661, 33.24978900009742], [-112.14327400026451, 33.24934899986526], [-112.14318899987569, 33.249156000186176], [-112.14294700002634, 33.248854000055], [-112.1423720000911, 33.24834200011989], [-112.14184900003437, 33.24802900015096], [-112.141423000062, 33.24760000015824], [-112.14057299976713, 33.24735199981138], [-112.14026599962047, 33.24716000017427], [-112.1401479996197, 33.247039000053306], [-112.14010199958894, 33.24690099990955], [-112.14011500000773, 33.24674700036294], [-112.14045599959127, 33.24603199998659], [-112.1405209998886, 33.24549900006699], [-112.14032599989493, 33.244794999686626], [-112.13986800013552, 33.244162999646214], [-112.13967200031693, 33.24366799976504], [-112.13959299977591, 33.24357499966581], [-112.13931199956852, 33.243426000205396], [-112.13859199986828, 33.24323400020852], [-112.13691100044343, 33.24303999980681], [-112.1360080004451, 33.242765000192016], [-112.1353539999688, 33.24236399989169], [-112.13502699973067, 33.24205000030029], [-112.13485100000356, 33.24180199998377], [-112.13473300000278, 33.24155499972354], [-112.13456999979617, 33.24089499985376], [-112.13458300021496, 33.24008200026489], [-112.13481300036872, 33.239531000311324], [-112.13477999985844, 33.23866900029056], [-112.13468299977407, 33.23803600024123], [-112.13440800031279, 33.23763399998479], [-112.13435600043422, 33.237184000342324], [-112.13406199980805, 33.2366729997367], [-112.13393100028681, 33.23606800001085], [-112.13378099960065, 33.235683000259876], [-112.13345400026083, 33.23510599975016], [-112.13299700032633, 33.234088000192294], [-112.1324740002696, 33.233482999862474], [-112.13123099961433, 33.23282700035392], [-112.13049199964753, 33.23282700035392], [-112.12993599997885, 33.233213000010075], [-112.12939899967841, 33.23377300008338], [-112.12848300015962, 33.2345580002608], [-112.12776299956109, 33.23489999983216], [-112.12730499980168, 33.23503700005417], [-112.12647399977338, 33.235519999788146], [-112.12604799980102, 33.235519999788146], [-112.12570200019461, 33.23540399972834], [-112.1243840000946, 33.23530299996548], [-112.12372999961829, 33.23513199963235], [-112.1231670002769, 33.23499599964279], [-112.12278099958921, 33.23495199971134], [-112.12256499967914, 33.234870000292375], [-112.12224500001199, 33.23471599983792], [-112.12175399974234, 33.23450800032558], [-112.12160999980227, 33.23447499963141], [-112.12139999974, 33.23443599988787], [-112.12127599989144, 33.23436400014222], [-112.12113199995139, 33.23412200037472], [-112.12098100033866, 33.23396900020105], [-112.12089000010208, 33.233825999978336], [-112.1206540001005, 33.233325999662924], [-112.120562000039, 33.2331669997239], [-112.12038499958868, 33.232930000185505], [-112.12011000012737, 33.23268900031644], [-112.12004499983006, 33.232579000174184], [-112.12001899989079, 33.2324949998084], [-112.12006400009662, 33.2322699998266], [-112.12006400009662, 33.23194099977622], [-112.12001800006587, 33.23184200000981], [-112.1199140003088, 33.23172099972573], [-112.11973000018578, 33.231644000140854], [-112.11964499979698, 33.23162199971027], [-112.11947499991766, 33.23163300030197], [-112.1189130004012, 33.23174400025214], [-112.11840899971271, 33.23188700012248], [-112.1177020004313, 33.23194099977622], [-112.11758500025543, 33.231937000053456], [-112.11726399986503, 33.23191499969664], [-112.11704799995499, 33.231870999717735], [-112.11673400013562, 33.23177799984316], [-112.11636800043775, 33.23169500033212], [-112.11630899998819, 33.23166800005776], [-112.11621699992666, 33.23159600028723], [-112.11621699992666, 33.23142000034823], [-112.11624299986596, 33.2313429997469], [-112.11623000034545, 33.23110099988461], [-112.11616400022324, 33.23083200032305], [-112.11614499995666, 33.23060699981965], [-112.11607899983443, 33.23037000010612], [-112.11597400025242, 33.230105999745106], [-112.1159149998029, 33.22989199968745], [-112.1158749996199, 33.22937999990325], [-112.11584299983286, 33.229315000040614], [-112.11573800025089, 33.2290239999129], [-112.11570499974059, 33.22899100015493], [-112.11567899980133, 33.228923999697145], [-112.1156200002501, 33.22880299988432], [-112.11555499995279, 33.22872099995947], [-112.11550899992203, 33.22862200030516], [-112.11534499989048, 33.22840200017119], [-112.11512200030772, 33.22817200012262], [-112.11415400001208, 33.22773800029149], [-112.11383299962172, 33.227522000113176], [-112.11368299983388, 33.22747400025153], [-112.11348000034262, 33.22747400025153], [-112.11329700004453, 33.2275019997357], [-112.11304799962416, 33.2276120002523], [-112.11266199983477, 33.2278150003096], [-112.11244000007693, 33.22790799988974], [-112.11231000038059, 33.227933000244875], [-112.11228299971809, 33.22793800031501], [-112.1121980002276, 33.22795299977234], [-112.11206099996026, 33.227942000220615], [-112.11194299995948, 33.22789799974573], [-112.11181200043823, 33.22790799988974], [-112.11156999969056, 33.22798099985456], [-112.11134100026004, 33.228090999768746], [-112.11109299966459, 33.228238999653584], [-112.11079200026403, 33.228360000246674], [-112.11056999960786, 33.228393999650386], [-112.11043200041392, 33.22838800019859], [-112.11013100011505, 33.22833299969413], [-112.10982999981616, 33.228251000080085], [-112.10954899960876, 33.22819500007956], [-112.1093460001175, 33.22811899980679], [-112.1090649999101, 33.228125000028484], [-112.1086919996412, 33.22821800003046], [-112.10784200024463, 33.22857099982468], [-112.10752099985426, 33.2287960003061], [-112.1072270001264, 33.2289489997618], [-112.10637000015882, 33.22929700037066], [-112.10593199959258, 33.22938999987785], [-112.10555300037423, 33.229434999749344], [-112.10458400025367, 33.22969799973736], [-112.10449300001706, 33.229748000168485], [-112.10440799962824, 33.22988600033841], [-112.10432899998553, 33.22995699987268], [-112.10425700001551, 33.2300120001073], [-112.1039759998081, 33.23011099969109], [-112.10374700037757, 33.230154999804064], [-112.1032569999328, 33.23018199979412], [-112.1032569999328, 33.230200000033314], [-112.10319099981056, 33.23027700013816], [-112.1031869996126, 33.23028599987275], [-112.10314399995488, 33.23039900030211], [-112.10312600041154, 33.230445999925664], [-112.10304100002271, 33.23053499992704], [-112.10297599972542, 33.23056199979977], [-112.10161499996767, 33.23074500013694], [-112.10134700017908, 33.230760999996285], [-112.10080999987863, 33.230914999901735], [-112.1000969998511, 33.23105700024757], [-112.10004300032276, 33.231063999644846], [-112.10002900007906, 33.231063999644846], [-112.09952199991585, 33.23111299991842], [-112.09897899976764, 33.23099499976511], [-112.09835100012891, 33.23086000023499], [-112.09730400019053, 33.23051000031573], [-112.09708099970948, 33.230404000231275], [-112.09688499989089, 33.23034999962848], [-112.096583999592, 33.23033899962684], [-112.09619799980264, 33.230371999627614], [-112.09581200001324, 33.23035599969711], [-112.09551099971436, 33.230213000329066], [-112.09522299983428, 33.23000399973377], [-112.09514500001647, 33.22997100034556], [-112.09495500004567, 33.229796000284956], [-112.09480400043292, 33.22971899975663], [-112.09467300001337, 33.229591000026254], [-112.09463399965531, 33.22949199985386], [-112.09450300013405, 33.229266999660155], [-112.09443799983673, 33.22919100031889], [-112.09436599986672, 33.22907500012922], [-112.09384899965777, 33.22860800036778], [-112.0937180001365, 33.22855800003637], [-112.0936329997477, 33.228508999834105], [-112.09349700020357, 33.2284550003156], [-112.09328600031638, 33.22837199990513], [-112.09286700001671, 33.22806399988456], [-112.09248100022735, 33.227706999630776], [-112.09240900025732, 33.22760099990629], [-112.09222599995921, 33.22745399986314], [-112.09187899962957, 33.22721800004385], [-112.09170200007756, 33.2270580000972], [-112.091506000259, 33.22676699997455], [-112.09121800037892, 33.226503000009686], [-112.09106799969275, 33.22641499984426], [-112.09092399975272, 33.226289000153564], [-112.09079900007924, 33.2261239998368], [-112.09050500035136, 33.22590999980496], [-112.09036700025912, 33.22572699987156], [-112.09018399996101, 33.225584999889406], [-112.0900009996629, 33.22549600011118], [-112.08978499975285, 33.225292999932], [-112.08968099999576, 33.22516099970337], [-112.08957600041379, 33.22495300000921], [-112.08951699996422, 33.22472800016245], [-112.08949699987275, 33.224491000299196], [-112.08949699987275, 33.22431400013464], [-112.08945099984199, 33.22412299970818], [-112.08937899987198, 33.22398500021465], [-112.08927400028998, 33.22385399972621], [-112.08903900011336, 33.22338500021251], [-112.0889930000826, 33.22320999974978], [-112.08897999966379, 33.22290100011769], [-112.08895999957231, 33.22284700014289], [-112.08894700005185, 33.22275900005688], [-112.08888799960229, 33.22257200014386], [-112.08886199966302, 33.22247399976859], [-112.08882900005105, 33.22243000030056], [-112.08882200037837, 33.22237499980713], [-112.08875700008105, 33.22215499974217], [-112.08873699998955, 33.2220119997414], [-112.08869099995881, 33.22186800002472], [-112.08867199969224, 33.22168799985767], [-112.08857399978294, 33.22129699998896], [-112.08852799975219, 33.22118200009286], [-112.08848799956921, 33.220999000038056], [-112.08844300026169, 33.220911999840744], [-112.0884099997514, 33.22076799981649], [-112.08821999978062, 33.22026399974376], [-112.08819999968912, 33.220114999638895], [-112.08820700026014, 33.219827999992745], [-112.08825300029088, 33.21964800013758], [-112.08835700004796, 33.219306999805696], [-112.08848799956921, 33.21898800025571], [-112.08857299995802, 33.21874600002858], [-112.08861800016386, 33.21858099976328], [-112.08862499983657, 33.21849299989534], [-112.08871000022539, 33.21820699971324], [-112.08880800013466, 33.21797599963524], [-112.08898399986177, 33.217701000107155], [-112.0892190000384, 33.21738399978096], [-112.08921999986332, 33.21736599991049], [-112.0894230002529, 33.21709500036989], [-112.08945500003995, 33.217003000104825], [-112.0895069999185, 33.2169260003396], [-112.0896049998278, 33.216617000307416], [-112.0896049998278, 33.21622800016732], [-112.08957899988852, 33.21617199998541], [-112.0895069999185, 33.21603399997471], [-112.08944199962116, 33.21587599971705], [-112.08936999965113, 33.215744000310465], [-112.08925199965037, 33.21532499981589], [-112.08925800039647, 33.21491899988375], [-112.08930500025211, 33.214805000186054], [-112.08932399962039, 33.214760000304], [-112.08935600030576, 33.21411499995353], [-112.08945400021504, 33.21387499967574], [-112.08953899970554, 33.213764999923384], [-112.08963699961483, 33.213692999696335], [-112.08981999991293, 33.213621999738045], [-112.08998999979224, 33.213537999956415], [-112.09015399982378, 33.213395999730665], [-112.09033700012189, 33.2132149998393], [-112.09060200043575, 33.21303400032516], [-112.09060499991048, 33.2130169998948], [-112.09071000039079, 33.21292899969218], [-112.09096499976059, 33.212577000251436], [-112.09104299957839, 33.21242299962812], [-112.0911480000587, 33.212245999850786], [-112.09117999984575, 33.21200399976697], [-112.09125900038678, 33.211843999803754], [-112.09126500023456, 33.211789999768925], [-112.09140900017461, 33.211592000358294], [-112.09148100014464, 33.21145500024193], [-112.09150700008391, 33.211438000256486], [-112.09176200035203, 33.21096600000348], [-112.09183400032207, 33.210724000138214], [-112.0918800003528, 33.2106249996589], [-112.09189899972108, 33.21053700005734], [-112.09194499975182, 33.21044200007222], [-112.0919640000184, 33.2103270001896], [-112.09197800026209, 33.2101459999637], [-112.09204900040721, 33.21001400018161], [-112.09211499963112, 33.20986000030954], [-112.09217999992846, 33.20973899968307], [-112.09214700031649, 33.2095250001595], [-112.0921339998977, 33.20928799970076], [-112.09211399980623, 33.20924499999276], [-112.0920429996611, 33.20921699992681], [-112.09193100040642, 33.20913499968212], [-112.09187899962957, 33.20911700036974], [-112.09171499959805, 33.209079999850786], [-112.09139499993093, 33.20896400005224], [-112.09120499996011, 33.20887499990165], [-112.09099599972272, 33.20883800003202], [-112.09081900017074, 33.20882100028981], [-112.09049199993258, 33.20875000013698], [-112.09044000005404, 33.20875000013698], [-112.08989100005806, 33.20863999995591], [-112.08951799978914, 33.20851400022091], [-112.08926900026712, 33.208370999723286], [-112.089013999999, 33.20817900018045], [-112.08886400021116, 33.208100999776086], [-112.08843200039104, 33.207701000272024], [-112.08790799961106, 33.20725000031121], [-112.08761399988322, 33.20704600023728], [-112.0874440000039, 33.20695300027797], [-112.08727400012458, 33.206825999963705], [-112.08690800042667, 33.206645000014184], [-112.08657399961751, 33.20652999965246], [-112.08639100021774, 33.206491000227516], [-112.08623399985889, 33.20643499982797], [-112.08608300024615, 33.206348999842525], [-112.08593299956003, 33.206231999770324], [-112.08554699977064, 33.206013000120755], [-112.08488599962166, 33.205595999726214], [-112.08465100034333, 33.205381000174214], [-112.08426499965563, 33.20513899989998], [-112.08421299977708, 33.20513400003012], [-112.08409499977633, 33.205067000093045], [-112.08374800034501, 33.20492499965297], [-112.08359799965885, 33.20482499970237], [-112.08350599959734, 33.20473199963828], [-112.08347999965808, 33.204700000167236], [-112.08347999965808, 33.204573000342535], [-112.08348800005399, 33.204559999994935], [-112.08194599964798, 33.20468600016009], [-112.07655899962016, 33.204691000055554], [-112.06467099967901, 33.204696999629014], [-112.04739900008309, 33.2046950002723], [-112.030157999551, 33.2046919997339], [-111.99560500013833, 33.20469800005901], [-111.99548200011466, 33.20469800005901], [-111.995359000091, 33.20469800005901], [-111.99380499998944, 33.204698999737275], [-111.993752000286, 33.204698999737275], [-111.99357300018585, 33.204700000167236], [-111.93715399974626, 33.20471600028008], [-111.9283849998789, 33.204714999850296], [-111.9103960000575, 33.2047129997424], [-111.90950200028, 33.2047129997424], [-111.90911300011759, 33.2047129997424], [-111.9087070002367, 33.20471200006422], [-111.90205200033758, 33.2047109996344], [-111.89308500010351, 33.20470900027806]]]}, "properties": {"GEOID": "04013", "NAME": "Maricopa County", "BASENAME": "Maricopa", "STATE": "04", "COUNTY": "013", "AREALAND": "23833172605", "AREAWATER": "62006320", "INTPTLAT": "+33.3451756", "INTPTLON": "-112.4989296"}}], "_auspice": {"source_url": "https://tigerweb.geo.census.gov/arcgis/rest/services/TIGERweb/State_County/MapServer/1/query?where=GEOID%3D%2704013%27&outFields=GEOID%2CNAME%2CBASENAME%2CSTATE%2CCOUNTY%2CAREALAND%2CAREAWATER%2CINTPTLAT%2CINTPTLON&returnGeometry=true&outSR=4326&f=geojson", "fetched_at": "2026-08-26T23:13:27.443650+00:00", "service": "Census TIGERweb State_County layer 1"}}