{"type": "FeatureCollection", "features": [{"type": "Feature", "geometry": {"type": "Polygon", "coordinates": [[[-84.05522099967594, 33.5186679997711], [-84.05521200035341, 33.51848800005884], [-84.05518499969092, 33.518308999798755], [-84.05514200003321, 33.51813300015261], [-84.05508299958368, 33.51795899980999], [-84.05500899996383, 33.51778999977925], [-84.05492000027537, 33.51762600008958], [-84.05484800030534, 33.517457999993795], [-84.05480499974931, 33.51735899963747], [-84.0547539996957, 33.51723900030188], [-84.05472500028169, 33.51705200022528], [-84.05471000021308, 33.51694800019202], [-84.0546759998779, 33.51672300013868], [-84.05466300035742, 33.516598999785884], [-84.05457100029591, 33.515645000139706], [-84.05455399967916, 33.515549000280444], [-84.05451799969414, 33.51534499966407], [-84.05448500008218, 33.51520399967286], [-84.05445499994495, 33.515080000138724], [-84.05443099965552, 33.51499200007158], [-84.05439600039372, 33.514907000262184], [-84.05436700008141, 33.51484899977154], [-84.05430400033221, 33.51474400021782], [-84.05424800025573, 33.51466699986491], [-84.05418499960821, 33.514593999671334], [-84.05411500018633, 33.51452499964717], [-84.05403999984325, 33.51446099967331], [-84.05389699972812, 33.514306000020134], [-84.05383200032911, 33.51423500001866], [-84.05369400023685, 33.514085999963186], [-84.05364599965796, 33.51402300028981], [-84.05358899975656, 33.5139489996757], [-84.05326400006655, 33.51352700030798], [-84.05313600002002, 33.51336100025886], [-84.05261700016125, 33.51262500015694], [-84.05230499999172, 33.512255000211766], [-84.05213400028748, 33.51205199996636], [-84.0519939996471, 33.511826000011105], [-84.05195400036243, 33.51176099963625], [-84.05188800024021, 33.51165400027256], [-84.05185100043026, 33.51156100019316], [-84.05184100038453, 33.51153700022891], [-84.05181799992, 33.511494999713776], [-84.0517970000036, 33.511454999739136], [-84.05176000019368, 33.51139899974362], [-84.05165700026151, 33.51128300001217], [-84.05151499997129, 33.51114800034839], [-84.0513590003357, 33.511024000244156], [-84.05127800014483, 33.51096500023486], [-84.05118899955806, 33.510914000232475], [-84.05109499984674, 33.51087100025115], [-84.05099500028761, 33.51083800012913], [-84.05089099963223, 33.51081300005094], [-84.0506780000952, 33.51079200036918], [-84.05046300001005, 33.510785000224494], [-84.05035500005502, 33.51078700005188], [-84.05020400044228, 33.51079600002364], [-84.04976500005112, 33.51085600006108], [-84.04973699956373, 33.51086500002566], [-84.04970999979956, 33.51087200016388], [-84.04963100015684, 33.51089399973869], [-84.04960500021758, 33.51090400036065], [-84.04929899989583, 33.510994999825684], [-84.04915300030595, 33.511038999656144], [-84.04865600018849, 33.51130899986218], [-84.04857400017272, 33.51136699972992], [-84.04849999965457, 33.51143199965175], [-84.0484739997153, 33.51146000001789], [-84.04843500025555, 33.51150400036084], [-84.04838000000397, 33.51158099978376], [-84.04833399997322, 33.51166300015413], [-84.04830700020902, 33.51172899975643], [-84.04829999963802, 33.511748000154604], [-84.04827799989671, 33.51183599977633], [-84.04826500037623, 33.51192599985867], [-84.04826200000319, 33.512015999847335], [-84.04827000039911, 33.512105999742396], [-84.04828700011755, 33.51219499964641], [-84.04831300005682, 33.51228199966615], [-84.04836699958517, 33.512400999990476], [-84.04847000041565, 33.51268299989153], [-84.04848899978391, 33.51273299970902], [-84.04854599968532, 33.512907000076964], [-84.04861900037857, 33.513075999909965], [-84.04874800024999, 33.5133240000511], [-84.048888999817, 33.51356700007368], [-84.04899900032017, 33.5137220003018], [-84.04912399999364, 33.51386899973005], [-84.04926200008589, 33.51400700002072], [-84.04941199987373, 33.51413599971888], [-84.04986899980821, 33.514509000219896], [-84.05021799978768, 33.51482499997041], [-84.05030700037445, 33.51487599991441], [-84.05036199972771, 33.514912000341376], [-84.05039100004004, 33.51493199990638], [-84.05047100040596, 33.51499299993669], [-84.05054500002582, 33.51505899999462], [-84.05061299979788, 33.51512800034188], [-84.05067600044538, 33.51520100008487], [-84.05073199962358, 33.51527799996251], [-84.05078199985228, 33.515358000103184], [-84.0508250004083, 33.51544099974971], [-84.05086200021823, 33.515524999924466], [-84.05088800015749, 33.5156120003405], [-84.0509030002261, 33.515713000162755], [-84.05090499987593, 33.51577100007415], [-84.05090599970084, 33.515792000045366], [-84.05089800020322, 33.51588099990258], [-84.05088300013463, 33.5159429998668], [-84.05087800011175, 33.51596999966819], [-84.0508670002411, 33.5159999997705], [-84.0508460003247, 33.51605599978389], [-84.05075199971506, 33.51621799975231], [-84.05064700013307, 33.51637500017184], [-84.05053599980499, 33.51652999986296], [-84.05046899985784, 33.516599999632426], [-84.05039299968985, 33.51666400027083], [-84.05030700037445, 33.51671800016409], [-84.05011800022855, 33.516795000189454], [-84.04937000004092, 33.517044999838106], [-84.04897099983276, 33.51714399980482], [-84.04797900014597, 33.51739200026813], [-84.04776800025877, 33.51742900023399], [-84.04755999984631, 33.51747400037361], [-84.04725299969965, 33.5175580000723], [-84.04705299968312, 33.51762299983662], [-84.04685600003961, 33.517697000303905], [-84.04666400041901, 33.51777800028743], [-84.04647699992294, 33.51786700034828], [-84.04638599968634, 33.51791499975399], [-84.04621300033227, 33.51802200036184], [-84.04605199977549, 33.51814100028046], [-84.04594299999555, 33.51823300019976], [-84.04586400035284, 33.51829400014924], [-84.04571700003974, 33.51842599967175], [-84.04564800044278, 33.51849500032924], [-84.04552299987098, 33.518641999885695], [-84.04541300026612, 33.51879700000854], [-84.0453200003797, 33.51895900008644], [-84.04524500003664, 33.51912800008017], [-84.04514299992938, 33.51937799972689], [-84.04505900026379, 33.51954400021355], [-84.04496399982925, 33.5197059996414], [-84.04485800042234, 33.519862999722044], [-84.0447420000714, 33.52001399992668], [-84.04468000014711, 33.52008799984643], [-84.04460599962896, 33.52015299995648], [-84.04452299978827, 33.520210000081924], [-84.0444330002749, 33.52025900023851], [-84.04433600019053, 33.520298999887316], [-84.04423499990818, 33.520331000341926], [-84.0441300003262, 33.52035199995511], [-84.04402499984589, 33.520364999641764], [-84.04391699989087, 33.52037099995738], [-84.04380999976075, 33.52037099995738], [-84.04370299963064, 33.52036399983875], [-84.04359899987355, 33.52034099987304], [-84.04350099996427, 33.52030399965487], [-84.04341099955258, 33.52025500027265], [-84.04333100008495, 33.52019299965425], [-84.0429469999454, 33.51988000021457], [-84.04261800005743, 33.51947099964176], [-84.04210199967339, 33.51884799985774], [-84.0420180000078, 33.51873499984292], [-84.041968999604, 33.51865400000662], [-84.04192799959613, 33.51857099969805], [-84.04189499998417, 33.51848499983577], [-84.04187400006776, 33.51841100004257], [-84.04185300015136, 33.518308999798755], [-84.04184399993052, 33.51821900036489], [-84.04184599958036, 33.51812900008838], [-84.04185899999915, 33.51804000029713], [-84.04188300028858, 33.51795200024517], [-84.04191699972546, 33.51786599976744], [-84.04196100010638, 33.517784000033544], [-84.04208599977986, 33.51759499996716], [-84.0422780002988, 33.51727200022937], [-84.04236500033744, 33.517108000306635], [-84.04240999964496, 33.517025000012616], [-84.04253100001878, 33.516775000306176], [-84.04264099962364, 33.51645699974345], [-84.04274699992884, 33.51605599978389], [-84.04285599970879, 33.51549700012494], [-84.04295899964094, 33.51481200020013], [-84.04321899993195, 33.512900000103336], [-84.04326800033576, 33.51254200005589], [-84.04332600006207, 33.512013000148826], [-84.04331500019144, 33.511468999919586], [-84.04331199981837, 33.51134600018261], [-84.04326999998558, 33.51099300000305], [-84.04323099962754, 33.51065699993936], [-84.04318399977186, 33.51038999970072], [-84.04312000019776, 33.51012499997893], [-84.04304099965672, 33.50986299996775], [-84.04302300011338, 33.509825999762135], [-84.04299999964884, 33.509779000287935], [-84.04294799977032, 33.50970000015797], [-84.04288699967094, 33.509627000267734], [-84.04281600042415, 33.50955899995544], [-84.04273299968514, 33.509501000373795], [-84.04263999979872, 33.509455999832205], [-84.04254000023961, 33.50942399984897], [-84.0424749999423, 33.509412999875366], [-84.04232900035242, 33.509389000064374], [-84.0422220002223, 33.50937800008637], [-84.0421150000922, 33.50937299968736], [-84.04200700013715, 33.50937299968736], [-84.04191300042582, 33.50938199980619], [-84.04190099983194, 33.509383999666], [-84.04179500042504, 33.50940299983014], [-84.04169300031779, 33.50943100010376], [-84.0415950004085, 33.50946699980029], [-84.04150099979884, 33.50951099965875], [-84.0411800003068, 33.509637000287086], [-84.04088200038098, 33.5097420000464], [-84.04078000027373, 33.50977000021041], [-84.04067599961832, 33.50979299999054], [-84.04046399990622, 33.509822999987705], [-84.04035699977611, 33.50983100013503], [-84.04029099965386, 33.509832000059724], [-84.04024899982106, 33.5098339999092], [-84.04003499956083, 33.509825999762135], [-84.03992800032901, 33.509815999764626], [-84.03972999996229, 33.50978299998922], [-84.03912400006489, 33.5096810000591], [-84.038462000091, 33.50955199971095], [-84.03770700023067, 33.509420000131094], [-84.03720900028829, 33.509359999846964], [-84.03711100037901, 33.50934899986527], [-84.03640900022214, 33.50928299994568], [-84.0361969996117, 33.50925199982988], [-84.03609299985465, 33.509230999769294], [-84.03588799981523, 33.50917599976478], [-84.03569000034683, 33.50910500004777], [-84.03560099976005, 33.50905499963188], [-84.03552200011733, 33.508993999909265], [-84.03545400034525, 33.50892399997813], [-84.03539200042098, 33.508850000246134], [-84.0353360003445, 33.50877299989106], [-84.03528799976561, 33.5086929996538], [-84.03524699975772, 33.50861000027518], [-84.03514700019862, 33.50835199993849], [-84.03506299963472, 33.50809099974716], [-84.03499700041078, 33.50782699967405], [-84.03494999965682, 33.50755899974066], [-84.03486299961816, 33.506406999843755], [-84.03482400015842, 33.506178000225006], [-84.03476100040923, 33.5059130003384], [-84.03468199986818, 33.50565100030858], [-84.03458499978383, 33.505393000138845], [-84.034470999981, 33.505149999632756], [-84.03440999988163, 33.50497700012666], [-84.03438800014034, 33.50488900027113], [-84.03437200024679, 33.50480000034334], [-84.03432600021604, 33.50435100012834], [-84.03432000036827, 33.50426099965815], [-84.03430500029965, 33.50417199983361], [-84.03428299966004, 33.50408399990871], [-84.03425400024601, 33.503996999886446], [-84.03421900008591, 33.50391199976306], [-84.03417700025312, 33.50382900029345], [-84.03413000039748, 33.50374799998528], [-84.03402200044243, 33.50359199987165], [-84.03389600004573, 33.50344600021172], [-84.03387199975629, 33.50342400024161], [-84.0337520001057, 33.503312000307076], [-84.03367400028789, 33.50325000028097], [-84.03273399958132, 33.50259100025526], [-84.03227099979907, 33.50231699976922], [-84.03182300008538, 33.50206700026402], [-84.03174100006962, 33.502023000366236], [-84.03155799977151, 33.5019140001657], [-84.03148400015168, 33.50186500010642], [-84.03138899971712, 33.501801999775395], [-84.03107099969979, 33.50155899967433], [-84.03084399991909, 33.501367000055275], [-84.03077600014701, 33.50130600015741], [-84.03069800032921, 33.5012349999765], [-84.03056199988679, 33.501095000240504], [-84.03047599967306, 33.50095400025078], [-84.03029900012103, 33.5006839999482], [-84.03017699992232, 33.5004219998205], [-84.03013400026461, 33.50031499992055], [-84.03010699960211, 33.50026000024258], [-84.03008900005878, 33.500234000069376], [-84.03005300007376, 33.50016599986755], [-84.03002299993652, 33.50009600028702], [-84.0300079998679, 33.500021999748576], [-84.03000600021808, 33.49994699985708], [-84.03001899973856, 33.49987199990055], [-84.03003899983004, 33.499820000062385], [-84.03005200024883, 33.499796999879095], [-84.03046900000035, 33.499234999917604], [-84.03078000034498, 33.49885499988883], [-84.03093900035364, 33.49866300026499], [-84.03141100035674, 33.498060000199395], [-84.03152599998448, 33.49790799982318], [-84.03159799995449, 33.497841000104835], [-84.03168199962008, 33.4977840002254], [-84.03177500040482, 33.497739999648815], [-84.03187599978884, 33.49770899989314], [-84.031978999721, 33.49768399976793], [-84.03208500002621, 33.49766600009281], [-84.03219200015633, 33.497656000188464], [-84.03229900028644, 33.497652999992205], [-84.03240600041657, 33.49765700025388], [-84.03251299964839, 33.497668000223406], [-84.03288199971932, 33.49767800012636], [-84.03331199988963, 33.49767299980049], [-84.03374100023504, 33.49765099986132], [-84.03395600032019, 33.49763300017935], [-84.03410399955987, 33.4976010003193], [-84.03532299992571, 33.49733999991913], [-84.03535999973562, 33.497334000253666], [-84.03539900009369, 33.497325999700344], [-84.03551600026955, 33.49730599981194], [-84.0355559995542, 33.49730000014412], [-84.035717000111, 33.49727199969134], [-84.03660000001784, 33.49711800003572], [-84.03679199963847, 33.497072999797616], [-84.03691100036247, 33.49704700016547], [-84.03700699972362, 33.49700600018223], [-84.03709299993734, 33.49695199997363], [-84.03716599973228, 33.49688600033887], [-84.03722400035691, 33.49681099997779], [-84.03727100021257, 33.49672999984447], [-84.03730499964945, 33.49664399999908], [-84.0373420003577, 33.496466999656555], [-84.03735200040343, 33.496376999978466], [-84.03735599970308, 33.49628700020683], [-84.03735300022834, 33.49619700034163], [-84.03734099963447, 33.49610799971705], [-84.0373210004413, 33.49601899975004], [-84.03729100030407, 33.495932999947584], [-84.03725299977091, 33.49584800014596], [-84.03718400017395, 33.495780000244565], [-84.03709600031038, 33.49572800019582], [-84.03699599985296, 33.49569599963166], [-84.03689000044608, 33.49568199989615], [-84.0365680002308, 33.495701000071776], [-84.03624699984042, 33.495730000371196], [-84.03603299958019, 33.495740999836414], [-84.03581800039333, 33.49574400009893], [-84.0357100004383, 33.49574199992389], [-84.03560300030817, 33.49573099970966], [-84.03549799982788, 33.49571200028983], [-84.03539499989573, 33.49568700033708], [-84.03529399961339, 33.495654999757754], [-84.03508199990128, 33.49556900034282], [-84.03500400008348, 33.49553799980978], [-84.03472200005116, 33.495406999923766], [-84.03396200016797, 33.495001000075774], [-84.03390600009148, 33.49492799977382], [-84.033745000433, 33.494717000043146], [-84.03370100005206, 33.49466099970518], [-84.03369100000633, 33.49464900000261], [-84.03362300023426, 33.494696000201586], [-84.03360999981547, 33.494674000255074], [-84.03360399996768, 33.49466000035431], [-84.03357899985333, 33.49461099993467], [-84.0335689998076, 33.494591000168185], [-84.03347699974609, 33.49455199997353], [-84.03335700009549, 33.49462900024495], [-84.03331299971455, 33.49463199979685], [-84.03320999978239, 33.49466000035431], [-84.03283400003875, 33.49448000014433], [-84.03169599986379, 33.49398000009469], [-84.03107200042302, 33.49374200031531], [-84.03032199968725, 33.49348600008674], [-84.03003100033244, 33.493368000089426], [-84.02984600038451, 33.49327599995458], [-84.02966700028438, 33.49317500016619], [-84.02949900005488, 33.49306200033757], [-84.02934199969604, 33.492936999672416], [-84.02920000030413, 33.49280199986015], [-84.02906999970948, 33.49265700010482], [-84.02895699973158, 33.49250299973198], [-84.0287550000652, 33.49217299983006], [-84.02864700011018, 33.49201599970313], [-84.0285290001094, 33.4918650000855], [-84.0284019998878, 33.49171900012541], [-84.02832599971981, 33.49165499976772], [-84.02824200005423, 33.491598000310645], [-84.02814999999272, 33.491550999928364], [-84.02805299990834, 33.49151199986273], [-84.02794800032635, 33.49149300026622], [-84.02784000037133, 33.491493999653635], [-84.02773400006612, 33.49150900020274], [-84.02763299978376, 33.49154100006685], [-84.0275420004455, 33.49158799970543], [-84.02746799992734, 33.49165399963299], [-84.02736499999517, 33.491811999800035], [-84.02732099961425, 33.491894000171406], [-84.02728299997939, 33.49197900010894], [-84.02725200001727, 33.49206500009298], [-84.02723000027595, 33.49215300024961], [-84.0272129996592, 33.49224299982355], [-84.0272059999865, 33.49233199992615], [-84.0272040003367, 33.49242300018903], [-84.0271420004124, 33.492987999779785], [-84.02703000025942, 33.49369300012531], [-84.02661799963245, 33.49529899972564], [-84.02651600042353, 33.495650000064124], [-84.02646000034702, 33.49582499965652], [-84.02642099998897, 33.49590900014421], [-84.02637599978311, 33.49599099963209], [-84.02632200025477, 33.49606900020572], [-84.0262619999803, 33.49614299962849], [-84.02619400020824, 33.496213000158015], [-84.02596700042751, 33.49640499997158], [-84.0258050000458, 33.496524999732515], [-84.02572100038022, 33.49658100036304], [-84.02562799959549, 33.49662600010773], [-84.02552800003637, 33.49666099980978], [-84.0254240002793, 33.496683000000516], [-84.02521000001906, 33.49670400010926], [-84.0249949999339, 33.49671300004727], [-84.02488699997886, 33.496711999971005], [-84.02477900002383, 33.496703000032845], [-84.02467400044186, 33.496684000077174], [-84.02457099961138, 33.496657000251204], [-84.02397099956175, 33.496455000204335], [-84.02386699980468, 33.49643099979658], [-84.02376100039778, 33.49641500002044], [-84.02365400026767, 33.49640600005145], [-84.0234380003576, 33.49640399989171], [-84.02317899989151, 33.49641700017993], [-84.02300999983711, 33.496435000114715], [-84.02279800012501, 33.4964679997357], [-84.02121999973399, 33.49679699967346], [-84.02091000011258, 33.49687400019559], [-84.02060600033896, 33.496963000032736], [-84.02030699968992, 33.49706499996923], [-84.01918199993372, 33.49748400000477], [-84.01837099999692, 33.49773400001113], [-84.01749499976276, 33.49792600019705], [-84.01667299995529, 33.498054999895594], [-84.01622400041673, 33.49806100026015], [-84.01590200020145, 33.49807200017834], [-84.01579599989624, 33.498055999956335], [-84.01569600033713, 33.49802400025271], [-84.01560400027562, 33.49797700036214], [-84.01551800006189, 33.49792300001014], [-84.01543699987103, 33.49786400005875], [-84.01536300025118, 33.497798000370125], [-84.01529600030403, 33.49772800037298], [-84.01497300026385, 33.49705900028478], [-84.01483299962347, 33.4966699997523], [-84.01472800004147, 33.49638000021895], [-84.0144900003901, 33.49568400007258], [-84.01444699983408, 33.495558000106655], [-84.01425699986328, 33.495043000355], [-84.01419699958882, 33.494870000126355], [-84.0141239997939, 33.494700999950254], [-84.01403900030338, 33.4945359998502], [-84.0139410003941, 33.4943770000556], [-84.01388699996744, 33.49429900020503], [-84.01351600024667, 33.493828000046655], [-84.01313899977978, 33.49331899968777], [-84.01292500041787, 33.49300400018923], [-84.0125620001947, 33.492470000097995], [-84.0124769998059, 33.492371000371584], [-84.01240099963792, 33.49230699974663], [-84.0123150003225, 33.492253000353095], [-84.01225599987296, 33.492225999894515], [-84.0121739998572, 33.49218200023906], [-84.01212700000153, 33.49216699980654], [-84.01202200041955, 33.492148000353765], [-84.0119429998785, 33.49214499996663], [-84.0119139995662, 33.4921439998376], [-84.0118080001593, 33.492154999758384], [-84.0116039999448, 33.4922110002188], [-84.01150500021059, 33.492247000335134], [-84.01140899995113, 33.49228800032456], [-84.01127699970665, 33.49235700009845], [-84.01122700037625, 33.49238399976703], [-84.01113899961439, 33.49243600032584], [-84.0110759998652, 33.49247700022571], [-84.0106470004181, 33.49276900034016], [-84.01063800019728, 33.49277599969459], [-84.01055000033374, 33.49282800001794], [-84.01045800027222, 33.49287499970707], [-84.01036200001276, 33.4929160001483], [-84.01026400010348, 33.49295199997153], [-84.01016299982113, 33.492981999812805], [-84.00976500033617, 33.49308199970801], [-84.00945200034174, 33.493144999642674], [-84.00923999973132, 33.49317799976851], [-84.00915799971555, 33.49318599995599], [-84.00892000006418, 33.49321099988178], [-84.00864100040492, 33.49322399990022], [-84.0085979998489, 33.49322600013337], [-84.00851800038127, 33.493225000016835], [-84.00838299976374, 33.493225000016835], [-84.00816799967859, 33.4932159997162], [-84.00815099996016, 33.49321400023198], [-84.00802999958633, 33.49320499993019], [-84.00795400031666, 33.49319899997825], [-84.00784399981349, 33.49320000009508], [-84.00780399963051, 33.49320000009508], [-84.00712800031121, 33.49320499993019], [-84.00708499975521, 33.49320600004703], [-84.00690300018033, 33.49320800028059], [-84.00653400010938, 33.49321099988178], [-84.00578799957158, 33.49326799977535], [-84.00521500018445, 33.49331199962813], [-84.00489600034223, 33.49335099963215], [-84.0045790001498, 33.49340300035934], [-84.00426699998029, 33.49346899965264], [-84.00395800018379, 33.49354899972745], [-84.00375599961912, 33.49360899973502], [-84.00347100011207, 33.49374200031531], [-84.00318200040708, 33.49386200002145], [-84.00278599967365, 33.494002000217534], [-84.002558000068, 33.494067999803356], [-84.00248100007512, 33.49409100001045], [-84.0021709995554, 33.49416599973124], [-84.00196200021635, 33.494207000310254], [-84.00164400019902, 33.49425600020937], [-84.00146199972585, 33.49427600005325], [-84.00084400013286, 33.49432100024684], [-84.00061800017706, 33.49432800022491], [-84.00030699983243, 33.49433899986824], [-83.99987699966212, 33.494337999764554], [-83.99944700039012, 33.49432399980947], [-83.99923200030497, 33.494312000060184], [-83.99888800034839, 33.49430000030923], [-83.99856699995803, 33.49427800026209], [-83.99814000016076, 33.49423199994119], [-83.99808599973409, 33.494221999640196], [-83.99771699966315, 33.49416599973124], [-83.99739399962296, 33.49410199968389], [-83.997256000429, 33.494067999803356], [-83.99703499959776, 33.49401400000973], [-83.99637199979895, 33.49385299978702], [-83.99615199969092, 33.4937999999693], [-83.99584899974221, 33.49372499993148], [-83.99506899976754, 33.49351799996941], [-83.99473300020686, 33.49340300035934], [-83.99443000025818, 33.49331199962813], [-83.99412200028658, 33.49323200008351], [-83.99376099971325, 33.49315199971581], [-83.99370600035999, 33.49313999980411], [-83.99328399968729, 33.493068000299004], [-83.99296599966995, 33.49302599981091], [-83.9926450001779, 33.49299499986562], [-83.99243099991766, 33.49298099969339], [-83.99205299962588, 33.49293799979234], [-83.99173600033181, 33.49288899989645], [-83.99142099978921, 33.492829000139125], [-83.9911100003429, 33.49275699962625], [-83.99080300019624, 33.49267399994923], [-83.99060099963155, 33.4926129999192], [-83.9902089999944, 33.49246500022051], [-83.98982599967975, 33.49230199985968], [-83.98945300030918, 33.49212300012111], [-83.98936100024767, 33.4920760000238], [-83.9886880004031, 33.491642999648555], [-83.98836100016496, 33.49141399992774], [-83.98795899958374, 33.491115000250836], [-83.98772400030542, 33.49093000019686], [-83.98765200033539, 33.4908630003228], [-83.98758500038824, 33.49079299996291], [-83.98746499983932, 33.490642999857364], [-83.98726099962482, 33.49032600006317], [-83.98720799992138, 33.4902339996929], [-83.98707499985198, 33.4900010001258], [-83.98698799981335, 33.48983600005965], [-83.98680299986543, 33.48912699987071], [-83.98677399955311, 33.48903999980064], [-83.98669900010835, 33.48887100023276], [-83.98665399990252, 33.48878899999553], [-83.98660299984888, 33.48871000018696], [-83.98654699977239, 33.48863299989636], [-83.98648599967302, 33.48855900004881], [-83.9861600001581, 33.48820000028573], [-83.9860839999901, 33.48813699975021], [-83.9860410003324, 33.48810900008017], [-83.98599899960129, 33.48808199982789], [-83.98590200041524, 33.488034000357516], [-83.98586600043022, 33.48802100030911], [-83.98580799980559, 33.48799900016504], [-83.98576000012501, 33.48798600011139], [-83.98570499987343, 33.487973000055725], [-83.98559899956823, 33.48796200035292], [-83.98549700035927, 33.48796600031313], [-83.98543100023704, 33.4879759998382], [-83.9853860000312, 33.48798300032926], [-83.98532400010693, 33.488003000123534], [-83.98528599957378, 33.48801499999791], [-83.98527200022838, 33.48802100030911], [-83.98519199986245, 33.48805900027231], [-83.98512800028834, 33.48810100017279], [-83.98510900002175, 33.488115999811214], [-83.98508599955723, 33.48813699975021], [-83.98492499989875, 33.48828699970132], [-83.98487800004308, 33.48833400035681], [-83.98472200040747, 33.4884590001746], [-83.9845559998278, 33.48857300018684], [-83.98446899978917, 33.488626000207105], [-83.9843790002758, 33.48867500026769], [-83.98428100036651, 33.48871199977518], [-83.98417800043434, 33.48873899983105], [-83.98407200012913, 33.48875299993999], [-83.98385700004398, 33.48876000036818], [-83.98364199995882, 33.48875500027643], [-83.98353599965361, 33.488741000167856], [-83.98343299972144, 33.488716999869425], [-83.98333300016235, 33.488683000122045], [-83.98323799972779, 33.488640000334264], [-83.98314800021441, 33.4885910002539], [-83.98306399965051, 33.48853599987069], [-83.98298500000779, 33.4884749999225], [-83.98291200021286, 33.488407999647414], [-83.98284699991552, 33.48833700012676], [-83.9827880003643, 33.488260999678474], [-83.98273800013558, 33.48818099996256], [-83.98270999964818, 33.48812600006823], [-83.98266600016558, 33.488038000314404], [-83.98261799958667, 33.48795700021509], [-83.982506000332, 33.48780299972485], [-83.98244400040771, 33.48773000009735], [-83.98230499959223, 33.48759199986365], [-83.98223000014747, 33.48752800020186], [-83.98178999993142, 33.48723199965231], [-83.9816190002272, 33.48712300030873], [-83.98152600034078, 33.48707699993287], [-83.9814290002564, 33.48703999972686], [-83.98132700014915, 33.487010000074626], [-83.98122199966886, 33.48699000005098], [-83.98111600026195, 33.486978000034576], [-83.98079300022175, 33.48697000002271], [-83.98047100000649, 33.48697699984587], [-83.98025699974625, 33.48699299986756], [-83.98004400020922, 33.487019999710135], [-83.97983400014694, 33.48705999973895], [-83.97962800028262, 33.48711199974874], [-83.97942599971795, 33.48717199972132], [-83.97912899961702, 33.487277999945846], [-83.97893699999639, 33.48735899993099], [-83.97865900016205, 33.487496000353204], [-83.97848199971173, 33.48759800020415], [-83.9783110000075, 33.48770799987941], [-83.97822899999173, 33.487765999828994], [-83.97820100040266, 33.48779300017979], [-83.97787099979145, 33.48811400020923], [-83.97748900020002, 33.48855100018298], [-83.97741899987983, 33.488618999768086], [-83.97734100006203, 33.488680999783945], [-83.97725700039645, 33.488737999662675], [-83.97716799980967, 33.48878799982774], [-83.97707400009834, 33.488831000291185], [-83.976972999816, 33.488862999646564], [-83.97691599991458, 33.48887299981726], [-83.976868000234, 33.48888199982011], [-83.97676100010389, 33.488888000071185], [-83.97665399997378, 33.48888000023576], [-83.9765500002167, 33.48885700014295], [-83.97645300013232, 33.48881899978072], [-83.97636400044385, 33.48876800021469], [-83.97559500033984, 33.488153999732766], [-83.97548499983667, 33.488052999963784], [-83.97544999967657, 33.48802100030911], [-83.97531300030752, 33.487882000360855], [-83.97518699991082, 33.48773599967903], [-83.97507099955986, 33.4875839999085], [-83.97496500015298, 33.487426999702826], [-83.97478699987775, 33.4871260001207], [-83.97470099966402, 33.48696099982122], [-83.97462700004418, 33.48679199994237], [-83.97456400029499, 33.48661999990435], [-83.97452099973897, 33.48644300004878], [-83.97450700039357, 33.4863539998874], [-83.97449599962461, 33.48617399964336], [-83.97450700039357, 33.48599399977453], [-83.97463399971687, 33.48519599974627], [-83.97470200038725, 33.484659999775715], [-83.97471400008281, 33.484524999796946], [-83.97471599973264, 33.484434999694216], [-83.97470300021216, 33.48425499995742], [-83.97466999970189, 33.48407700029111], [-83.97464600031076, 33.48398900016938], [-83.97461100015066, 33.48390399988181], [-83.97456900031786, 33.48382099996122], [-83.97451800026424, 33.48374099989031], [-83.97445100031709, 33.48367099976762], [-83.97436900030131, 33.48361300007265], [-83.97427700023981, 33.483568000308416], [-83.97417500013256, 33.48353699997433], [-83.9741149998581, 33.483522999771544], [-83.9740720002004, 33.483512999732284], [-83.97396599989519, 33.48349800004591], [-83.97385899976507, 33.483490999941644], [-83.97375099981004, 33.483492999650366], [-83.97364500040314, 33.48350399992076], [-83.97353999992283, 33.483522999771544], [-83.97343799981559, 33.483551999654004], [-83.9733409997312, 33.483591000307364], [-83.97325000039292, 33.48363899999241], [-83.97316599982902, 33.483696000192566], [-83.97309100038426, 33.483759999689056], [-83.97302500026203, 33.483830999964916], [-83.97273700038194, 33.48426199999995], [-83.97193999979051, 33.48523599986826], [-83.97182099996482, 33.485487999687564], [-83.97168200004765, 33.485732000145916], [-83.9715790001155, 33.485889999879554], [-83.9715170001912, 33.485963000308736], [-83.971446999871, 33.486031999877866], [-83.9713699998781, 33.48609499969703], [-83.97128700003744, 33.48615199977938], [-83.97119900017388, 33.486203000136705], [-83.97075700030801, 33.48641199999453], [-83.97073200019366, 33.48642100025313], [-83.97049199999414, 33.48652800009233], [-83.97029500035065, 33.48660099998376], [-83.97009500033411, 33.48666599977377], [-83.9698900002947, 33.486722000037844], [-83.96968299970715, 33.486769000044205], [-83.96957700030026, 33.48678600029523], [-83.96936300004, 33.48680699980752], [-83.96925599990989, 33.48681099982107], [-83.96914899977976, 33.48680999963038], [-83.96904099982471, 33.486802999793774], [-83.96893500041783, 33.48678900011888], [-83.96882999993753, 33.48677000023532], [-83.96872700000536, 33.48674399975703], [-83.96841099963788, 33.48668999989138], [-83.96830500023098, 33.486676000198166], [-83.96820599959845, 33.4866410002061], [-83.96811799973491, 33.486590000106695], [-83.96804499993999, 33.4865229998717], [-83.96799100041163, 33.4864459998843], [-83.96792500028937, 33.48637500025358], [-83.96784800029648, 33.48631199988886], [-83.96776299990769, 33.486257000306], [-83.96766900019634, 33.48621299986532], [-83.96756899973893, 33.48617899988414], [-83.96746599980676, 33.486155999823175], [-83.96735899967663, 33.48614200004366], [-83.96725200044483, 33.48613900019765], [-83.96714500031472, 33.48614600008791], [-83.9670390000095, 33.48615999986679], [-83.96693400042751, 33.48618100028002], [-83.96683200032025, 33.48620799962657], [-83.96673199986284, 33.4862420003456], [-83.96663599960337, 33.48628300018131], [-83.96654500026509, 33.486329999676684], [-83.96641899986838, 33.486416000026324], [-83.9662420003164, 33.48651899984485], [-83.96605399999541, 33.486606000199885], [-83.96595699991101, 33.4866440000347], [-83.96575600006958, 33.4867080003498], [-83.96565300013741, 33.48673400008966], [-83.9655479996571, 33.486754000172425], [-83.96544200025022, 33.48676799985303], [-83.96533500012009, 33.48677599988355], [-83.96522700016506, 33.48677899970749], [-83.96501200007991, 33.486769000044205], [-83.9648000003678, 33.48674200012332], [-83.9646949998875, 33.486723000229496], [-83.96448800019827, 33.48667200017837], [-83.96428900000663, 33.486606000199885], [-83.96324700009113, 33.486200999741264], [-83.9628639997765, 33.4860380003264], [-83.96248999968269, 33.48585999982898], [-83.96230599955967, 33.48576600030263], [-83.96225500040435, 33.48573699966298], [-83.96188999963306, 33.485526000012975], [-83.96143600007161, 33.48528500034842], [-83.96125000029878, 33.48519500028617], [-83.96105600013001, 33.4851160001961], [-83.96085699993839, 33.48504800010827], [-83.96065299972388, 33.48499200026024], [-83.96044500020975, 33.484946999714005], [-83.96023400032253, 33.48491400019762], [-83.9600200000623, 33.484893000226364], [-83.95980499997715, 33.48488500002192], [-83.95941800036286, 33.484878000029745], [-83.95913100030768, 33.48488099991942], [-83.95905299959155, 33.48488200013238], [-83.95883800040473, 33.4848699998239], [-83.9587320000995, 33.48485700004976], [-83.9586259997943, 33.48483899995583], [-83.95852299986214, 33.484816000288255], [-83.95841999992999, 33.4847880002938], [-83.95828900040871, 33.48474099996165], [-83.95822199956325, 33.48471800026802], [-83.95802699956958, 33.484627000149985], [-83.9580009996303, 33.48461199990724], [-83.95785699969026, 33.484527999698855], [-83.95763099973446, 33.484366000351315], [-83.9572600000137, 33.484151000222084], [-83.95696899976055, 33.48403399971491], [-83.9568800000721, 33.48400399977077], [-83.95676899974401, 33.483966000276105], [-83.95656600025274, 33.483906999805214], [-83.95636000038843, 33.48385600034367], [-83.95604599967075, 33.483796000321604], [-83.95572699982851, 33.48375399983195], [-83.95540600033645, 33.483733000328705], [-83.95519100025132, 33.48373099987622], [-83.95415400035868, 33.484003000296916], [-83.95405300007634, 33.48403399971491], [-83.95395400034214, 33.48407099970667], [-83.9538589999076, 33.48411199982081], [-83.95376699984608, 33.484158999745084], [-83.95367899998251, 33.48421099999819], [-83.95359600014186, 33.48426799982192], [-83.95351900014897, 33.48433100017495], [-83.95343499958507, 33.484386999701094], [-83.95334300042187, 33.484433000007186], [-83.95324700016239, 33.484475000167656], [-83.95314300040532, 33.484511999971026], [-83.95304799997076, 33.484541999739264], [-83.9529450000386, 33.48456800012934], [-83.9528399995583, 33.48458600027961], [-83.9527399999992, 33.48462000013689], [-83.95258400036359, 33.484711999728034], [-83.95198500013888, 33.485020999650885], [-83.95197300044332, 33.485027999631555], [-83.9519530003518, 33.48503899970701], [-83.95168999968777, 33.4851870001096], [-83.95155599979347, 33.48526399971789], [-83.95129499967757, 33.48534999962762], [-83.95121500020994, 33.48541100027842], [-83.95113099964604, 33.48546800006169], [-83.95094499987319, 33.48558600033505], [-83.95089700019261, 33.4856100000027], [-83.95085299981167, 33.48563300020864], [-83.95075599972732, 33.485670000266566], [-83.95065299979515, 33.485697999975905], [-83.95061299961218, 33.485704999901806], [-83.95033599960274, 33.485747999648375], [-83.95012300006572, 33.48577000036426], [-83.94980099985044, 33.485785999859715], [-83.94958599976529, 33.48578499965719], [-83.94947799981027, 33.48578199979882], [-83.94937300022828, 33.48576299969434], [-83.94927199994594, 33.48573300034906], [-83.94917599968646, 33.48569299970736], [-83.949086999998, 33.485641999798965], [-83.94900199960921, 33.485586999790634], [-83.94892299996647, 33.485526000012975], [-83.94885000017155, 33.48545999991035], [-83.94878400004929, 33.48538900022063], [-83.94872499959976, 33.485313999640965], [-83.94867400044444, 33.485234000199725], [-83.94831200004619, 33.484752000073556], [-83.9477620002253, 33.48405600011693], [-83.94719700033576, 33.48362799973911], [-83.94705900024351, 33.48354400007494], [-83.94689600003687, 33.48342700024635], [-83.94674500042414, 33.48329799973344], [-83.94660700033188, 33.48315999993044], [-83.94648400030825, 33.48301300004499], [-83.94642800023173, 33.48293599993411], [-83.94638999969858, 33.48285100011166], [-83.94637700017812, 33.4828010002653], [-83.94636299993441, 33.48272800016809], [-83.94635999956137, 33.4826740000463], [-83.9463539997136, 33.48253499975832], [-83.946342000018, 33.4821769999948], [-83.94634600021598, 33.48212099978918], [-83.94635700008662, 33.48200600002934], [-83.94636799995729, 33.481986999845795], [-83.94639499972146, 33.48193799974767], [-83.9464750000874, 33.48181300025868], [-83.9464890003311, 33.481803000022026], [-83.94652600014103, 33.481761000064466], [-83.94666300040838, 33.48164299982497], [-83.94673200000537, 33.48158200026674], [-83.94688699981606, 33.481400000088996], [-83.94726599993274, 33.480552000048775], [-83.94733500042803, 33.48001400002414], [-83.94743400016223, 33.4794989999916], [-83.94743400016223, 33.479269999629544], [-83.94788400042401, 33.477931000259815], [-83.94789899959432, 33.477588000164864], [-83.94788400042401, 33.477222000025236], [-83.94783699967005, 33.47697399985439], [-83.94775300000445, 33.47673700010336], [-83.94774600033176, 33.476725999722916], [-83.94756999970635, 33.476432000345504], [-83.94730299974266, 33.476153999746394], [-83.9472840003744, 33.47612900014203], [-83.94710500027426, 33.475887000242246], [-83.94689900040993, 33.47569199968876], [-83.94667000008107, 33.475532000194114], [-83.94649400035398, 33.47535799963094], [-83.9456099997239, 33.47448299964974], [-83.94538799996606, 33.47422700019126], [-83.94524599967585, 33.474022000012276], [-83.94520499966795, 33.47396399985173], [-83.94509500006312, 33.4737199999653], [-83.94500499965143, 33.47353100034581], [-83.9448769996049, 33.47313799988845], [-83.9448559996885, 33.47307000013944], [-83.944847000366, 33.47304099974537], [-83.94478600026662, 33.472522000302355], [-83.94480100033523, 33.471915999964395], [-83.9447700003731, 33.471797000189135], [-83.94470900027373, 33.471672000305865], [-83.94455699993776, 33.4715269996459], [-83.94442600041651, 33.47143999988279], [-83.94432299958603, 33.471378000265354], [-83.94406099964522, 33.47128999998277], [-83.9438339998645, 33.471254999768924], [-83.94361799995443, 33.471220999911615], [-83.94348499988504, 33.471171999719125], [-83.94310699959325, 33.471034999706745], [-83.942679999796, 33.47096200018607], [-83.94236699980155, 33.47090899984878], [-83.94185799998854, 33.47075499977361], [-83.94174900020859, 33.470722000096536], [-83.94074199955486, 33.47024499981877], [-83.94001000015908, 33.46982900029555], [-83.93932399989572, 33.46934899992065], [-83.9390410000385, 33.46915000031108], [-83.93892999971042, 33.46905500024217], [-83.93855999981457, 33.46873800012653], [-83.93830100024681, 33.46845200009806], [-83.93782000002287, 33.467829999964096], [-83.93746099999767, 33.467272999965076], [-83.93744599992904, 33.46724399987917], [-83.93726299963095, 33.466883999788266], [-83.93718399998824, 33.46666800006511], [-83.9371100003684, 33.46646399966575], [-83.93703099982736, 33.46618899984793], [-83.93663699964206, 33.46482000008105], [-83.93657600044101, 33.464500000367416], [-83.93648500020443, 33.46421000028565], [-83.93634000043946, 33.46390499990224], [-83.93610299971468, 33.46366799962997], [-83.93591299974388, 33.46339700027955], [-83.93582499988034, 33.46322099990469], [-83.93579800011615, 33.46316899979369], [-83.93574799988744, 33.463031999870736], [-83.93570699987954, 33.46292099987283], [-83.93561499981804, 33.46254300033285], [-83.9355689997873, 33.46217299994813], [-83.9355689997873, 33.46185600014282], [-83.9355689997873, 33.46182200034547], [-83.93560700032043, 33.46135099970889], [-83.93544699958855, 33.46073699976564], [-83.93531699989222, 33.46043499988979], [-83.93516499955626, 33.46014900019388], [-83.93477600029213, 33.459638000280336], [-83.93465400009339, 33.4595120003418], [-83.93443999983316, 33.45935500022754], [-83.93335699990978, 33.45866399969179], [-83.93208300019069, 33.458025999647774], [-83.93170800027195, 33.4577359996428], [-83.93153199964655, 33.457556999680214], [-83.93144100030828, 33.45740800026696], [-83.93138900042972, 33.45723700013686], [-83.93136699979011, 33.45672300018289], [-83.93141299982086, 33.45658999972624], [-83.93166499971593, 33.45615899994977], [-83.9318019999833, 33.45583499979921], [-83.93192400018202, 33.45541900007004], [-83.93205499970328, 33.45507900023608], [-83.9320699997719, 33.45493000031194], [-83.93203999963467, 33.45479300011046], [-83.9319790004336, 33.45466699987635], [-83.93193400022777, 33.45461700025616], [-83.93187999980108, 33.45455700022421], [-83.93180500035633, 33.45452299981292], [-83.93154099986738, 33.45416600031062], [-83.93122100020024, 33.45395299983824], [-83.93084700010643, 33.4537280002172], [-83.93068899992268, 33.453632999735554], [-83.93050399997475, 33.453640000003396], [-83.93014499994955, 33.453640000003396], [-83.92998500011599, 33.45362899968934], [-83.92943600011999, 33.45380800026593], [-83.92933700038577, 33.45383499995654], [-83.92926799989048, 33.45384600024445], [-83.92916900015628, 33.453812000303884], [-83.92901500017051, 33.45372000013331], [-83.92877199959796, 33.45357100012252], [-83.92841400029596, 33.45333300025322], [-83.92784100001052, 33.45315199978625], [-83.92749000038125, 33.45300599979271], [-83.92705500018806, 33.45282400030871], [-83.9269389998371, 33.45272699991709], [-83.92700800033239, 33.452539000077614], [-83.92699800028664, 33.45252800037337], [-83.92659599970544, 33.45246100003254], [-83.92621800031198, 33.452336999835744], [-83.92609500028833, 33.452269000257], [-83.92582999997445, 33.452118000318336], [-83.92517100037361, 33.45188100005326], [-83.92483699956445, 33.45171199995879], [-83.92451900044546, 33.451515999880286], [-83.92437499960708, 33.451493000362056], [-83.92407000000857, 33.451339000270046], [-83.9233960003391, 33.4511849999045], [-83.92307800032178, 33.45108100020378], [-83.92300899982648, 33.45104199990909], [-83.9229030004196, 33.45098199965213], [-83.92275899958123, 33.450865000080974], [-83.92273600001502, 33.450839000071525], [-83.92264499977843, 33.45073599981345], [-83.92256199993774, 33.450604999636006], [-83.92254600004422, 33.45058000015752], [-83.92253400034865, 33.450539999777774], [-83.92250000001347, 33.450430999998304], [-83.92252299957968, 33.45036299967459], [-83.9226220002122, 33.450251999946445], [-83.92267599974056, 33.4502139998921], [-83.92299299993296, 33.449967000257196], [-83.92301100037463, 33.4499539997441], [-83.92319399977441, 33.44975599970239], [-83.92329400023185, 33.44964900017689], [-83.92348400020265, 33.44936300013182], [-83.92355500034776, 33.44922399963041], [-83.92374500031856, 33.448857999638875], [-83.92378899980118, 33.44877200024001], [-83.92385099972545, 33.44865699969917], [-83.92400300006142, 33.44830999963935], [-83.92431600005587, 33.447448000336834], [-83.92432100007873, 33.447435000195725], [-83.92453000031611, 33.44686099974773], [-83.92454000036186, 33.44684300000655], [-83.92455399970723, 33.44681700029054], [-83.92462900005029, 33.44668099991924], [-83.92464300029401, 33.44663700037072], [-83.92482900006685, 33.446063999800245], [-83.92488000012047, 33.4459109997258], [-83.92488000012047, 33.44587300001821], [-83.92488000012047, 33.44584999975316], [-83.92488799961808, 33.44570500012524], [-83.92484400013547, 33.44545200013199], [-83.92481900002112, 33.44530799975891], [-83.92475399972378, 33.4451539999282], [-83.92465900018753, 33.44492700011738], [-83.92422499981926, 33.44450099974068], [-83.92419899987999, 33.44447400014246], [-83.9240790002294, 33.4443579999687], [-83.92391299964974, 33.444193999871864], [-83.92389400028148, 33.444172999777635], [-83.92373899957246, 33.44401700031071], [-83.92371600000624, 33.44399099974763], [-83.92364800023417, 33.44390699989332], [-83.92325599969871, 33.44344399967377], [-83.92295299974998, 33.44297900008749], [-83.92288199960488, 33.44287099974952], [-83.9226709997177, 33.44248600008824], [-83.92219600023985, 33.44162499984171], [-83.92192900027615, 33.44127200033628], [-83.92173000008452, 33.44105599977345], [-83.92162100030458, 33.44094300018783], [-83.9210959996997, 33.44060499977275], [-83.92040000028895, 33.44013300010351], [-83.91999100003503, 33.439900000003036], [-83.91983299985127, 33.439794000297155], [-83.9197009996068, 33.43970500020366], [-83.91955800038998, 33.43961200007585], [-83.91926899978667, 33.4393730001444], [-83.91893200040109, 33.439062000151175], [-83.91888800002016, 33.4389790000152], [-83.91885899970784, 33.4389169996721], [-83.91883199994366, 33.43886399998454], [-83.91880299963134, 33.43872999988034], [-83.91879400030882, 33.43866300012548], [-83.91879599995865, 33.4384939997643], [-83.91893300022599, 33.43800999980519], [-83.91895800034035, 33.437963000342194], [-83.91904799985372, 33.43779500012361], [-83.91978699982052, 33.43671400035644], [-83.91980000023932, 33.43667500034891], [-83.91986499963832, 33.4364560002695], [-83.91998699983708, 33.436061000361455], [-83.92004000043885, 33.43563199983459], [-83.92002299982208, 33.4352349998515], [-83.9200169999743, 33.43520899965517], [-83.91991800024009, 33.434737999910936], [-83.91986899983628, 33.43460300013833], [-83.91980799973692, 33.434468000155775], [-83.9196860004365, 33.4343329999632], [-83.91953999994831, 33.43426399971703], [-83.91936900024407, 33.43420900008989], [-83.91919000014396, 33.43418999992441], [-83.91903000031039, 33.43418999992441], [-83.91883100011876, 33.434215999676375], [-83.91864399962269, 33.43429100024356], [-83.91846399969764, 33.434369000135035], [-83.9184119998191, 33.43438800026137], [-83.91823600009198, 33.43449699995873], [-83.91810999969529, 33.43457599970882], [-83.91774499982232, 33.434879999756006], [-83.91750700017094, 33.43516500028549], [-83.91719599982632, 33.435634999929526], [-83.91681500005981, 33.436021000033264], [-83.91659300030197, 33.43618899993834], [-83.91630500042189, 33.43635700026779], [-83.91605199980356, 33.43643899989105], [-83.91588000027443, 33.436459000335894], [-83.91584199974129, 33.43645800031376], [-83.91560099971686, 33.436433999779084], [-83.9153839999819, 33.43635900031438], [-83.91515800002607, 33.43622400006507], [-83.91500400004028, 33.43606299966521], [-83.91502699960651, 33.43565199971579], [-83.91514999963016, 33.435242000104886], [-83.9152500000876, 33.435068999675124], [-83.91542800036282, 33.434873000223135], [-83.91563400022716, 33.434571000239245], [-83.91567100003707, 33.43451399996798], [-83.91594399984854, 33.43405600009881], [-83.91597399998578, 33.43398999978421], [-83.91610600023026, 33.43363900006187], [-83.91614800006305, 33.43344899997023], [-83.91616800015451, 33.43335499982629], [-83.91609000033671, 33.43297300010787], [-83.91601599981854, 33.43281900012263], [-83.91589600016798, 33.43268200023222], [-83.91510100012468, 33.43192699985647], [-83.91502400013177, 33.43185399964564], [-83.91485400025246, 33.43168899982612], [-83.91448000015866, 33.43121999988469], [-83.91430699990629, 33.430829999819245], [-83.91421700039291, 33.43043699997586], [-83.91421200037003, 33.4303740001846], [-83.91428199979194, 33.42997700013834], [-83.91429000018785, 33.429888999819894], [-83.9143849997241, 33.429448999888216], [-83.91441300021151, 33.42934900003565], [-83.91454899975562, 33.42901499987307], [-83.91476999968854, 33.42874599966741], [-83.91482199956711, 33.42867299977995], [-83.91489000023746, 33.4285380003192], [-83.91497800010103, 33.42837599978959], [-83.91511100017041, 33.42809100020647], [-83.91522400014831, 33.42776399980818], [-83.91526799963094, 33.42753999985846], [-83.91526699980602, 33.42742599978924], [-83.91520800025481, 33.42728599999929], [-83.91520400005685, 33.42727600021984], [-83.9150960001018, 33.42717299972565], [-83.9149479999638, 33.42708900008377], [-83.91454899975562, 33.42692400020243], [-83.91433200002065, 33.42686999980515], [-83.91402300022415, 33.42679400018865], [-83.91353600015245, 33.42676999998027], [-83.91345300031176, 33.426784000352534], [-83.91336899974786, 33.42679699983938], [-83.91318600034806, 33.426825999956385], [-83.91300700024793, 33.426834999654595], [-83.91286999998059, 33.426840000319615], [-83.91261899991042, 33.42682499982324], [-83.91252799967381, 33.4268189997739], [-83.91224800018963, 33.42676799971269], [-83.91220700018177, 33.42675500022155], [-83.91128400009195, 33.42648699989663], [-83.91090999999814, 33.42631100034093], [-83.91074400031678, 33.42620200010919], [-83.91060700004944, 33.42610899975509], [-83.91049099969848, 33.42594499965376], [-83.91045399988855, 33.42589700026031], [-83.91037100004789, 33.42567699982699], [-83.91037000022298, 33.425477999711376], [-83.91037000022298, 33.42543500005592], [-83.91039199996428, 33.425159999837945], [-83.91045100041383, 33.424887999964966], [-83.91067999984436, 33.424158000370994], [-83.91084200022608, 33.42376900023297], [-83.91104200024262, 33.423409000360195], [-83.91108200042558, 33.423348000313], [-83.91125899997759, 33.42310399969556], [-83.91164700031511, 33.42269400003911], [-83.91170400021652, 33.42263099987634], [-83.91189199963918, 33.42240099982246], [-83.9121030004247, 33.422061000289226], [-83.91226900010604, 33.42172699982618], [-83.91229099984736, 33.42143999976677], [-83.9124060003734, 33.421202000223104], [-83.91247300032055, 33.420955999920956], [-83.91248800038916, 33.42076500035478], [-83.91250400028267, 33.42056900009222], [-83.91270199975108, 33.41947700006306], [-83.91273299971323, 33.41932400034631], [-83.91272400039071, 33.418361000262806], [-83.91265099969746, 33.4180079998541], [-83.91253600006972, 33.41778899991154], [-83.91251599997825, 33.41775200012347], [-83.91241899989387, 33.41769900025776], [-83.91229900024327, 33.41768000022728], [-83.91215899960287, 33.417730000140736], [-83.91097199992242, 33.41809099980099], [-83.91078399960145, 33.41814499966057], [-83.91044399984281, 33.41824199972674], [-83.91008700036575, 33.41828300023227], [-83.91000399962677, 33.418280999769145], [-83.90971900011974, 33.418280000287375], [-83.90941799982085, 33.41825400026072], [-83.90912800029093, 33.4181999997191], [-83.9087600000449, 33.41806199976531], [-83.90850599960169, 33.41793900012695], [-83.90828600039197, 33.4178329998416], [-83.90791399994798, 33.41746299993952], [-83.90759699975558, 33.41714699969093], [-83.90691800006324, 33.41642699977445], [-83.90683299967442, 33.41634900025618], [-83.90658099977934, 33.416070000223336], [-83.90656499988582, 33.41605300035093], [-83.90650200013663, 33.41593399965123], [-83.90648899971784, 33.41587899965708], [-83.90646399960349, 33.41580199990674], [-83.90647399964922, 33.41528200030177], [-83.9064850004182, 33.41486300026263], [-83.90647399964922, 33.41479799987317], [-83.90643400036457, 33.41456900033996], [-83.90634899997575, 33.414302999695195], [-83.90622099992923, 33.41404799982031], [-83.9060569998977, 33.41379700032968], [-83.90544799962724, 33.413108999957274], [-83.90540099977159, 33.413056000257264], [-83.90518800023456, 33.41288200030726], [-83.90500900013443, 33.41276500035177], [-83.9049659995784, 33.412737000332584], [-83.90472200007925, 33.41262899985288], [-83.90446000013841, 33.412512000306364], [-83.90392299983799, 33.41237499986161], [-83.90372899966924, 33.4123499998666], [-83.90317899984832, 33.41230199970599], [-83.90300399994614, 33.41225799997293], [-83.90242800018596, 33.41195900020795], [-83.90227599984999, 33.41185199981623], [-83.90194199993917, 33.411612000371434], [-83.90185499990052, 33.41153699970596], [-83.90109099981937, 33.41110199981792], [-83.90083999974921, 33.410958999753035], [-83.90046599965538, 33.41073899971255], [-83.9004170001499, 33.410715999884076], [-83.90037799979184, 33.410705999695935], [-83.9000859997138, 33.410647000362076], [-83.89979299981084, 33.41058800023826], [-83.89974500013025, 33.41057800003538], [-83.89913300038505, 33.41051399975949], [-83.89845200014459, 33.410408000159485], [-83.89839299969503, 33.41039600004099], [-83.89822700001369, 33.41036400021683], [-83.89805299993641, 33.41029299976807], [-83.89802199997428, 33.41026600002574], [-83.89766499959889, 33.409979000329926], [-83.89697000001303, 33.409402000091454], [-83.89614200035778, 33.408626000025116], [-83.89546000029239, 33.40798899980888], [-83.89540599986572, 33.407939000286405], [-83.89516300019147, 33.40753399979409], [-83.8951079999399, 33.407304999855825], [-83.89512999968119, 33.40721800016307], [-83.8952490004052, 33.406665999720595], [-83.89550600032314, 33.40581500035286], [-83.8956080004304, 33.40540900007711], [-83.89570499961646, 33.404731000133744], [-83.8957210004083, 33.404617999753725], [-83.89572399988303, 33.40455900003447], [-83.89572600043117, 33.40450000027515], [-83.89572700025609, 33.40446700013808], [-83.89574099960147, 33.40407400020104], [-83.89573899995165, 33.40402399992508], [-83.89571999968507, 33.40320800011404], [-83.89573499975369, 33.402836000083134], [-83.89575599967009, 33.402701000198164], [-83.89578900018036, 33.402497000107246], [-83.8958059998988, 33.4023909997239], [-83.89583900040908, 33.402269000056485], [-83.8958550003026, 33.40220600007513], [-83.89586500034834, 33.40217299981664], [-83.89589100028762, 33.40207700022067], [-83.89590399980808, 33.4020230001201], [-83.89583600003604, 33.40164599964946], [-83.89569000044615, 33.400554000175035], [-83.89566299978367, 33.40049200013655], [-83.89551499964567, 33.39995399990467], [-83.89547700001083, 33.399693000230116], [-83.8954460000487, 33.399485999982545], [-83.89541300043672, 33.399389999667726], [-83.89540099984285, 33.39935600014014], [-83.89531600035235, 33.399107000348984], [-83.89534700031449, 33.39897400007783], [-83.89535200033737, 33.39893699977448], [-83.89533300007079, 33.39888299997243], [-83.89524600003215, 33.39863400032581], [-83.89518099973482, 33.39827800010387], [-83.89518499993278, 33.39793400026507], [-83.8951859997577, 33.39782800031497], [-83.89508100017572, 33.39672500008135], [-83.89500900020569, 33.39653500020918], [-83.89497800024355, 33.39647300030315], [-83.89494100043362, 33.396395000116556], [-83.89475899996043, 33.39608699986883], [-83.8946939996631, 33.396003999895356], [-83.89454399987528, 33.39581199971627], [-83.89427600008666, 33.3955299997389], [-83.89390799984065, 33.395184000027236], [-83.89388799974914, 33.395163999824], [-83.8937649997255, 33.39504400000818], [-83.89374100033437, 33.39501900027573], [-83.8935949998462, 33.39487399973548], [-83.89339200035492, 33.394710999651444], [-83.89338099958594, 33.39470300012716], [-83.89324500004183, 33.39460099975328], [-83.89286699975005, 33.39433399970764], [-83.89278200025954, 33.39428000004538], [-83.89236299995989, 33.39401800006856], [-83.8920049997596, 33.39385000031481], [-83.89180499974307, 33.39378400018882], [-83.89161700032041, 33.393721999820244], [-83.89123499983067, 33.39363700030752], [-83.89068599983466, 33.39351600011668], [-83.89059899979604, 33.393499000330465], [-83.89028999999955, 33.39343900004385], [-83.8902230000524, 33.39342699983154], [-83.88970800039161, 33.39328099986596], [-83.88940200006984, 33.393169999887235], [-83.88915400037273, 33.39304800002414], [-83.88908400005252, 33.39301299974282], [-83.88907300018185, 33.39300700035753], [-83.88892599986877, 33.39293299990414], [-83.8888020000202, 33.39285299999182], [-83.8877600001047, 33.39217999998933], [-83.88764799995171, 33.392107000114855], [-83.8875469996694, 33.39203899984788], [-83.8873650000945, 33.39194000020233], [-83.88676500004487, 33.39163199991731], [-83.88672700041005, 33.391614999762666], [-83.88663899964818, 33.39158299977139], [-83.88644799985246, 33.39151400005471], [-83.88617900023898, 33.39141199968844], [-83.88601600003234, 33.391378000039744], [-83.88554700040228, 33.39127799984894], [-83.88525899962389, 33.391258000246964], [-83.88505000028483, 33.39124400014785], [-83.88471800002381, 33.39121800027922], [-83.88397300020922, 33.39117599995571], [-83.88327900044828, 33.39115399999252], [-83.88181800023312, 33.3911320000237], [-83.88174100024023, 33.3911210000372], [-83.88136100029863, 33.39108199980114], [-83.88092000025766, 33.39097499994825], [-83.88053699994303, 33.390841999982555], [-83.88041800011732, 33.39076799993611], [-83.88004400002353, 33.39057600019078], [-83.87981600041788, 33.39046200035224], [-83.87967499995258, 33.39039100014045], [-83.87950199970021, 33.39030499981676], [-83.87931000007958, 33.39017600029675], [-83.87901600035173, 33.38998300018646], [-83.87877500032731, 33.389788999838025], [-83.87854400034861, 33.38954299982526], [-83.8783800003171, 33.38929399967052], [-83.8782199995852, 33.38901200029672], [-83.87805899992672, 33.38867900008167], [-83.87806499977451, 33.388667999784765], [-83.87800000037548, 33.38854700017719], [-83.8779230003826, 33.38830799993679], [-83.8777269996657, 33.38770100029241], [-83.87759799979426, 33.387190999645185], [-83.87754799956556, 33.38698799974055], [-83.87752599982426, 33.38690199980058], [-83.87750499990786, 33.38681700036941], [-83.87737100001355, 33.38633000007608], [-83.87734500007429, 33.38623900023319], [-83.87733099983058, 33.38618500004237], [-83.8772630000585, 33.38593799972811], [-83.87723899976908, 33.38538800033974], [-83.87723000044656, 33.38517999991257], [-83.87722299987554, 33.385019999995436], [-83.87723600029433, 33.38488400032191], [-83.87736699981559, 33.38441700013237], [-83.8775509999386, 33.384054000306705], [-83.87763399977928, 33.38389100018537], [-83.87764499964993, 33.383830000139575], [-83.87764700019807, 33.38377400019515], [-83.87763700015233, 33.38366999998842], [-83.87762100025881, 33.383642000344196], [-83.87756699983213, 33.38354599978119], [-83.87745300002933, 33.38337100010742], [-83.87739199992996, 33.38317899977716], [-83.87575300033788, 33.380910000168335], [-83.87572400002556, 33.380852000018784], [-83.87558500010839, 33.380561000275414], [-83.8753540001297, 33.380143999912214], [-83.87489800002011, 33.37949999995392], [-83.87484899961632, 33.379436000042304], [-83.87474999988211, 33.379336000367445], [-83.87445600015425, 33.37903599990273], [-83.87435900006986, 33.378935999767904], [-83.87425899961244, 33.37879200009182], [-83.8742129995817, 33.37872499984872], [-83.87391499965585, 33.37850100020618], [-83.87328899966695, 33.37803500018623], [-83.87272499960235, 33.37789500030414], [-83.8722199999873, 33.37777000016539], [-83.87193799995498, 33.37770000003922], [-83.87171100017424, 33.377651000292474], [-83.87160900006701, 33.37762899990727], [-83.87058999971774, 33.37741100015428], [-83.86921200024156, 33.377319999978695], [-83.8689050000949, 33.37730000016638], [-83.86823200025036, 33.37736700000707], [-83.86731599983322, 33.377460999987626], [-83.86709300025045, 33.377500000332795], [-83.8669760000746, 33.37752399990177], [-83.86678100008093, 33.377598999918675], [-83.86657799969133, 33.377656999987394], [-83.86647399993426, 33.37768100026319], [-83.866447999995, 33.37768500005843], [-83.86626300004708, 33.377715000017425], [-83.86604999961173, 33.37773299983784], [-83.8658350004249, 33.37773399978607], [-83.86562100016465, 33.37771799986275], [-83.86541000027746, 33.37768500005843], [-83.86532599971356, 33.37766500033012], [-83.86520299968991, 33.37763600030323], [-83.86500299967338, 33.37757099981989], [-83.86490599958898, 33.377533000207265], [-83.86481199987767, 33.37748900012177], [-83.8647220003643, 33.37743900030453], [-83.86463699997547, 33.37738499989946], [-83.86455599978463, 33.37732499974352], [-83.86448100033985, 33.377260999731526], [-83.8644560002255, 33.37723600013603], [-83.86441199984458, 33.37719199990033], [-83.86434900009539, 33.37711900019321], [-83.86432399998102, 33.37708500020597], [-83.8642999996916, 33.37705400007362], [-83.86429200019397, 33.37704199985001], [-83.86426799990454, 33.377004000006245], [-83.86424299979018, 33.3769650001888], [-83.86419699975943, 33.376881000003266], [-83.86416599979728, 33.3767969997366], [-83.86413599966005, 33.37670900029902], [-83.86411300009384, 33.376621000022176], [-83.86409800002522, 33.37652999977019], [-83.86409800002522, 33.37643800020993], [-83.86409800002522, 33.37634999965894], [-83.86410499969791, 33.376262999734216], [-83.86412800016247, 33.37617099989153], [-83.86415099972868, 33.37609100030805], [-83.86418199969081, 33.37599900028343], [-83.86422699989664, 33.375915999884256], [-83.86425000036118, 33.375865999912804], [-83.86431899995817, 33.375667999683635], [-83.86460900038638, 33.37510700008721], [-83.86468499965605, 33.374962000092424], [-83.86502799978774, 33.374541999933314], [-83.86622600023715, 33.37337499993676], [-83.86628700033653, 33.37330200002669], [-83.8663480004359, 33.373220000054616], [-83.86637100000212, 33.37318800004458], [-83.86645499966768, 33.37303899984263], [-83.86659199993504, 33.37279099969085], [-83.86660000033096, 33.37260100002178], [-83.86650800026945, 33.3723949997854], [-83.8664699997363, 33.37236400023197], [-83.86637600002499, 33.37227900009307], [-83.86517500010082, 33.371389000049305], [-83.86497300043446, 33.37130000036928], [-83.86492200038082, 33.3712759998331], [-83.86469600042503, 33.37113700034841], [-83.86438300043058, 33.37084799966183], [-83.864103999873, 33.370442000343594], [-83.8636820000986, 33.36947600001346], [-83.8633640000813, 33.36885799964653], [-83.86305799975955, 33.368278000062496], [-83.8629549998274, 33.36832599978157], [-83.86262000009162, 33.368488999817934], [-83.86212200014926, 33.36862400032107], [-83.86196599961534, 33.36864299982489], [-83.86139800025107, 33.368714999841764], [-83.86069000024641, 33.36880499996662], [-83.86043599980319, 33.36881599977545], [-83.86026799957371, 33.3688260002825], [-83.86018200025829, 33.3688260002825], [-83.85985400019524, 33.368816999826194], [-83.85911799970317, 33.368735000127636], [-83.85833600007867, 33.3685869998539], [-83.85697799979567, 33.36824100019842], [-83.85572900019095, 33.367865999633686], [-83.85566600044176, 33.367844999836315], [-83.85399699981414, 33.36725799977059], [-83.85394199956255, 33.36723899996431], [-83.85388800003419, 33.36741399983964], [-83.85391099960042, 33.36759000017802], [-83.85422399959485, 33.368109000027935], [-83.85426200012802, 33.36821500020342], [-83.85428600041746, 33.36827399983461], [-83.85429100044033, 33.36851000021009], [-83.85430099958775, 33.368906999845606], [-83.85431599965636, 33.368973000100695], [-83.85437000008305, 33.36922099988423], [-83.8544370000302, 33.36939000000929], [-83.85444600025102, 33.36941300027174], [-83.85446200014457, 33.36945299976772], [-83.85446999964216, 33.36946799966773], [-83.85457500012247, 33.36965600009599], [-83.8548889999418, 33.37001599989396], [-83.85517900037004, 33.370240999667594], [-83.85562100023591, 33.370496999839226], [-83.85637699992115, 33.37104999971058], [-83.85694900038168, 33.371678999706596], [-83.8569719999479, 33.37178099996675], [-83.85691800041954, 33.37188000006071], [-83.85682700018295, 33.3719350001476], [-83.85600299982733, 33.37212599978368], [-83.85555299956555, 33.372207000025114], [-83.8552399995711, 33.37223700037322], [-83.85485799997969, 33.37227100000506], [-83.85446899981724, 33.37226699996084], [-83.85426299995291, 33.3722679999719], [-83.8541340000815, 33.37229600027751], [-83.85408800005074, 33.37230599963429], [-83.85358599991041, 33.37235800017193], [-83.8530589996557, 33.37241800000349], [-83.85214999980961, 33.372583999896946], [-83.85143099993428, 33.372778999629254], [-83.85081599981605, 33.37297899968927], [-83.850487999753, 33.37309399994689], [-83.850235000033, 33.37318300004193], [-83.85003800038952, 33.373273000045415], [-83.84988400040373, 33.37334299998375], [-83.84937999971527, 33.3735350002756], [-83.84927500013328, 33.37357800011486], [-83.84896600033679, 33.37370800024981], [-83.8484240000135, 33.37393400021816], [-83.84833100012708, 33.37397399988586], [-83.847742999773, 33.37425700000996], [-83.84740100036456, 33.374496999849576], [-83.84737700007513, 33.37452100024721], [-83.84726200044737, 33.37463599996647], [-83.84718899975414, 33.37471000024033], [-83.8471369998756, 33.37491900018719], [-83.84715600014218, 33.37505299973457], [-83.84717700005858, 33.37507899993631], [-83.84727800034092, 33.37520900007839], [-83.84751599999228, 33.3754760003494], [-83.847566000221, 33.37553300036005], [-83.84783900003247, 33.37588100020732], [-83.84793399956871, 33.37611099964822], [-83.84792699989602, 33.37642100008486], [-83.8478890002612, 33.376516000300015], [-83.84782200031404, 33.376687999635784], [-83.84778999962867, 33.376753999988466], [-83.84765800028252, 33.37702199997383], [-83.8474599999158, 33.37722200002933], [-83.8471920001272, 33.37747300015337], [-83.84703899996632, 33.37766800017711], [-83.8469679998212, 33.3777599999365], [-83.84685999986617, 33.37803099965687], [-83.84679799994188, 33.378363000206186], [-83.84667999994112, 33.378769000058966], [-83.84652199975736, 33.379286000111804], [-83.84635900044906, 33.37963100016529], [-83.84628999995378, 33.37978000032615], [-83.84577699994279, 33.38058700033077], [-83.84555900038289, 33.38089499999108], [-83.84548700041286, 33.38099899976639], [-83.8453479995974, 33.381164999784765], [-83.84514799958086, 33.381378000347304], [-83.84493400021891, 33.38157900004047], [-83.8447500000959, 33.38173300012548], [-83.84472300033173, 33.38173400002771], [-83.84450999989639, 33.38194899974612], [-83.84401100012911, 33.382290000152636], [-83.84364500043121, 33.382574000112804], [-83.84342799979792, 33.38274399968745], [-83.84333999993437, 33.38281500014387], [-83.84291700033506, 33.38315899981215], [-83.84223699991949, 33.38376200014881], [-83.84153599958753, 33.384608999979086], [-83.84114399995038, 33.38510700016033], [-83.84080900021463, 33.385555000088196], [-83.8405310003803, 33.38597700002178], [-83.84019999994416, 33.38654700012481], [-83.8400469997833, 33.3868779998196], [-83.83986000018554, 33.387289000360624], [-83.8395110002061, 33.38778600035936], [-83.83910000030237, 33.38835300037435], [-83.83891600017934, 33.38859700035782], [-83.83876700021642, 33.388900000296914], [-83.83836999965807, 33.38944100014631], [-83.83825000000748, 33.389589999997355], [-83.83821400002246, 33.38962800034133], [-83.83812000031115, 33.38973399979197], [-83.83798100039397, 33.3898709999376], [-83.83783300025596, 33.39000200027459], [-83.83772500030092, 33.39008700034185], [-83.83767699972204, 33.39012600027427], [-83.83743200039797, 33.39030099985193], [-83.8371739997568, 33.39046399995598], [-83.83681499973159, 33.39066099969675], [-83.83644499983573, 33.39084500012506], [-83.8361610001536, 33.390973000356325], [-83.83577500036422, 33.3911320000237], [-83.83538100017891, 33.39127600026393], [-83.83498000032093, 33.39140399986057], [-83.83409700041409, 33.3917330002382], [-83.83384899981864, 33.39182699968882], [-83.83330800021858, 33.39203899984788], [-83.83271900003962, 33.392334999827696], [-83.83267300000887, 33.392358999802106], [-83.83244899970288, 33.39247600023895], [-83.83199000011855, 33.392718000347834], [-83.83177300038359, 33.39281900015683], [-83.83154499987963, 33.39292599998978], [-83.83128600031186, 33.39319100031974], [-83.83102400037104, 33.39346199994613], [-83.83140500013755, 33.3940900000779], [-83.83159799958308, 33.394407999718176], [-83.83173999987329, 33.39464500017922], [-83.83183399958465, 33.394745000246346], [-83.83186299989696, 33.39477500031904], [-83.83277699976593, 33.39555299983785], [-83.83309300013343, 33.3958229998591], [-83.83309399995834, 33.395836999970676], [-83.83312900011842, 33.39585100007997], [-83.83313800033926, 33.39585999998831], [-83.83332800031008, 33.39598000017744], [-83.83381200000873, 33.396285000099816], [-83.83390599972006, 33.396324999985666], [-83.83411400013252, 33.39641500003644], [-83.8341540003155, 33.39643299973542], [-83.8342739999661, 33.39648899977508], [-83.83431499997397, 33.39650799994105], [-83.83436199982964, 33.396533999727176], [-83.83450300029496, 33.396614000001215], [-83.83455000015061, 33.39664299969801], [-83.83455900037146, 33.39666100009975], [-83.83462100029573, 33.39668999978086], [-83.83463899983909, 33.39670399975275], [-83.83469300026574, 33.396727000290944], [-83.83485300009933, 33.39680299997176], [-83.83491199965057, 33.39682100034037], [-83.83494900035879, 33.39683899995524], [-83.83505999978856, 33.396897999666805], [-83.83509800032171, 33.396918000220936], [-83.83531300040687, 33.39702899991272], [-83.835957999764, 33.39736500030489], [-83.83617299984917, 33.39747699989694], [-83.83660700021744, 33.39770300033501], [-83.83693799975522, 33.397874000040304], [-83.83724999992477, 33.398037000191714], [-83.83791799974645, 33.398369000092906], [-83.8383570001376, 33.3985880002528], [-83.83898899997426, 33.39889899975058], [-83.83995100042215, 33.39953200033015], [-83.8401809996776, 33.39973899971824], [-83.84019099972335, 33.39974799997388], [-83.84047899960342, 33.40000799979119], [-83.84111800001111, 33.40058500017773], [-83.84234599969943, 33.402374000173914], [-83.84253700039346, 33.40257999987854], [-83.84347499965358, 33.4041619996869], [-83.8437500000132, 33.404921999718496], [-83.84200699976573, 33.404952999662534], [-83.83944099988588, 33.404999999750146], [-83.83940300025105, 33.40500100013467], [-83.83797100034822, 33.40502599999512], [-83.83697499956516, 33.4050440001601], [-83.83688400022689, 33.40788300012716], [-83.83725300029782, 33.40787599991719], [-83.83796100030246, 33.40786499980044], [-83.8387229998355, 33.407853000080536], [-83.83890799978342, 33.407849000173535], [-83.83946500017535, 33.40784000000715], [-83.83961499996316, 33.40783899965531], [-83.83965099994818, 33.40783800005337], [-83.84051100028879, 33.40782499997768], [-83.8421230001167, 33.407798000218165], [-83.84502399973229, 33.40775300010035], [-83.84509999990027, 33.40787099965977], [-83.84516799967233, 33.41224799996232], [-83.8452070000304, 33.41472099991414], [-83.84480399962426, 33.41472700004974], [-83.84359500020248, 33.41474900004348], [-83.8431929996213, 33.414758000243815], [-83.84297300041158, 33.41476199983266], [-83.84231300008749, 33.41477400009777], [-83.84209399980438, 33.4147789999578], [-83.84207500043611, 33.4147789999578], [-83.84062500009162, 33.41480500027507], [-83.83895700018724, 33.414835999691455], [-83.83622100042807, 33.41488500022191], [-83.83478600015218, 33.41491200002799], [-83.83475400036512, 33.41491300029831], [-83.83465599955753, 33.414915000089245], [-83.8345760000899, 33.41491699988007], [-83.83436500020268, 33.414919999941155], [-83.83426800011833, 33.414921999731874], [-83.83406599955364, 33.41492400027232], [-83.83346100037944, 33.41493500024493], [-83.83325999963968, 33.4149400000957], [-83.83290499981244, 33.41494600021616], [-83.83287899987319, 33.41494600021616], [-83.83173599967533, 33.41496600036476], [-83.83135599973376, 33.41497499979277], [-83.83101099995226, 33.414979999641226], [-83.8299790000825, 33.414999999782], [-83.82968500035462, 33.41500599989832], [-83.82963599995081, 33.415007000167606], [-83.82884900030344, 33.4150210001873], [-83.8284380003997, 33.41502700030217], [-83.82837700030034, 33.41502799982138], [-83.82815999966705, 33.41503299966679], [-83.82826799962208, 33.41507599997501], [-83.82830000030745, 33.4152999998412], [-83.8285220000653, 33.41563799983108], [-83.82872799992961, 33.415954999830674], [-83.82885699980106, 33.41619900029349], [-83.82896800012914, 33.41645200009551], [-83.82910899969612, 33.41669799966152], [-83.8292469997884, 33.41694299978332], [-83.82935300009359, 33.41710300016304], [-83.82946000022372, 33.41725499980079], [-83.82958999992006, 33.41739999973022], [-83.82970799992084, 33.41752900007405], [-83.82992100035618, 33.41772599993877], [-83.83020699968812, 33.41795900033606], [-83.83024900041923, 33.41801300027774], [-83.83060500007137, 33.418669000275486], [-83.83068100023937, 33.41883800025156], [-83.83074300016366, 33.41900999981857], [-83.83079199966913, 33.41918599992945], [-83.83082600000432, 33.419364000121845], [-83.8308460000958, 33.41954300016641], [-83.8308519999436, 33.41972300005688], [-83.83084299972276, 33.41990300032404], [-83.83083600005006, 33.42017399985993], [-83.83084199989786, 33.42053399965067], [-83.83086100016442, 33.42080400001377], [-83.83086100016442, 33.42089400019814], [-83.83084699992072, 33.421164000191474], [-83.8308519999436, 33.42134399972061], [-83.83087200003507, 33.4215239996263], [-83.8308519999436, 33.421612000177525], [-83.83080900028588, 33.421694999678465], [-83.83076099970698, 33.421775000025676], [-83.83070600035371, 33.42185199972793], [-83.83063900040658, 33.421922999723904], [-83.83056200041368, 33.4219859996506], [-83.83047600019995, 33.42204000008692], [-83.83037900011558, 33.42207799973515], [-83.83027500035851, 33.422100000115854], [-83.83016800022838, 33.42210500030385], [-83.83006199992316, 33.42209300030206], [-83.82995499979305, 33.422100000115854], [-83.82984900038616, 33.42211700030392], [-83.82974200025603, 33.4221210003036], [-83.829634000301, 33.42212000011625], [-83.82952700017087, 33.42211399974171], [-83.82942000004074, 33.42210199974122], [-83.82934200022294, 33.42210500030385], [-83.82931299991063, 33.42210599974159], [-83.82927100007782, 33.42211200011663], [-83.82920699960543, 33.42212199974116], [-83.82910500039647, 33.42214800010908], [-83.8290640003886, 33.42216199972725], [-83.82899800026637, 33.422189000269775], [-83.82891500042568, 33.42223200003345], [-83.82886299964883, 33.42226799997616], [-83.82883300040993, 33.422290000308664], [-83.82875999971667, 33.42235599977327], [-83.82869899961732, 33.422429999908445], [-83.82865199976163, 33.422510999761265], [-83.82861999997459, 33.422596999698165], [-83.82860999992884, 33.4226460003477], [-83.82860300025617, 33.422686000092376], [-83.82860099970802, 33.42277599982536], [-83.82860200043123, 33.422803000176934], [-83.82860200043123, 33.42283099994948], [-83.82860499990598, 33.422917000319174], [-83.82860599973088, 33.42294600023281], [-83.82860599973088, 33.422955999761285], [-83.82861599977662, 33.42304599996416], [-83.82861499995171, 33.423062999966994], [-83.82861400012679, 33.42313600007373], [-83.8286209997995, 33.423416000067895], [-83.82862300034763, 33.423496000328775], [-83.82862599982238, 33.4235340000895], [-83.82863199967016, 33.423602999869], [-83.82865199976163, 33.42381400029958], [-83.8286559999596, 33.4238559998408], [-83.82864900028692, 33.423884000023506], [-83.82863599986811, 33.423985000339805], [-83.8286290001954, 33.42407599964077], [-83.8286130003019, 33.42434699964695], [-83.8286209997995, 33.42479700001571], [-83.82860599973088, 33.42515599997829], [-83.82858300016466, 33.425335000077446], [-83.8285370001339, 33.42560599990212], [-83.82849100010316, 33.42579700006435], [-83.8284380003997, 33.4259569998728], [-83.82836899990441, 33.42612399962544], [-83.82827799966783, 33.42628900027766], [-83.82806400030591, 33.42660099969955], [-83.82783499997704, 33.426902999677054], [-83.82769799970968, 33.42704799998806], [-83.82755299994473, 33.42717399985477], [-83.82738499971524, 33.42729200001636], [-83.82720200031544, 33.42738700010608], [-83.82703800028392, 33.427484000343014], [-83.82685900018379, 33.427604999705935], [-83.826697999627, 33.42772300003129], [-83.82653600014359, 33.427861999745026], [-83.82640100042437, 33.427985999690115], [-83.82627099982972, 33.428126999968676], [-83.82613399956236, 33.42826499966859], [-83.82611799966885, 33.42834899967189], [-83.826080000034, 33.42852799993431], [-83.82608800042992, 33.42861899972093], [-83.82611099999615, 33.42870300013138], [-83.82614100013338, 33.42879100015288], [-83.82617999959312, 33.42887499964709], [-83.8262549999362, 33.429026000309634], [-83.82633199992908, 33.429214000126976], [-83.82634100014992, 33.42928199978512], [-83.82637799995985, 33.42940900026089], [-83.8264239999906, 33.42967599971067], [-83.82643099966329, 33.429767999892384], [-83.8264239999906, 33.429947000227244], [-83.82640800009708, 33.43003499973717], [-83.82638499963254, 33.430121999812414], [-83.82635500039363, 33.430209999894615], [-83.82631699986047, 33.43029400026469], [-83.82625800030924, 33.430373000092324], [-83.82620999973035, 33.430449999665335], [-83.82614899963099, 33.43052300030732], [-83.82607300036133, 33.430591999779445], [-83.82599600036842, 33.430652999984126], [-83.82591199980452, 33.430706000188636], [-83.82582099956792, 33.43075600009727], [-83.82572199983373, 33.430798000028275], [-83.82553100003801, 33.43092699995695], [-83.82538600027306, 33.43104200001066], [-83.82516500034012, 33.43123599970385], [-83.82495100007986, 33.4314380003533], [-83.82475299971317, 33.43164799965422], [-83.82442499965009, 33.432011000064094], [-83.82412000005156, 33.43237699991296], [-83.82380100020934, 33.43277699967031], [-83.82376600004925, 33.43281699999449], [-83.82372000001848, 33.432884999828495], [-83.82360000036789, 33.43309199994342], [-83.82347800016916, 33.43338700017384], [-83.82342899976535, 33.433680000042855], [-83.82346200027563, 33.434051999899424], [-83.82349800026064, 33.43420800004183], [-83.82355000013918, 33.434474999721374], [-83.82362799995698, 33.43471799981902], [-83.82365600044439, 33.434791999911084], [-83.823735999912, 33.434959999946564], [-83.82378299976767, 33.4350410001018], [-83.82389099972272, 33.435195999928915], [-83.82401299992145, 33.435345000019275], [-83.82417699995298, 33.4355290002608], [-83.82432000006811, 33.4356640000921], [-83.82447900007676, 33.43578500004562], [-83.82455500024474, 33.43584899968639], [-83.82462499966664, 33.43591700014323], [-83.82468900013906, 33.435989999934954], [-83.82474600004046, 33.436065999745246], [-83.8247970000941, 33.436145000315946], [-83.82484200029992, 33.436227000139475], [-83.82494900043005, 33.4364820000922], [-83.82503499974547, 33.4367420001396], [-83.82504800016426, 33.43683200029167], [-83.82504700033935, 33.43692200035041], [-83.82503399992056, 33.43701100030002], [-83.8250089998062, 33.43709900014358], [-83.82497100017137, 33.437182999842854], [-83.82492199976757, 33.437263000159064], [-83.82485599964532, 33.437335000305715], [-83.82477899965242, 33.43739700027995], [-83.82468999996397, 33.43744800009251], [-83.8246070001233, 33.43750499993582], [-83.82437199994664, 33.437675999990624], [-83.82420700009021, 33.43780600019695], [-83.82412099987648, 33.437859999787186], [-83.82402899981498, 33.43790700005562], [-83.82393299955551, 33.437947000263975], [-83.8238329999964, 33.43797999967243], [-83.82373000006423, 33.43800599978806], [-83.82362499958393, 33.438023999863624], [-83.82351400015416, 33.43803199989597], [-83.8234249995674, 33.438037999919786], [-83.82338500028274, 33.438036999915845], [-83.82326499973382, 33.43803399990396], [-83.82308999983164, 33.43802299985951], [-83.82298299970151, 33.43800399977949], [-83.8228839999673, 33.437976999658574], [-83.82278400040819, 33.437943000244005], [-83.82268800014873, 33.437902000028245], [-83.82267200025521, 33.43789599999508], [-83.8225099998735, 33.43780100016375], [-83.82170800015751, 33.43698799993433], [-83.82160900042331, 33.43704200003358], [-83.82138900031528, 33.436828000220245], [-83.82134999995723, 33.43679400035546], [-83.82131999981999, 33.436741000120726], [-83.82128100036026, 33.43665699999357], [-83.8212429998271, 33.43657299978512], [-83.82119799962126, 33.43648900024494], [-83.82115199959051, 33.436408999964726], [-83.82107499959763, 33.43635200015116], [-83.82096900019071, 33.43632100017104], [-83.8208620000606, 33.4363290003604], [-83.82075499993047, 33.4363290003604], [-83.82054099967023, 33.436348000057606], [-83.82043500026334, 33.43636699975064], [-83.8203349998059, 33.43639799971428], [-83.8202360000717, 33.436431999734275], [-83.82014499983511, 33.43648100007032], [-83.82007399969, 33.43653899982037], [-83.81992300007727, 33.436672000289995], [-83.81964900044086, 33.4369510000829], [-83.81955800020428, 33.43699199999833], [-83.81945000024925, 33.43701599962901], [-83.81934399994404, 33.43700400018933], [-83.81915300014833, 33.43692799970126], [-83.81906100008682, 33.43688199966946], [-83.81896999985022, 33.43682900023812], [-83.81888600018463, 33.43677099993226], [-83.81884799965148, 33.4367420001396], [-83.81881000001664, 33.436710000279625], [-83.81872600035106, 33.43665299991408], [-83.81863400028955, 33.43660399967515], [-83.81854200022805, 33.43655800022124], [-83.81844299959552, 33.43652000016504], [-83.81834399986133, 33.436485000157695], [-83.81814600039293, 33.43642799964441], [-83.81793999963028, 33.43637800000501], [-83.81762699963583, 33.43630999990944], [-83.81719999983858, 33.436236999637316], [-83.81709299970846, 33.436234000312844], [-83.81698599957834, 33.436240999735936], [-83.81688699984413, 33.436260000202054], [-83.81678800010992, 33.43629100020392], [-83.81668900037573, 33.43633699979943], [-83.81661200038283, 33.43639400037249], [-83.81653600021485, 33.43646199965259], [-83.81639099955157, 33.43659200017849], [-83.81627000007607, 33.43670600020256], [-83.8159699996021, 33.43658600005468], [-83.81367599970882, 33.435459000182334], [-83.81358100017259, 33.435406999916125], [-83.81281500044162, 33.43499199970221], [-83.81273400025074, 33.434949000262044], [-83.81219500030049, 33.434657000222494], [-83.8084359999941, 33.43631400000474], [-83.80838400011557, 33.436335999775885], [-83.80785900040901, 33.43858400034801], [-83.8076180003846, 33.439520999821994], [-83.8076049999658, 33.43959100037173], [-83.80752399977493, 33.44002100004645], [-83.80751399972918, 33.440072999796406], [-83.8073739999871, 33.440828999733704], [-83.80656100040046, 33.4411180000872], [-83.80576700018209, 33.44140199965233], [-83.80571399958032, 33.44142099973786], [-83.80563400011269, 33.44144900025085], [-83.80549299964738, 33.44149999993051], [-83.8027750003299, 33.442506999841235], [-83.80255500022187, 33.44259700001012], [-83.80218699997583, 33.44270999969016], [-83.7987490000598, 33.443905999957025], [-83.79852599957873, 33.44398999981231], [-83.79194900039572, 33.44637099979698], [-83.79041200001257, 33.446826000164286], [-83.79032599979885, 33.446851999877616], [-83.78898699978244, 33.44724899992331], [-83.78684699987494, 33.4478840001365], [-83.7847110001654, 33.44851499991593], [-83.7833160000725, 33.44892900002829], [-83.78328599993526, 33.448937999682904], [-83.78237799991406, 33.44920499975486], [-83.77965499967539, 33.45001399996273], [-83.77874800037742, 33.450283000195434], [-83.77867999970704, 33.45030199983484], [-83.77858799964552, 33.45032999972973], [-83.77847700021576, 33.45036199981272], [-83.77841000026861, 33.45038299990758], [-83.77836400023787, 33.4503949997454], [-83.77830800016137, 33.45041199963769], [-83.77822600014561, 33.45043600005312], [-83.77818099993975, 33.45045100021567], [-83.77769399986802, 33.45059500029518], [-83.77747899978289, 33.45065900025379], [-83.77623600002592, 33.45102699984875], [-83.77574999977912, 33.45117099972144], [-83.7720099997393, 33.45227800031453], [-83.7712780003435, 33.45249499975334], [-83.77097500039481, 33.45273400025806], [-83.77098500044055, 33.45295500013233], [-83.77087999996026, 33.45325699982987], [-83.77086400006672, 33.4532890003318], [-83.77078399970078, 33.453481000097575], [-83.77065999985223, 33.453644999873134], [-83.77057500036172, 33.453732000258846], [-83.77025999981913, 33.454010999899076], [-83.7695099999817, 33.454651999693574], [-83.76938000028535, 33.454752000363705], [-83.76936500021674, 33.45476100016354], [-83.76932300038395, 33.45478699974657], [-83.76930699959212, 33.45479799991377], [-83.76923200014733, 33.454834999648206], [-83.76918899959132, 33.45484999979932], [-83.76914400028379, 33.45486999974707], [-83.76909300023017, 33.45488999969013], [-83.76840399959377, 33.45510700008762], [-83.76838100002756, 33.45511400023646], [-83.76812699958434, 33.455200999897784], [-83.76799000021529, 33.45526100023361], [-83.76785799997083, 33.45533299968246], [-83.76769099956624, 33.45544399965249], [-83.76743899967117, 33.455635999893104], [-83.76641000017446, 33.4564569998151], [-83.76578500001047, 33.45695900016969], [-83.76560699973525, 33.45709900004887], [-83.76535400001526, 33.45730200022166], [-83.76507100015806, 33.4575210001372], [-83.7648920000579, 33.45766300016325], [-83.76479900017146, 33.45773499986594], [-83.76472200017858, 33.45779100009304], [-83.7642099999925, 33.458176999790915], [-83.7640400001132, 33.45830700000131], [-83.76354399982064, 33.458679999696], [-83.76321800030573, 33.458935000347935], [-83.76320499988694, 33.458945000225945], [-83.76274700012753, 33.45932199995738], [-83.76077999957408, 33.460959999705956], [-83.75997299983523, 33.461633000258985], [-83.75875799966735, 33.462645000335364], [-83.7580299995712, 33.463252999726926], [-83.75511100041227, 33.46567699988197], [-83.75414099956848, 33.46648399993188], [-83.75390700011506, 33.46670200020984], [-83.75382699974912, 33.46677500032136], [-83.75355599958748, 33.4670280003038], [-83.75351299992977, 33.46706900024034], [-83.75346299970104, 33.46713399969782], [-83.75336800016481, 33.46722599987271], [-83.75317300017113, 33.46739400003778], [-83.75210299976823, 33.46832200011378], [-83.75174700011608, 33.46863199969677], [-83.74981399989782, 33.470201000237445], [-83.74401699979117, 33.47490800001628], [-83.74208500029614, 33.476478999940866], [-83.74200599975512, 33.47654300027355], [-83.73831199974605, 33.47954300009653], [-83.73668700039768, 33.480862000086006], [-83.73417900024414, 33.481456000011526], [-83.73411300012191, 33.48147100005149], [-83.73329499961409, 33.481665000085016], [-83.73144500013483, 33.48210400012096], [-83.73102699966007, 33.482203000345585], [-83.72977300003245, 33.482497999859696], [-83.72935600028093, 33.482599000112636], [-83.72925800037166, 33.482622000368934], [-83.7271069996952, 33.48313099991673], [-83.72418199979013, 33.48382600033783], [-83.72299299956155, 33.48410400029347], [-83.72035800008474, 33.48471899973364], [-83.71813600016148, 33.48523899974553], [-83.71810799967406, 33.48524500024906], [-83.71537600011287, 33.48588299996855], [-83.71136400008649, 33.48682100022871], [-83.70722400001358, 33.48787600004002], [-83.70474299962422, 33.48851799979221], [-83.70655000034411, 33.489924999639506], [-83.7095139997089, 33.49219099989801], [-83.70969399963396, 33.49235499984522], [-83.71012899982713, 33.4928209999186], [-83.71228100032852, 33.495096000161006], [-83.71119199965905, 33.4960310000119], [-83.70768799962076, 33.49896999974829], [-83.70730600002935, 33.499290000246816], [-83.70631799964221, 33.500119999678724], [-83.70619700016668, 33.500119999678724], [-83.70530000001615, 33.50087400027665], [-83.7052749999018, 33.50089500011785], [-83.70519700008398, 33.50081200000242], [-83.70466300015661, 33.50005700032497], [-83.70459000036168, 33.499906999788486], [-83.70444899989636, 33.499784000098494], [-83.70440700006358, 33.49974700007837], [-83.7038959997024, 33.499095999992115], [-83.70372800037123, 33.49893200007868], [-83.70365999970085, 33.49879299966668], [-83.70363600030971, 33.498565000183625], [-83.70358199988304, 33.49841299994498], [-83.70351199956283, 33.49827200008133], [-83.70341500037676, 33.498127999808176], [-83.70321700001007, 33.49794800006633], [-83.70296699976481, 33.497801999875975], [-83.7026980001513, 33.49776599982196], [-83.7026429998997, 33.497758000057665], [-83.70219699983588, 33.497841000104835], [-83.70187499962059, 33.497933999945865], [-83.70140000014277, 33.49816699989023], [-83.70130200023345, 33.49821499973656], [-83.70124000030918, 33.49821499973656], [-83.70122299969243, 33.4982470001187], [-83.70118000003474, 33.498268999906415], [-83.7011349998289, 33.498297000036686], [-83.701029000422, 33.498301000268604], [-83.70095599972873, 33.49823700028147], [-83.7008750004362, 33.49817799979489], [-83.70085000032185, 33.49809199988978], [-83.70088700013177, 33.4980090000832], [-83.70085000032185, 33.49792500013479], [-83.70076900013099, 33.4978670002477], [-83.7007559997122, 33.49782900009393], [-83.70073999981867, 33.49778100003358], [-83.70061299959708, 33.49762100013962], [-83.70058300035815, 33.49758299987787], [-83.70056400009157, 33.49757600016297], [-83.70037300029587, 33.497510000254785], [-83.70033599958764, 33.49749800019795], [-83.70030799999854, 33.49749600006349], [-83.70027899968622, 33.497492999861684], [-83.69998900015631, 33.49734899979102], [-83.69984400039135, 33.497227000282415], [-83.69958499992528, 33.49700899965178], [-83.69927699995371, 33.4965970001085], [-83.69922599990007, 33.49652900004626], [-83.69868000027712, 33.49611500029972], [-83.6982490002819, 33.49578800019169], [-83.69798300014311, 33.495586000364646], [-83.69744099981982, 33.495065000207745], [-83.69711100010694, 33.49482400011997], [-83.69704099978672, 33.49468200030439], [-83.69699700030412, 33.494639999850044], [-83.69675299990665, 33.494293000328895], [-83.69675399973156, 33.493781000125665], [-83.69675399973156, 33.49358000022348], [-83.69661499981437, 33.49336599985955], [-83.69654100019454, 33.493252000163864], [-83.69542700030902, 33.4922750001656], [-83.69471699975622, 33.49190500012394], [-83.69400000042906, 33.49106600007258], [-83.6938349996743, 33.49096899977544], [-83.69347900002215, 33.490689999983346], [-83.69346999980131, 33.49067000006037], [-83.69344600041019, 33.49060900011697], [-83.69343899983917, 33.49059099972018], [-83.69343100034156, 33.490571999921585], [-83.69340899970193, 33.490519000343106], [-83.69340200002925, 33.490502000075665], [-83.6933900003337, 33.490470999975955], [-83.69335400034868, 33.49038300035754], [-83.69334199975478, 33.490353999765546], [-83.69328099965543, 33.490203000246495], [-83.69321799990622, 33.49013999966968], [-83.6932150004315, 33.49013099979763], [-83.69320600021067, 33.490110999745546], [-83.69319500034001, 33.490090999688846], [-83.69318199992124, 33.490072999933574], [-83.69316699985261, 33.49005600032776], [-83.69315000013418, 33.49003899996938], [-83.69313099986759, 33.49002399991483], [-83.69310800030138, 33.49001600018434], [-83.69309200040786, 33.49001600018434], [-83.69305800007267, 33.48998200019777], [-83.69300000034634, 33.48987000010353], [-83.69287399994964, 33.48975900002103], [-83.69284600036056, 33.48967500030955], [-83.69275299957582, 33.48952700008443], [-83.6927440002533, 33.489496999795364], [-83.69278699991102, 33.48948600028607], [-83.69264200014607, 33.4891430002444], [-83.69220199993, 33.48881399969237], [-83.69169899996476, 33.488235999822], [-83.69078199972274, 33.48741599993067], [-83.69058500007922, 33.48724399963353], [-83.69050200023857, 33.48717100028401], [-83.69048399979691, 33.487150000110844], [-83.69046500042865, 33.487143000301664], [-83.69043799976613, 33.48712700030769], [-83.690406999804, 33.48708700030987], [-83.69037300036715, 33.48706399974082], [-83.69032700033637, 33.487030000093654], [-83.69030399987184, 33.48701599970624], [-83.69027600028275, 33.48699500024465], [-83.69025399964312, 33.48697400002874], [-83.69019099989393, 33.48692700013362], [-83.69013300016762, 33.48688300003338], [-83.69005000032693, 33.486825999682914], [-83.68989899981588, 33.48669699973711], [-83.6898300002189, 33.486627999948546], [-83.68976599974651, 33.48655600027351], [-83.68961799960849, 33.486425000284505], [-83.68953800014086, 33.48636499979443], [-83.68940000004861, 33.48622600018517], [-83.68932499970553, 33.48616200026312], [-83.6892450002379, 33.486102000340075], [-83.689160999674, 33.48604599967512], [-83.68913999975761, 33.48603400027715], [-83.68907299981046, 33.48599399977453], [-83.68901000006127, 33.48594400024401], [-83.68898599977183, 33.48593899998967], [-83.68891799999976, 33.48586799994338], [-83.68889999955809, 33.4858500000596], [-83.68885799972531, 33.485793999980935], [-83.6888290003113, 33.48570700030865], [-83.68883199978603, 33.48561699993571], [-83.68882400028843, 33.48552700021843], [-83.68881099986963, 33.48543300033068], [-83.68885000022769, 33.48535499991591], [-83.68889200006049, 33.485317000264764], [-83.68892300002263, 33.48528899968304], [-83.688984000122, 33.48521499997508], [-83.68902900032784, 33.485145999755076], [-83.68903600000054, 33.48513599990326], [-83.68911700019139, 33.484968999884074], [-83.68914999980335, 33.484883999808986], [-83.68917699956752, 33.48479599975797], [-83.68917499991771, 33.48453100034989], [-83.68916800024502, 33.48451899999279], [-83.68912800006204, 33.4844510001855], [-83.68903600000054, 33.48440700032583], [-83.6889980003657, 33.484404999888916], [-83.68892999969532, 33.48440000029501], [-83.68885600007549, 33.484335999772874], [-83.6888229995652, 33.48426700035111], [-83.68880699967168, 33.48420999977746], [-83.68878999995324, 33.48416500032338], [-83.68874999977027, 33.48408199990371], [-83.68870100026477, 33.484002000073794], [-83.68865100003606, 33.483953000366284], [-83.68863099994458, 33.48393299963672], [-83.68854499973085, 33.48387900026615], [-83.68844799964648, 33.483840999967406], [-83.68834300006449, 33.48382200018642], [-83.6882450001552, 33.483783999862666], [-83.68815499974352, 33.483736000258034], [-83.68807299972775, 33.48367699963047], [-83.68802900024515, 33.48359499972019], [-83.68802400022227, 33.48350599962922], [-83.68799300026014, 33.483434999836206], [-83.68798700041233, 33.4834219998467], [-83.68793100033584, 33.48334500009939], [-83.68785699981768, 33.48327899983335], [-83.68778300019784, 33.483222000108036], [-83.68769299978617, 33.483164000112424], [-83.68760099972465, 33.48311699964825], [-83.6874989996174, 33.48308899985383], [-83.68739200038559, 33.483078000279924], [-83.68728500025546, 33.483078000279924], [-83.6872459998974, 33.48308299995018], [-83.68717800012534, 33.483091999805445], [-83.68707099999523, 33.48309799970846], [-83.68675600035095, 33.483059000331586], [-83.6866609999164, 33.48301599999925], [-83.68656100035727, 33.482985000216935], [-83.6864569997019, 33.482960999821934], [-83.68640800019641, 33.482944000318575], [-83.68597200017831, 33.482798000303596], [-83.68587400026902, 33.48276000027985], [-83.68576899978873, 33.482741000261704], [-83.6856619996586, 33.482745999951405], [-83.68534399964128, 33.48277099989407], [-83.68520999974697, 33.48277300036873], [-83.68500100040792, 33.48282499995538], [-83.68484200039927, 33.482845999678766], [-83.68462700031411, 33.482871000341824], [-83.68422399990797, 33.482877000260146], [-83.68335400041994, 33.482848999638875], [-83.68295600003668, 33.482900999929164], [-83.68241899973626, 33.482970999924866], [-83.68220200000125, 33.483029000049704], [-83.67998500010088, 33.48363099967213], [-83.67924699995898, 33.483832000190006], [-83.67923400043851, 33.48384999974391], [-83.67903900044485, 33.48389699981035], [-83.67900199973661, 33.48389900025894], [-83.67897400014752, 33.48389999973399], [-83.67892200026897, 33.483900999958294], [-83.67885600014674, 33.48390200018252], [-83.67870299998587, 33.483868000043394], [-83.67868899974216, 33.48385699981923], [-83.67842099995354, 33.48364300015226], [-83.67741800039612, 33.484593999762424], [-83.67700099974628, 33.4849899998369], [-83.6768180003465, 33.485162000115025], [-83.67666900038358, 33.48530399980849], [-83.67627100000033, 33.485681000260485], [-83.67611899966435, 33.48582599970923], [-83.67608900042545, 33.48585500031902], [-83.67536299997913, 33.48654199980941], [-83.6746440001038, 33.487224999849765], [-83.67542099970544, 33.487894999680904], [-83.67616300004528, 33.4885340002784], [-83.67691999955542, 33.48918699994562], [-83.67701900018795, 33.48927200029278], [-83.67844900044098, 33.49050599991855], [-83.67997000003227, 33.491816999715276], [-83.68000199981932, 33.49184400030135], [-83.68002399956062, 33.491863999953175], [-83.68007299996444, 33.49190600025573], [-83.68020699985874, 33.49202100035571], [-83.6808310001978, 33.49255699971877], [-83.68085499958893, 33.492568999711224], [-83.68086999965755, 33.492592999691254], [-83.68092800028217, 33.49264299987792], [-83.6819860000912, 33.49355699988071], [-83.6830060002654, 33.4944280000639], [-83.68310300034977, 33.49443299982809], [-83.68305300012105, 33.495123999819256], [-83.68305099957291, 33.495351000032095], [-83.68304899992309, 33.49588500033424], [-83.68309599977876, 33.496411999781174], [-83.68314299963443, 33.49678400019147], [-83.68330599984105, 33.49728199964011], [-83.68354199984259, 33.498043999975245], [-83.68372799961544, 33.498640999828346], [-83.68380499960833, 33.49892599977451], [-83.68386400005788, 33.49914700021706], [-83.68404300015803, 33.499811999738746], [-83.68410400025738, 33.50003400020465], [-83.68413699986935, 33.50013800034175], [-83.68422999975576, 33.50042800002099], [-83.68423399995372, 33.50045000000349], [-83.68425700041827, 33.50055799976847], [-83.68432400036542, 33.50087500030489], [-83.68434399955859, 33.50096899990994], [-83.68445700043479, 33.501728999964655], [-83.68449000004675, 33.50183500034688], [-83.68452400038194, 33.50194599992955], [-83.68460200019975, 33.502141999816864], [-83.68492100004198, 33.50282599966127], [-83.68520600044734, 33.50343600022599], [-83.68555000040392, 33.50420900020948], [-83.68579999975087, 33.504658999647546], [-83.68589699983525, 33.50486899988295], [-83.68621499985255, 33.50555599982169], [-83.68623900014201, 33.50560899993273], [-83.68628000014989, 33.50569599983265], [-83.68631699995983, 33.50576800007114], [-83.6863450004472, 33.50582100005237], [-83.68638300008205, 33.505895000127296], [-83.68649799970977, 33.506062000236035], [-83.68653399969479, 33.506122999778235], [-83.68654999958832, 33.506158000134704], [-83.68656600038015, 33.50619399969471], [-83.68658999977129, 33.50627499996085], [-83.68660200036517, 33.50636599979954], [-83.68659499979417, 33.506464000037326], [-83.6865830000986, 33.50651499966626], [-83.68654399974052, 33.506625000026595], [-83.68638599955679, 33.506963999890054], [-83.68624099979183, 33.50726100034949], [-83.68619200028634, 33.50736400008923], [-83.68606500006474, 33.50759900001819], [-83.68605800039204, 33.50761300007354], [-83.68600499979027, 33.50772199983816], [-83.6859999997674, 33.50773399997565], [-83.68596700015544, 33.50782699967405], [-83.68595799993462, 33.50786699982769], [-83.68594799988888, 33.507916000234104], [-83.68593899966805, 33.508016000106224], [-83.68593700001821, 33.5080769997692], [-83.6859360001933, 33.508199999658764], [-83.6859350003684, 33.508237999753746], [-83.6859360001933, 33.50826900023276], [-83.68594600023906, 33.508477000067046], [-83.68594799988888, 33.50850200007104], [-83.68596299995748, 33.508545999671135], [-83.6859780000261, 33.5085890000588], [-83.68603999995038, 33.5086889999022], [-83.68613000036207, 33.50878300000915], [-83.68629199984547, 33.50893699988403], [-83.68631000028711, 33.50895300034165], [-83.68646699974764, 33.50909400003362], [-83.68712899972155, 33.50970499978912], [-83.68751000038635, 33.5100460001649], [-83.68791299989418, 33.51040799972587], [-83.68798800023725, 33.510475000202696], [-83.68802900024515, 33.510515999798194], [-83.68807699992571, 33.51056400028636], [-83.68810399968989, 33.51060000026054], [-83.68813700020017, 33.51067300007895], [-83.68814300004794, 33.51071400032965], [-83.68814300004794, 33.510762999872945], [-83.68813300000221, 33.51080599990795], [-83.68810799988785, 33.51087799963991], [-83.68807899957554, 33.510944999752866], [-83.68801900019939, 33.511093000064314], [-83.68797900001643, 33.511168999943756], [-83.68793200016076, 33.511288000300794], [-83.68766900039502, 33.51187700022491], [-83.68758099963316, 33.51207399999017], [-83.6875689999376, 33.512098999703966], [-83.6875339997775, 33.51217799989063], [-83.68752299990685, 33.51220400022072], [-83.68736899992105, 33.51254900005849], [-83.68690899961351, 33.513590000342525], [-83.68675600035095, 33.51393800027739], [-83.68655899980915, 33.514442999742315], [-83.68638700028, 33.51489000029028], [-83.68597100035342, 33.51596200008853], [-83.68591399955369, 33.51611099990891], [-83.68577499963651, 33.51646900016746], [-83.68543200040315, 33.51735299986188], [-83.68533399959554, 33.517618999748855], [-83.68515799986845, 33.51809899997541], [-83.68405900005155, 33.521089999814016], [-83.6836339999041, 33.522247000088356], [-83.68341600034421, 33.52283799984055], [-83.68282100031746, 33.524462000171766], [-83.68276400041606, 33.52461400033913], [-83.68254699978277, 33.52520699988616], [-83.68249400007932, 33.52535000028732], [-83.68233900026863, 33.52577199964233], [-83.68233500007067, 33.52578200004217], [-83.68228300019211, 33.5259259999801], [-83.68226499975046, 33.5259839997834], [-83.68221299987192, 33.526160999665535], [-83.68219600015348, 33.526219999795394], [-83.68218500028283, 33.52632199969646], [-83.68215299959745, 33.52662899990608], [-83.68214299955171, 33.526731999803026], [-83.68206200025918, 33.52750999994703], [-83.68182200005967, 33.529845999703134], [-83.68178299970161, 33.53023399968283], [-83.68174199969373, 33.53062599965441], [-83.68169400001314, 33.531086999692754], [-83.68151400008809, 33.5328899997736], [-83.68083799987049, 33.5396820000701], [-83.68061299973958, 33.541946999929486], [-83.68061100008977, 33.54196300027074], [-83.68060500024198, 33.5420139999348], [-83.68060400041708, 33.542032000117366], [-83.68060299969385, 33.54205099984846], [-83.68052900007399, 33.542786000070784], [-83.68038699978379, 33.544193000323446], [-83.6803730004384, 33.544331000144396], [-83.68037000006534, 33.54436400021542], [-83.68036400021757, 33.54437500023629], [-83.68034800032405, 33.54454299970037], [-83.68029300007245, 33.545101000015364], [-83.68023000032326, 33.545762999666174], [-83.679867999925, 33.549349000015965], [-83.67984899965843, 33.54955599966667], [-83.67983199994, 33.54972400028808], [-83.67982899956695, 33.549745000249196], [-83.67982299971916, 33.54981099998685], [-83.67982100006935, 33.54983300013773], [-83.67978699973416, 33.55017800034211], [-83.67976300034302, 33.550408999917266], [-83.67958699971761, 33.55213700017219], [-83.67956900017427, 33.552317999641055], [-83.67953800021213, 33.55271499991916], [-83.67953099964112, 33.552765999975385], [-83.67951399992268, 33.55292000013869], [-83.67950899989981, 33.55297299967441], [-83.67946100021923, 33.55339599986049], [-83.67934200039355, 33.55456799985522], [-83.6788600003447, 33.559357000018856], [-83.67870200016095, 33.56092599995187], [-83.6786999996128, 33.560954000010945], [-83.67869799996299, 33.560985999639655], [-83.6785020001444, 33.56292099997109], [-83.6779160003385, 33.56872999977345], [-83.67773499969022, 33.57053299963535], [-83.67772100034483, 33.570666000195494], [-83.6777189997967, 33.5706789998003], [-83.67771499959873, 33.57071800009995], [-83.67771399977381, 33.5707319996658], [-83.67769100020759, 33.57095299999707], [-83.67766899956796, 33.571175999690105], [-83.67764000015397, 33.57154799963141], [-83.67765799969733, 33.57161799975911], [-83.67771700014687, 33.57183400028706], [-83.67801300042288, 33.57209499967383], [-83.67821400026432, 33.57232900036303], [-83.67839500001429, 33.57262100035905], [-83.67861699977215, 33.572963000277646], [-83.67870299998587, 33.573054000288174], [-83.6789099996751, 33.57327399997496], [-83.6789730003226, 33.573343000261296], [-83.67907100023189, 33.573448999682626], [-83.67936499995976, 33.57376999996065], [-83.67946399969397, 33.57387800021949], [-83.67947700011275, 33.57389299995371], [-83.67951899994557, 33.57393799988914], [-83.67953300018925, 33.57395400029296], [-83.6795440000599, 33.573966000219635], [-83.67957900022, 33.57400399985176], [-83.67959099991558, 33.57401699970239], [-83.67961500020502, 33.574044000076746], [-83.67968999964978, 33.57412499965219], [-83.67971499976413, 33.57415199999277], [-83.67973599968053, 33.5741859998275], [-83.67979900032803, 33.5742899998552], [-83.67982100006935, 33.57432500031131], [-83.67997699970495, 33.574578000256686], [-83.68022000027753, 33.574840000249786], [-83.68037000006534, 33.574991000213124], [-83.68060299969385, 33.57522599970498], [-83.68091499986338, 33.57552900017569], [-83.68108999976556, 33.575736999863324], [-83.68118000017725, 33.575945999706754], [-83.68120899959125, 33.57633300010752], [-83.6812820002845, 33.576527999884114], [-83.68132099974424, 33.576697000332075], [-83.68130999987359, 33.57687999976634], [-83.6812670002159, 33.577106000299075], [-83.68122000036021, 33.577255000253764], [-83.68120500029161, 33.57730500014578], [-83.68122799985782, 33.57748799978784], [-83.68131599972136, 33.577626000304214], [-83.68138600004158, 33.577695000105415], [-83.68142299985149, 33.57782100015329], [-83.68144299994299, 33.57791300016708], [-83.68152900015671, 33.57796699996681], [-83.68156799961645, 33.57794999967316], [-83.68161199999737, 33.57792999971964], [-83.68163299991377, 33.57790000015484], [-83.68169300018825, 33.57781599997077], [-83.6817400000439, 33.57771600000143], [-83.68177799967873, 33.57770200007131], [-83.68182299988459, 33.5776860003623], [-83.68185499967163, 33.57770600037236], [-83.6819090000983, 33.57774000030404], [-83.68191199957305, 33.577824999700375], [-83.68199899961168, 33.577921999886584], [-83.68212400018345, 33.578158000262476], [-83.68225200022998, 33.57848000012124], [-83.68246200029226, 33.578743000121044], [-83.68256000020155, 33.57891700009298], [-83.68265800011085, 33.579090999714154], [-83.68283100036321, 33.579269999831546], [-83.68300299989234, 33.57937899981307], [-83.68313900033478, 33.5794040002701], [-83.68335799971958, 33.57941399970244], [-83.68351099988045, 33.57948099983593], [-83.68369599982839, 33.579477000365586], [-83.68399899977707, 33.579484000186966], [-83.68420200016668, 33.57950799999794], [-83.68438899976444, 33.579574000191954], [-83.68445900008463, 33.57964299993263], [-83.68450099991742, 33.57991000032926], [-83.68458899978096, 33.580035000275934], [-83.6846749999947, 33.580102999787655], [-83.68479299999547, 33.58010100006692], [-83.68494500033144, 33.58013999985172], [-83.6851899996555, 33.580415999666926], [-83.68543200040315, 33.58062199984316], [-83.68567000005453, 33.580716000319676], [-83.68578999970512, 33.580783000190785], [-83.68597899985102, 33.58090599991926], [-83.68616999964672, 33.58111300027131], [-83.6865410002658, 33.58165500035944], [-83.68669899955124, 33.58189100025641], [-83.68676999969634, 33.58198800036303], [-83.68684699968924, 33.582044000282366], [-83.68687199980359, 33.58206200035561], [-83.68694999962139, 33.582119000063955], [-83.68697599956067, 33.58213799995831], [-83.68701099972077, 33.582192000108066], [-83.68706500014744, 33.58227700035837], [-83.68708400041402, 33.5823699999465], [-83.68708699988876, 33.58243500036356], [-83.68709000026179, 33.58254300025751], [-83.68707900039115, 33.58272699984862], [-83.68703400018529, 33.582910999795764], [-83.68693899975074, 33.58313899990185], [-83.6868590002831, 33.58326799970489], [-83.68673700008436, 33.583385999773526], [-83.6865489997634, 33.58356999981227], [-83.68594700006396, 33.58426000020494], [-83.6858509998045, 33.5844169997624], [-83.6857810003826, 33.584868999676814], [-83.68576899978873, 33.58500999977494], [-83.6857889998802, 33.58513600036822], [-83.68581300016966, 33.585347000248916], [-83.6858509998045, 33.585486999767944], [-83.6859219999496, 33.58618799973235], [-83.6859849996988, 33.58656899964602], [-83.68602200040702, 33.58668100023756], [-83.686091000004, 33.58673600032116], [-83.68622700044645, 33.586775000100644], [-83.68631399958676, 33.58684400007035], [-83.68638499973187, 33.58696899970131], [-83.68641900006706, 33.58699199989506], [-83.68644099980838, 33.587001000164456], [-83.68650600010571, 33.58705099964822], [-83.68662499993138, 33.587090000033726], [-83.68683300034385, 33.587282999897276], [-83.68687000015377, 33.587380999705346], [-83.6869630000402, 33.58766100014729], [-83.68706500014744, 33.58771499983399], [-83.68715200018609, 33.587783000028914], [-83.68731000036982, 33.588004999873895], [-83.68731399966946, 33.58814600008555], [-83.68733700013402, 33.58836099989569], [-83.68738599963949, 33.58855900021805], [-83.68676300002365, 33.589210999972515], [-83.68662599975629, 33.589419000358696], [-83.68652100017431, 33.589502999724935], [-83.68600899998823, 33.590427000076645], [-83.68595899975952, 33.590498000346976], [-83.68581099962152, 33.59071100005908], [-83.68576100029112, 33.590782000095665], [-83.68551000022094, 33.59109200020324], [-83.68478499959956, 33.5920070002519], [-83.68186800009042, 33.595690999716744], [-83.6808959995968, 33.596919000239744], [-83.6809800001607, 33.59695799990531], [-83.68123200005579, 33.5970750002927], [-83.68131700044461, 33.59711399988772], [-83.68142000037678, 33.59718400022939], [-83.681731999648, 33.597394000165245], [-83.68183600030336, 33.59746400027965], [-83.68219399960535, 33.59770399970614], [-83.68275299964708, 33.59808100028443], [-83.68326800020621, 33.59842699965658], [-83.68362600040649, 33.59866900018311], [-83.6838380001186, 33.59881200020902], [-83.68406800027239, 33.59896700018913], [-83.68447699962798, 33.59924100036061], [-83.6846900000633, 33.59938499982324], [-83.68521499976987, 33.59973900000535], [-83.68673500043455, 33.60076300025991], [-83.68679200033597, 33.600801000063186], [-83.68693799992585, 33.60089999984599], [-83.68728600008038, 33.60113400024124], [-83.68731799986743, 33.601156000034734], [-83.68789700000066, 33.60154599993118], [-83.68854499973085, 33.601982000190574], [-83.68962799965425, 33.602729999872906], [-83.69020400031273, 33.603127999873834], [-83.69152400006257, 33.60403999993389], [-83.69548599986024, 33.60677500029386], [-83.69613699996349, 33.6072260002234], [-83.69679700028759, 33.60767200008966], [-83.69681099963297, 33.60768199998638], [-83.69682599970157, 33.60769199988196], [-83.69712899965027, 33.60789699973032], [-83.69720399999335, 33.60794800010591], [-83.69722999993262, 33.60796600001123], [-83.69755499962262, 33.608185999714095], [-83.6985310003142, 33.60884799974554], [-83.69885699982913, 33.60906899971483], [-83.69892100030155, 33.609112000211766], [-83.69911299992218, 33.6092420003483], [-83.69917700039458, 33.60928600028105], [-83.6992490003646, 33.60933399977397], [-83.69933999970289, 33.60939499974563], [-83.69941000002308, 33.60944199965758], [-83.69937200038825, 33.6094899998118], [-83.69932999965714, 33.60953199983135], [-83.69930999956567, 33.60955099967313], [-83.69914200023449, 33.60970700006643], [-83.69863800044433, 33.61017700007237], [-83.69847100003975, 33.61033400033908], [-83.69838099962807, 33.610418000283346], [-83.69827900041913, 33.61051199971421], [-83.69768900041525, 33.611064999631296], [-83.69534500029326, 33.61326099988825], [-83.69532799967651, 33.61327699973252], [-83.6947429996955, 33.61384999972543], [-83.6946239998698, 33.61396799985154], [-83.6945810002121, 33.61401100014898], [-83.69404200026185, 33.61454000027818], [-83.69242399968786, 33.61612999971155], [-83.6918859995625, 33.616659999736996], [-83.69181899961535, 33.61672499974864], [-83.691616999949, 33.61692300003439], [-83.69155099982676, 33.61698900002856], [-83.69157400029128, 33.61700399974813], [-83.69164299988826, 33.617052000179854], [-83.69166700017772, 33.617068000068464], [-83.69169999978968, 33.61709000028447], [-83.69172800027708, 33.617108999956486], [-83.691913000225, 33.61723299968146], [-83.69197500014928, 33.61727499966859], [-83.6922229998464, 33.61744199998461], [-83.69296799966098, 33.617942999739206], [-83.69321700008133, 33.61811099967674], [-83.6934199995726, 33.61824800012254], [-83.69464700033433, 33.619056999925355], [-83.69894100039303, 33.62189200007713], [-83.69991499963814, 33.622535000346595], [-83.7001570003858, 33.62269500013923], [-83.70037300029587, 33.6228369998466], [-83.70039000001431, 33.62285699986037], [-83.70045500031163, 33.622890999947856], [-83.70047600022802, 33.62290500002395], [-83.70050700019016, 33.62292500002194], [-83.70060099990151, 33.62298700021046], [-83.70063299968855, 33.62300800030042], [-83.7006439995592, 33.623015000329275], [-83.7006789997193, 33.62303799988572], [-83.70069100031318, 33.623046000022704], [-83.70076900013099, 33.62309799977302], [-83.70100599995746, 33.62325400033168], [-83.70108499960018, 33.62330700006405], [-83.7012479998068, 33.62341400028524], [-83.70152999983911, 33.623599999661444], [-83.70173900007646, 33.62373999991635], [-83.70190200028308, 33.62384999990362], [-83.70191900000151, 33.62385699986407], [-83.70195800035958, 33.62388800000259], [-83.7019730004282, 33.62389800026203], [-83.70202799978146, 33.623935000239584], [-83.70219600001096, 33.62404800027482], [-83.70225200008746, 33.62408600028646], [-83.70242299979168, 33.62420100031799], [-83.70515400042629, 33.62604100014302], [-83.70549800038287, 33.62627300021588], [-83.70796899982817, 33.62793600029969], [-83.70846799959544, 33.62827299982542], [-83.70852299984703, 33.62831000016799], [-83.71170100037037, 33.63045300025199], [-83.7153500001736, 33.632912000204946], [-83.71537000026508, 33.632926000148466], [-83.71540899972484, 33.63295200003756], [-83.71552900027376, 33.63303299964174], [-83.71556899955839, 33.633061000235124], [-83.71561899978713, 33.63309500003523], [-83.71563300003082, 33.633103999980065], [-83.71569900015305, 33.633148999690185], [-83.71576100007734, 33.633191000146304], [-83.71591000004025, 33.63329200010873], [-83.71595199987306, 33.63331999986996], [-83.71617799982886, 33.63347199991098], [-83.71620399976814, 33.63348899973158], [-83.7164470003407, 33.63365200008504], [-83.71725499990445, 33.63419299982699], [-83.7175250002412, 33.63437399996915], [-83.71762999982319, 33.63444499994994], [-83.71794799984052, 33.634658000289065], [-83.71805499997062, 33.63473000001067], [-83.7182719997056, 33.63487400002128], [-83.71892299980885, 33.6353090000089], [-83.71914000044214, 33.635453999765865], [-83.71915399978754, 33.63546300021213], [-83.7191949997954, 33.63549399991376], [-83.71921400006198, 33.63550300035585], [-83.71926000009275, 33.63552900021492], [-83.71936800004778, 33.63560599978027], [-83.71939300016213, 33.635622999927584], [-83.71943900019288, 33.635653000355305], [-83.71945300043659, 33.63565800017626], [-83.71947900037586, 33.6356790001691], [-83.71949000024652, 33.63568599991628], [-83.71950299976699, 33.63569500033829], [-83.71951299981274, 33.635702000084116], [-83.71954499959978, 33.63572300006623], [-83.71955999966839, 33.63573299969973], [-83.71982900018023, 33.63591299963578], [-83.72024599993173, 33.63619200032642], [-83.72035300006186, 33.636264000261406], [-83.720636999744, 33.63645400013324], [-83.72090700008073, 33.636635000010926], [-83.72112999966349, 33.6367829996324], [-83.72153800009248, 33.63705400016489], [-83.72179900020839, 33.637227999908184], [-83.72196900008771, 33.63734099970789], [-83.72202299961607, 33.6373769999505], [-83.72244399956557, 33.63765800026743], [-83.72370700031232, 33.638501000203874], [-83.72412800026179, 33.63878299977246], [-83.72416300042188, 33.63880600035427], [-83.72492199958187, 33.63931699998981], [-83.72730599988681, 33.640921000023084], [-83.7281009999301, 33.6414560003399], [-83.72818799996874, 33.64151500021606], [-83.7284519995594, 33.64169300024394], [-83.72854000032126, 33.64175299985107], [-83.72884300026996, 33.64195599965778], [-83.7297539997659, 33.64256699971339], [-83.73005800043784, 33.64277099972602], [-83.73015799999693, 33.64283899987214], [-83.73019200033212, 33.642862000118335], [-83.73045799957258, 33.64304299998816], [-83.73055899985494, 33.64311199979705], [-83.73095300004023, 33.64337699986046], [-83.73213700024596, 33.64417300025683], [-83.73253200025616, 33.64443899990802], [-83.73379199973155, 33.64526899968784], [-83.73435300032143, 33.64563899967799], [-83.73820899981389, 33.64577800016076], [-83.73971799970961, 33.64583299993471], [-83.74034399969851, 33.645851999997994], [-83.74203000004456, 33.645901999751025], [-83.74222199966519, 33.6459080003177], [-83.74284799965407, 33.64592800020937], [-83.74332399985515, 33.645942000280314], [-83.74475599975798, 33.645985000323805], [-83.74523299978397, 33.64600000022959], [-83.75237099955685, 33.646356000067854], [-83.75249500030371, 33.64636299969495], [-83.75353800004412, 33.64636699980204], [-83.75398800030591, 33.64636900022943], [-83.75487899971036, 33.6463730003363], [-83.75508899977264, 33.646374000176], [-83.75558199969215, 33.64637000006925], [-83.75828599966425, 33.64635100012023], [-83.76004599963017, 33.64745600018064], [-83.76139600041553, 33.64830500030681], [-83.76218499971274, 33.64879999967639], [-83.76455200029926, 33.650288000279026], [-83.76534099959648, 33.65078399999812], [-83.76759400038019, 33.652199000171585], [-83.77033199978916, 33.65391899996367], [-83.77436100043231, 33.656433999970574], [-83.77661900034057, 33.657843999940404], [-83.77676499993045, 33.65793500010039], [-83.77698400021357, 33.658072000011856], [-83.77720299959834, 33.6582089997052], [-83.77734999991145, 33.65830099992808], [-83.77743799977499, 33.65835599992494], [-83.77806899978675, 33.658749999921305], [-83.77813400008408, 33.658789999713754], [-83.7782129997268, 33.65884000017592], [-83.7804799998559, 33.66026900022077], [-83.78123499971622, 33.6607449998062], [-83.78126300020362, 33.66076200022335], [-83.78149699965705, 33.66090899981998], [-83.78183499976585, 33.66112300015205], [-83.78219999963883, 33.66135299983856], [-83.78243499981546, 33.66150100033255], [-83.78353100015765, 33.66219099974994], [-83.7856829997607, 33.66354799998127], [-83.7868290003316, 33.66425000024936], [-83.78793399999628, 33.664926999702026], [-83.78795800028573, 33.664942000044775], [-83.78848800001515, 33.6652720001954], [-83.79015000007175, 33.66630999967484], [-83.79070499991555, 33.666656000207006], [-83.79203700025927, 33.66748699989883], [-83.79603500004194, 33.66998099971358], [-83.79731899980678, 33.67078300034478], [-83.79737300023346, 33.670802000132944], [-83.79755700035648, 33.67093100031508], [-83.79762699977836, 33.67097399983436], [-83.79783699984064, 33.67110500035854], [-83.79790700016085, 33.67114900009031], [-83.79793399992502, 33.67116599994669], [-83.79801799959061, 33.671217999794315], [-83.79804600007802, 33.67123599993548], [-83.79848000044629, 33.67150699965412], [-83.79967299997452, 33.67225199963873], [-83.79978400030261, 33.67232099995303], [-83.80021899959748, 33.67259300027343], [-83.80094400021889, 33.67304999966363], [-83.80203399981495, 33.673736000310925], [-83.80312199976122, 33.67442099971005], [-83.80384800020754, 33.674877999852214], [-83.80387699962154, 33.674895999974936], [-83.80392500020042, 33.674926000171155], [-83.80396700003323, 33.67495300033877], [-83.80399700017045, 33.67497199995328], [-83.80403200033055, 33.674994000327885], [-83.8040430002012, 33.67500099986825], [-83.8040790001862, 33.6750230002355], [-83.80409099988178, 33.6750310000278], [-83.80435899967038, 33.67519899998037], [-83.80516299993451, 33.67570600010344], [-83.80525499999601, 33.675762999930356], [-83.80543200044634, 33.67587499972937], [-83.80625099988076, 33.676390000018024], [-83.80871100035371, 33.67793700001207], [-83.80953200033626, 33.67845300012604], [-83.81067899983375, 33.679168000285415], [-83.81412299959756, 33.681313000221515], [-83.81527099981828, 33.6820279997697], [-83.81528300041215, 33.6820340000596], [-83.81531000017634, 33.68204800023612], [-83.81532000022209, 33.68205399977711], [-83.81545999996416, 33.68212899998453], [-83.81556700009429, 33.68218300027273], [-83.81574199999648, 33.68227199976006], [-83.81590400037817, 33.68235999973371], [-83.81603700044758, 33.6824439996925], [-83.8162230002204, 33.68257899985478], [-83.81627799957367, 33.68262600019371], [-83.81635000044201, 33.682689000162455], [-83.8164199998639, 33.68275700015995], [-83.81647900031344, 33.68282100019637], [-83.81677499969113, 33.68300799995981], [-83.81766299962085, 33.68356999995437], [-83.81795999972177, 33.683757999736315], [-83.81827000024148, 33.68395300016121], [-83.8192009998289, 33.68453899967314], [-83.81951200017352, 33.684734999962785], [-83.81972399988562, 33.68486799998497], [-83.82035999992026, 33.68526799969944], [-83.8205730003556, 33.68540199977807], [-83.82100600000065, 33.685674999961414], [-83.82230800020713, 33.68649600003594], [-83.82274199967709, 33.68676999985234], [-83.82329200039631, 33.68711500017402], [-83.82494199985905, 33.688151999760855], [-83.82549300040318, 33.688497999865234], [-83.82570599994018, 33.68863100004458], [-83.82634500034787, 33.68903300036955], [-83.8265579998849, 33.68916699981084], [-83.82657899980128, 33.68918000023084], [-83.82694100019955, 33.689408000204715], [-83.82809199989498, 33.6901319996526], [-83.82847600003454, 33.6903739996587], [-83.82870399964018, 33.69051699991955], [-83.8293880002537, 33.69094900022938], [-83.82961699968423, 33.69109300034839], [-83.82983799961718, 33.69123099983116], [-83.83050100031431, 33.691648000122676], [-83.83072200024725, 33.69178700026852], [-83.8309370003324, 33.69192099990049], [-83.83158199968956, 33.69232599994447], [-83.83179699977471, 33.692461000282414], [-83.83197500004995, 33.69257199995298], [-83.83250899997732, 33.692905000346606], [-83.83268700025256, 33.69301700023612], [-83.83271300019183, 33.69303300020841], [-83.8337030002288, 33.69365000027799], [-83.8367519999824, 33.69555100011132], [-83.83776899978353, 33.69618500017964], [-83.83892100020222, 33.696899000083256], [-83.83952299990166, 33.69727299997824], [-83.8423699999889, 33.69905799964089], [-83.84351999985944, 33.69977900009746], [-83.84467599957775, 33.70050400031388], [-83.84814700000406, 33.70267900012521], [-83.84930400044558, 33.703403999782275], [-83.84960400002124, 33.703592000269346], [-83.85050600019467, 33.704156999924436], [-83.85080699959524, 33.70434600017138], [-83.85091399972535, 33.70441199964955], [-83.85123500011572, 33.70461299975209], [-83.85134200024585, 33.70467999968177], [-83.85144000015512, 33.70474100010772], [-83.8517349997079, 33.70492600019111], [-83.85183400034042, 33.704988000348095], [-83.85297199961708, 33.7057009996838], [-83.856386000142, 33.70784100016358], [-83.85752400031694, 33.70855500034057], [-83.85765300018838, 33.70863599976595], [-83.85803999980266, 33.708878999825664], [-83.8581689996741, 33.70896100029954], [-83.85850900033104, 33.70917399999814], [-83.85953000033014, 33.70981299966074], [-83.8598499999973, 33.71001299998035], [-83.8598709999137, 33.71002600023532], [-83.85991500029462, 33.71005399968567], [-83.86004900018891, 33.7101380002238], [-83.86009400039475, 33.71016599963765], [-83.86022099971804, 33.710245000096336], [-83.86060200038287, 33.71048399997273], [-83.86072899970617, 33.710563999979776], [-83.86161499998605, 33.71111900026508], [-83.86427600030045, 33.71278699996743], [-83.86457900024917, 33.71297699971744], [-83.86516300040525, 33.71334299989164], [-83.86526399978928, 33.71340599975807], [-83.86556900028611, 33.71359700018571], [-83.86567100039336, 33.713660999670616], [-83.8669119996022, 33.71443899968211], [-83.87032299975404, 33.71657599980503], [-83.87063900012153, 33.71677099972755], [-83.87188600007644, 33.71754299990156], [-83.87249100014894, 33.71791800007888], [-83.87430600036643, 33.71904299974947], [-83.87491100043891, 33.71941899983727], [-83.87516699963363, 33.719577999830115], [-83.87593800028581, 33.720055000283125], [-83.8761630004167, 33.72019499977198], [-83.87619500020375, 33.7202150003208], [-83.87670400001679, 33.720530000130566], [-83.87823200017908, 33.721477000271065], [-83.87874199981701, 33.72179299964305], [-83.87907999992582, 33.72200200006166], [-83.88009599990205, 33.7226320003538], [-83.88043499983577, 33.72284199992182], [-83.88045400010233, 33.722854000031], [-83.88098499965668, 33.723181999627364], [-83.88263800039076, 33.724205000169725], [-83.8831890000366, 33.72454600013154], [-83.88333200015173, 33.72463499981976], [-83.88387500029994, 33.72497000003502], [-83.8859349998415, 33.72624399994293], [-83.88662199992974, 33.72666900007701], [-83.88813300037361, 33.727606999959924], [-83.89261200038024, 33.73038100002399], [-83.89350199995977, 33.73092899974161], [-83.89357599957962, 33.73097500017492], [-83.89362199961037, 33.731003999867], [-83.8936519997476, 33.73102299978875], [-83.89367299966399, 33.731035999850704], [-83.89373600031152, 33.7310750000249], [-83.89375800005281, 33.73108899968077], [-83.89424400029964, 33.73138899997664], [-83.89570299996663, 33.7322920000582], [-83.89619000003835, 33.73259300021489], [-83.89768899988836, 33.733521000125364], [-83.90116899963718, 33.735675999667336], [-83.90218399978849, 33.73631399975041], [-83.90367799961561, 33.73725400009196], [-83.90372299982145, 33.737282000373305], [-83.90398099956431, 33.737444000220975], [-83.90489199995855, 33.73801699963461], [-83.90519599973219, 33.73820799983377], [-83.9054090001675, 33.73834200024764], [-83.90604799967686, 33.73874400023339], [-83.90626199993713, 33.73887900006809], [-83.90635800019659, 33.738938999843455], [-83.90732499976902, 33.73954799978258], [-83.9090270000086, 33.74061999990983], [-83.91052300038386, 33.74154400023462], [-83.91141100031355, 33.7420920003656], [-83.91159299988844, 33.74220400034862], [-83.91162600039871, 33.742224000250175], [-83.91170000001856, 33.74226899963808], [-83.91179899975275, 33.742330999718924], [-83.91192199977641, 33.74240699980503], [-83.91199700011948, 33.74245300006034], [-83.91200600034033, 33.74246599988443], [-83.91203499975431, 33.74247700002133], [-83.91204499980006, 33.74248299982379], [-83.91211000009739, 33.74252300023911], [-83.9121240003411, 33.742531999937825], [-83.91230699974086, 33.74264500030742], [-83.91237299986312, 33.74268600011388], [-83.91240800002322, 33.74270700011643], [-83.9125129996052, 33.74277199977171], [-83.9125479997653, 33.74279399996568], [-83.91300200022505, 33.743075000180966], [-83.91436700018075, 33.74392099963598], [-83.91482300029031, 33.74420300008983], [-83.91480900004663, 33.74408099999669], [-83.9148149998944, 33.74387500016796], [-83.91482300029031, 33.74366799964224], [-83.9148280003132, 33.74330200029405], [-83.91487199979582, 33.74310300005625], [-83.91495299998667, 33.74291299976249], [-83.91514299995747, 33.74264599977458], [-83.91515499965304, 33.742634999659344], [-83.91519099963804, 33.742604999948995], [-83.91520400005685, 33.74259500004325], [-83.91525900030841, 33.7425489998641], [-83.91543599986042, 33.7424309997789], [-83.9155680001049, 33.74234799968504], [-83.9156109997626, 33.742286000363485], [-83.91560699956463, 33.74215399982739], [-83.91558599964824, 33.74203700016703], [-83.91542800036282, 33.74186699973766], [-83.91534100032418, 33.741703999800514], [-83.91527199982889, 33.74157400031605], [-83.91525099991249, 33.7414750002317], [-83.9152090000797, 33.74138700030981], [-83.91514299995747, 33.74128500006663], [-83.91504900024613, 33.74116900019935], [-83.91500200039047, 33.74109500022777], [-83.91496499968223, 33.74099699982397], [-83.91496499968223, 33.74085099999043], [-83.91500999988808, 33.74068100019853], [-83.91502499995669, 33.74046400002739], [-83.91501900010891, 33.74028500028201], [-83.91509299972874, 33.74014199996664], [-83.91516300004895, 33.73985099962831], [-83.91514299995747, 33.73960600008491], [-83.91514899980525, 33.73943700031827], [-83.91517899994247, 33.73932799972196], [-83.91522099977527, 33.739236999823945], [-83.9153980002256, 33.73913900028552], [-83.91554100034072, 33.73905100020818], [-83.91563900025001, 33.738949999685644], [-83.91571899971764, 33.73881099967438], [-83.91574499965691, 33.738738000169405], [-83.91574600038014, 33.73861500025924], [-83.91577599961906, 33.7385630001106], [-83.91580499993137, 33.738515000232724], [-83.9158910001451, 33.73840900000259], [-83.91626000021603, 33.73798600028188], [-83.91642199969944, 33.73776599995053], [-83.91652499963159, 33.737649999806735], [-83.9166030003477, 33.73761600025008], [-83.91665600005115, 33.73760599976267], [-83.91672600037136, 33.73759400022216], [-83.91690600029641, 33.73757099991527], [-83.91702900032007, 33.7375489998758], [-83.91706600012998, 33.737528000104525], [-83.91718900015363, 33.73746000013395], [-83.91729200008578, 33.73737799998794], [-83.91744199987363, 33.737258999982764], [-83.91748500042962, 33.73720199986534], [-83.91752700026242, 33.73710600005376], [-83.91752300006448, 33.73707799971496], [-83.91751800004161, 33.737026999661346], [-83.91751600039179, 33.73694699966258], [-83.91749499957707, 33.73683200018743], [-83.9173699999036, 33.736543999935385], [-83.91733599956841, 33.73646400023327], [-83.91728600023801, 33.73631399975041], [-83.91725899957551, 33.7361970003422], [-83.91723699983422, 33.73605599977066], [-83.91726199994858, 33.73596200000792], [-83.91731899984995, 33.735813999982064], [-83.91739300036812, 33.735648000355894], [-83.91740099986573, 33.73556499967534], [-83.91739699966777, 33.73530199967978], [-83.91739400019304, 33.73502400031052], [-83.91740599988862, 33.7348729999935], [-83.91736200040599, 33.73475400024902], [-83.9173139998271, 33.734642000250844], [-83.91728200004005, 33.73437899966711], [-83.91728899971274, 33.73425600023088], [-83.91730299995645, 33.734161999990164], [-83.91726600014653, 33.73406399988388], [-83.91711999965834, 33.73391699988814], [-83.91707799982555, 33.73384200006768], [-83.9170469998634, 33.73375399978639], [-83.9170390003658, 33.73367899982346], [-83.91706399958184, 33.73359800011859], [-83.91705500025932, 33.73348999989513], [-83.91699900018283, 33.733349999679774], [-83.91686799976326, 33.73313599986965], [-83.91680699966388, 33.733000999962734], [-83.91675200031062, 33.73285699987777], [-83.91666299972384, 33.73240200021551], [-83.91652999965446, 33.731984000212144], [-83.91621900020816, 33.7314469998182], [-83.91610700005516, 33.731280999961065], [-83.91605799965136, 33.73117800005479], [-83.91606699987219, 33.731103000081475], [-83.91608699996368, 33.73102699969306], [-83.91615499973572, 33.73089299980762], [-83.91628000030752, 33.730758999712876], [-83.91664099998255, 33.730411000273605], [-83.91672800002118, 33.73033399966172], [-83.9168140002349, 33.73020499974306], [-83.91698199956608, 33.729851999976226], [-83.91703199979479, 33.729658000250154], [-83.9171099996126, 33.72945099978528], [-83.9171449997727, 33.729341999949796], [-83.91716599968909, 33.72929899975043], [-83.91723699983422, 33.72920799967445], [-83.91734499978924, 33.72909300028601], [-83.91747100018593, 33.72896700036985], [-83.91758499998875, 33.728833000256074], [-83.91764299971507, 33.72873700004587], [-83.91772700027897, 33.728547000060395], [-83.91778300035547, 33.728366999725445], [-83.91785000030262, 33.72820000025173], [-83.91800000009044, 33.72795399992496], [-83.91817599981755, 33.727652999932594], [-83.91832399995555, 33.72737200000709], [-83.91835900011566, 33.72725800004612], [-83.91838000003204, 33.727111000344856], [-83.91838199968187, 33.7270979996883], [-83.91838599987983, 33.72687599978101], [-83.91837800038222, 33.726626999686395], [-83.91842299968975, 33.72648500017012], [-83.91845700002493, 33.72631399989883], [-83.91847999959116, 33.72614399969345], [-83.91850999972839, 33.72605900021159], [-83.91853400001783, 33.72574500018284], [-83.91850700025365, 33.725618999834104], [-83.91848499961402, 33.72548699980395], [-83.91841099999418, 33.72529099983755], [-83.9183340000013, 33.72517500001248], [-83.91824899961247, 33.724988999798384], [-83.91825199998553, 33.72491399964621], [-83.91829899984118, 33.72479500028639], [-83.91832899997841, 33.72469999971843], [-83.91831999975759, 33.72441800015786], [-83.91834999989482, 33.72432799981698], [-83.91842600006281, 33.72423600001846], [-83.91853499984275, 33.724116000035636], [-83.91859299956906, 33.724016000295364], [-83.9186300002773, 33.723934999688105], [-83.91869800004936, 33.72376400031358], [-83.91866100023944, 33.72352400035467], [-83.91862500025442, 33.72344000021056], [-83.91864199997288, 33.723302999861346], [-83.91852899999496, 33.72314499973793], [-83.91848499961402, 33.72301900005523], [-83.91844600015428, 33.722841000223966], [-83.91842299968975, 33.72247000018662], [-83.91841600001706, 33.722286000243884], [-83.91838500005491, 33.72218399970779], [-83.9183130000849, 33.72206800016679], [-83.91823500026709, 33.72195500034078], [-83.918123999939, 33.72179400010029], [-83.91811800009123, 33.72168699967601], [-83.9181230001141, 33.721556999749126], [-83.91809200015194, 33.72145100023784], [-83.91796900012831, 33.72112300000448], [-83.91783199986095, 33.720936999975926], [-83.91735800020803, 33.72060099998733], [-83.9172150000929, 33.72048499980153], [-83.9171720004352, 33.72040299987189], [-83.91710499958972, 33.72033199985135], [-83.91703000014496, 33.720268000108746], [-83.9168920000527, 33.72012899972115], [-83.91682799958028, 33.72005699974372], [-83.91677099967889, 33.719980000302925], [-83.91672100034849, 33.71990000010236], [-83.91667799979247, 33.71981800036114], [-83.91664400035559, 33.71973200011097], [-83.91657900005826, 33.719659999800584], [-83.91649899969232, 33.71959999999387], [-83.91612299994868, 33.719423000282454], [-83.91602800041244, 33.71938100008206], [-83.9159410003738, 33.7193279997465], [-83.91586500020583, 33.7192640000026], [-83.9158009997334, 33.71919200004684], [-83.91574999967978, 33.71911300034765], [-83.9155749997776, 33.718885000004114], [-83.91551399967824, 33.718811000240926], [-83.91546599999765, 33.718729999952465], [-83.91542900018773, 33.71864600034747], [-83.91540099970032, 33.71855899992271], [-83.9153839999819, 33.71846999991228], [-83.91537599958598, 33.718380000059824], [-83.91537599958598, 33.718290000112965], [-83.91538499980679, 33.71820000007174], [-83.91540300024846, 33.718110999689145], [-83.91542900018773, 33.71802400021665], [-83.91546400034784, 33.71793900016594], [-83.91552799992193, 33.71782000010298], [-83.91559800024214, 33.71768800003484], [-83.91561300031076, 33.71766999990792], [-83.91566799966401, 33.717599999627595], [-83.91572000044087, 33.717520999957834], [-83.91584000009145, 33.717371999749155], [-83.91590600021371, 33.7173010002107], [-83.91605099997867, 33.71716699981674], [-83.91613499964426, 33.71711100031501], [-83.91622699970576, 33.71706299964559], [-83.91632499961504, 33.71702600010759], [-83.91643099992027, 33.717010000120666], [-83.91652800000462, 33.71697200004635], [-83.9166100000204, 33.71691300036961], [-83.91667100011976, 33.716840000168865], [-83.9167079999297, 33.7167549996931], [-83.91671499960238, 33.71666500028443], [-83.9167079999297, 33.71657599980503], [-83.91668399964024, 33.71648799975239], [-83.91664600000541, 33.71640400019543], [-83.91642300042265, 33.71609500034408], [-83.91624699979724, 33.71586799998415], [-83.91617800020028, 33.71579900025619], [-83.91609899965924, 33.71573800021219], [-83.91601099979569, 33.71568599965055], [-83.91591600025944, 33.715643000081926], [-83.91571399969476, 33.71558100014474], [-83.91548199989118, 33.71549699970043], [-83.91488000019173, 33.71516499998658], [-83.91431299975407, 33.714737000306904], [-83.91418499970754, 33.71457299985028], [-83.91421499984479, 33.71417999989627], [-83.91422499989052, 33.71395900000658], [-83.91425000000488, 33.71370900000021], [-83.91426800044655, 33.713571999813574], [-83.91425300037793, 33.713539000237695], [-83.91424300033219, 33.713501999928305], [-83.91411299973754, 33.71333499992899], [-83.91403400009482, 33.713282000344556], [-83.91390000020051, 33.71318999991672], [-83.91372899959798, 33.71313700024275], [-83.91355799989375, 33.71307099999684], [-83.91341499977861, 33.713007000072196], [-83.91334500035673, 33.71297699971744], [-83.91328000005942, 33.71288899971246], [-83.9132440000744, 33.712808999629644], [-83.91322900000578, 33.71269700013572], [-83.91324700044744, 33.712583000113895], [-83.9132659998157, 33.71250299974599], [-83.91330599999867, 33.71244300016842], [-83.91349900034251, 33.712206999978484], [-83.91377499962874, 33.711927000127744], [-83.91394899970601, 33.711743000006315], [-83.91405900020916, 33.71165600005934], [-83.91410600006485, 33.71157899980945], [-83.91423300028644, 33.711340999823214], [-83.91429699986055, 33.71113700027081], [-83.91430400043157, 33.711128000268445], [-83.91430500025646, 33.71111000026076], [-83.91432500034796, 33.711046000369116], [-83.91446400026511, 33.710825999723944], [-83.91457700024303, 33.71067699985337], [-83.91475299997012, 33.710536999789575], [-83.91496899988019, 33.71044299972543], [-83.9151530000032, 33.71038499988893], [-83.91534899982177, 33.71033299982182], [-83.91553499959463, 33.710313999803766], [-83.9158350000686, 33.71035000014899], [-83.91592999960483, 33.71033299982182], [-83.91600199957486, 33.710293999937605], [-83.91609500035959, 33.71021199998926], [-83.91650100024044, 33.70951900004163], [-83.91695399997698, 33.70894100011824], [-83.91738900017017, 33.70844600012603], [-83.91748799990438, 33.70836899998707], [-83.91759300038467, 33.70831899992777], [-83.91770600036259, 33.70830700002881], [-83.91781299959439, 33.708308999763], [-83.9179540000597, 33.708329000091425], [-83.91811999974105, 33.708386999821926], [-83.91863600012508, 33.70882999992433], [-83.91872700036167, 33.70887000033388], [-83.91883000029384, 33.70889599969337], [-83.91894900011954, 33.70891199969771], [-83.91910099955717, 33.70890800025738], [-83.91927499963444, 33.70889499983312], [-83.91938099993966, 33.70886899972604], [-83.91946499960525, 33.70886199995453], [-83.91957799958317, 33.708872999915485], [-83.91966399979688, 33.70889999988156], [-83.9197630004294, 33.70896899992239], [-83.91983299985127, 33.70904700012918], [-83.91986999966122, 33.70914499965625], [-83.91990200034655, 33.70925299987485], [-83.91994400017936, 33.70933699970189], [-83.92002700002004, 33.709452000150264], [-83.92009700034022, 33.709530999771296], [-83.92019500024954, 33.709599000200335], [-83.92038500022032, 33.709716999849995], [-83.92059100008464, 33.70982000010197], [-83.92068899999394, 33.709879000168904], [-83.92087300011697, 33.70997399995082], [-83.9212560004316, 33.710134000093284], [-83.92155799965708, 33.71025900016062], [-83.92166099958924, 33.7103079999939], [-83.92182200014604, 33.71040300004852], [-83.92206499982028, 33.71058600021151], [-83.92234199982971, 33.71078200012511], [-83.92241200014992, 33.71085500024546], [-83.92259600027292, 33.71096399964428], [-83.9227910002666, 33.71106799973009], [-83.92291599994007, 33.711099999673706], [-83.92304800018455, 33.7111489997744], [-83.92325700042191, 33.71118099968782], [-83.92346599976098, 33.71119500034674], [-83.92364599968604, 33.711182000268685], [-83.92390400032721, 33.711156999940705], [-83.92410599999359, 33.711124000184036], [-83.92426699965206, 33.71104899987471], [-83.92435500041393, 33.7109930001192], [-83.92505400019775, 33.71051500029256], [-83.9251350003886, 33.71040700016652], [-83.92514200006129, 33.71039099969342], [-83.92523999997057, 33.71018299999788], [-83.92525900023716, 33.71006100010731], [-83.92525300038938, 33.70995999984012], [-83.92524499999345, 33.70980900026237], [-83.92524300034364, 33.709774000287666], [-83.92524199962041, 33.70974500014838], [-83.92523499994772, 33.709670999980524], [-83.92523300029788, 33.70963699980126], [-83.92521200038149, 33.70952499990667], [-83.9251499995589, 33.70935199976909], [-83.92501999986256, 33.70915700018547], [-83.92485900020408, 33.70889800016113], [-83.92470900041624, 33.70862800011214], [-83.92463499989809, 33.7084560002749], [-83.92461399998169, 33.708329000091425], [-83.92459700026326, 33.70816900032259], [-83.9245930000653, 33.70803800023392], [-83.92460399993594, 33.70786799970679], [-83.9247129997159, 33.70742699962807], [-83.92480899997537, 33.70725999977145], [-83.9248890003413, 33.70715000027467], [-83.92500999981682, 33.70704400016434], [-83.92514100023637, 33.7069209996679], [-83.92525199966614, 33.706871000260236], [-83.92534000042802, 33.70681200036878], [-83.92542699956833, 33.70671100001717], [-83.92548900039093, 33.70656400025508], [-83.92552299982779, 33.706393999799594], [-83.92551699998002, 33.70622899995893], [-83.92546599992639, 33.70603200022314], [-83.92539200030654, 33.705855000192734], [-83.92526599990985, 33.705641999735974], [-83.92511899959676, 33.7054450001485], [-83.92494899971744, 33.70526100033811], [-83.92451199987444, 33.70481400013166], [-83.92434100017022, 33.70459699969426], [-83.92417399976563, 33.70433299980391], [-83.92391099999992, 33.703888999755115], [-83.92388599988554, 33.70380499983106], [-83.92387699966473, 33.703697000235074], [-83.92387900021286, 33.703263999820095], [-83.92388099986267, 33.70321399977832], [-83.92388300041083, 33.70313299972359], [-83.92389099990842, 33.70285100032125], [-83.92388400023572, 33.70263400015615], [-83.92384999990054, 33.702474000241224], [-83.92378499960321, 33.702220999870335], [-83.9236709998004, 33.702015999640736], [-83.92355699999757, 33.701792000008005], [-83.92350699976886, 33.701650999716136], [-83.92347300033198, 33.701484999786096], [-83.92343700034698, 33.701400999753325], [-83.92330199972946, 33.70124299968267], [-83.9232070001932, 33.701099000131414], [-83.92309900023818, 33.70092199965168], [-83.92304200033676, 33.70072499970224], [-83.92302899991797, 33.70050800014554], [-83.92310400026103, 33.700223999677235], [-83.92313400039828, 33.70006900032037], [-83.92314600009384, 33.69994600029895], [-83.92311799960642, 33.69977700016469], [-83.92308699964428, 33.699513999630554], [-83.92298299988722, 33.6991240001924], [-83.92293000018377, 33.698895999838776], [-83.92288800035098, 33.69861399998049], [-83.92280899980994, 33.69826600027883], [-83.92273000016722, 33.69794800029822], [-83.92269300035731, 33.697835000120406], [-83.92256699996062, 33.6976140000243], [-83.92239299988334, 33.697287999910095], [-83.92220499956237, 33.696914000080405], [-83.92185200028327, 33.69631799967345], [-83.92158799979431, 33.69582600022028], [-83.92126499975413, 33.695276999888314], [-83.92098500026995, 33.694834000145505], [-83.92085700022342, 33.69460100023308], [-83.92077799968241, 33.69442299979094], [-83.92074300042061, 33.69434499975814], [-83.920644999613, 33.69410299972314], [-83.92058000021399, 33.69352099980117], [-83.9205459998788, 33.69316800018312], [-83.92057500019114, 33.69287999993088], [-83.92055099990168, 33.69215100018732], [-83.92054800042693, 33.69189900012026], [-83.92053300035833, 33.69179099975855], [-83.92050099967297, 33.691689000371895], [-83.92037500017459, 33.691456000153735], [-83.92007899989858, 33.691103000275014], [-83.91956300041286, 33.69074800029823], [-83.91914800031115, 33.69047100023268], [-83.91870999974492, 33.690198000333396], [-83.91851399992635, 33.6900430000813], [-83.9182229996732, 33.6897770001496], [-83.91817499999263, 33.68969299988216], [-83.9181440000305, 33.68961399995609], [-83.9181230001141, 33.689489999831096], [-83.91814099965745, 33.689357000233606], [-83.91816999996976, 33.6892200000733], [-83.91823799974182, 33.68904399987971], [-83.9183270003286, 33.68885899997996], [-83.91904100018104, 33.68814499979622], [-83.91917699972515, 33.68802199989746], [-83.91924799987027, 33.68793000007075], [-83.91929399990103, 33.68779299987824], [-83.9193619996731, 33.68765500010732], [-83.91938699978745, 33.687540999739504], [-83.91942699997041, 33.68741299992001], [-83.91950700033637, 33.68727500028645], [-83.91968899991123, 33.687029000065216], [-83.91974099978977, 33.686953000279914], [-83.91978699982052, 33.686887000097094], [-83.91988999975268, 33.68661099966696], [-83.91994599982918, 33.686431000371414], [-83.91999100003503, 33.686250999951426], [-83.92004200008866, 33.686098999685264], [-83.920059999632, 33.686058999885326], [-83.92010999986071, 33.685956000296], [-83.92022200001371, 33.68577000034754], [-83.92040100011386, 33.68557699982289], [-83.92050499987093, 33.68548099983814], [-83.92067200027549, 33.685411000233316], [-83.92078899955307, 33.68539400020322], [-83.92090200042927, 33.68540500017907], [-83.92142499958769, 33.6855199997748], [-83.92163999967283, 33.6855529996499], [-83.92189300029113, 33.68555800030939], [-83.92202200016257, 33.68554600022105], [-83.92214000016337, 33.6855199997748], [-83.92226700038496, 33.68546000003742], [-83.92237199996694, 33.68537800030372], [-83.92247400007419, 33.68524300005213], [-83.92247999992198, 33.68523200005549], [-83.92257600018145, 33.68508600030679], [-83.92262700023508, 33.68495299987446], [-83.92263300008285, 33.68479199978392], [-83.92260399977053, 33.68458099971944], [-83.92258299985414, 33.68432000006023], [-83.92253400034865, 33.683852999998585], [-83.92253000015069, 33.683739999973795], [-83.92256699996062, 33.68365400022588], [-83.92272400031945, 33.68346700037269], [-83.92293699985647, 33.68327399990974], [-83.92307800032178, 33.68312899998566], [-83.92314799974366, 33.683033000257105], [-83.92319499959933, 33.68291899973938], [-83.92320200017035, 33.68278699985589], [-83.92318000042903, 33.68265599993543], [-83.92279799993929, 33.682161000242424], [-83.92269599983204, 33.682049999833986], [-83.92261100034155, 33.681958000343094], [-83.92251599990698, 33.68182900025743], [-83.92248400011994, 33.68171199985586], [-83.92247499989911, 33.68160900029053], [-83.9224890001428, 33.68153300019836], [-83.92252400030291, 33.68145599985935], [-83.92258000037941, 33.681396999708305], [-83.92269099980918, 33.68135199980658], [-83.92270800042593, 33.68134799983079], [-83.92278100022085, 33.681334999721294], [-83.92292699981074, 33.681337000083275], [-83.92308599981939, 33.68136600009416], [-83.92323899998026, 33.6814000002491], [-83.92336799985169, 33.68138700014746], [-83.92348500002757, 33.68134699964994], [-83.92356200002045, 33.68130900024392], [-83.92363499981538, 33.68127299968957], [-83.92380200021996, 33.68122600010595], [-83.92389799958111, 33.68120799981328], [-83.92394799980983, 33.68119899966556], [-83.9241219998871, 33.68119499968262], [-83.92426800037528, 33.681178000313814], [-83.92440800011737, 33.68115099985835], [-83.92449099995805, 33.68110599982786], [-83.92458300001954, 33.68100499990621], [-83.92462999987521, 33.68088699969209], [-83.92464199957078, 33.680754000238544], [-83.92462900005029, 33.680702000176986], [-83.92461599963151, 33.68064700026463], [-83.92453799981371, 33.680517000263805], [-83.92448000008739, 33.68045700002469], [-83.92447800043756, 33.680396000299254], [-83.92442200036106, 33.68023200006305], [-83.92428099989576, 33.68005200011831], [-83.92401300010715, 33.67981400025238], [-83.92381800011349, 33.67963000012434], [-83.92376899970968, 33.67958399984392], [-83.92365900010483, 33.67949700022132], [-83.92336799985169, 33.679366999976736], [-83.92322899993452, 33.67925800010899], [-83.92316299981228, 33.679156000052686], [-83.9230950000402, 33.67897399968095], [-83.92307400012382, 33.67885200032506], [-83.92310900028392, 33.67870699967065], [-83.92322599956147, 33.678360999776274], [-83.923285000011, 33.67809100019641], [-83.92337399969946, 33.67772699979185], [-83.92341300005754, 33.67739799981117], [-83.92341399988244, 33.6770150003042], [-83.92340999968448, 33.676953000147506], [-83.92340899985957, 33.67692800032487], [-83.92336299982883, 33.676730999943125], [-83.92329300040693, 33.676507000186355], [-83.92324999985091, 33.67639499971536], [-83.92336600020187, 33.67637699990643], [-83.92335600015612, 33.67633100012831], [-83.923353999608, 33.67626999971836], [-83.9233479997602, 33.67620900001263], [-83.92334399956225, 33.676136999850854], [-83.92335100013324, 33.676039000052945], [-83.92336299982883, 33.67595700030402], [-83.92337100022475, 33.67586899975717], [-83.92337700007252, 33.675771999899595], [-83.92338600029336, 33.67569100014272], [-83.92339299996603, 33.67559400008431], [-83.92343200032411, 33.675543999641526], [-83.92343700034698, 33.675483000168384], [-83.92342800012615, 33.67542600015585], [-83.92350299957091, 33.675206999756334], [-83.92354799977676, 33.67506100017692], [-83.92357399971601, 33.67499600008986], [-83.92360100037851, 33.67491800036903], [-83.92361800009694, 33.67484700013036], [-83.9236220002949, 33.67481299962677], [-83.92362399994472, 33.67479200021051], [-83.92363300016557, 33.67472000035745], [-83.92361300007407, 33.67464499966769], [-83.92357200006619, 33.67459899971064], [-83.92354399957878, 33.67454900018449], [-83.9234950000733, 33.674511000016764], [-83.9234039998367, 33.67445500036863], [-83.92329300040693, 33.67435100007089], [-83.9232280001096, 33.67426100034426], [-83.92315399959143, 33.674207000313544], [-83.92310000006309, 33.67411900021859], [-83.9230790001467, 33.674035000349704], [-83.92307800032178, 33.67398600001453], [-83.92309099984224, 33.67385399987287], [-83.92319999962218, 33.67357599967065], [-83.92333199986669, 33.673098000255315], [-83.9234170002555, 33.672918000328046], [-83.92344700039273, 33.67280399985522], [-83.9234749999818, 33.67271599981974], [-83.923501999746, 33.672645000005865], [-83.9235729998911, 33.6724729999083], [-83.92363399999047, 33.672306000149426], [-83.92364499986111, 33.672238000109964], [-83.92365599973178, 33.672153999899], [-83.92365499990689, 33.67206099999693], [-83.92366699960243, 33.671971000116585], [-83.92368699969391, 33.67186800009635], [-83.92371600000624, 33.671797000329946], [-83.92379399982404, 33.671603000290325], [-83.92381499974043, 33.67156000033792], [-83.92383999985479, 33.671489000317244], [-83.92386400014423, 33.671426999914296], [-83.92387199964185, 33.67140899981305], [-83.92387900021286, 33.671388999862266], [-83.92390599997704, 33.67131500030305], [-83.92396500042659, 33.671117999771866], [-83.9240309996505, 33.670903000077544], [-83.92407800040449, 33.67076599966506], [-83.92410699981848, 33.67066500030722], [-83.92413699995572, 33.67062699991856], [-83.92413799978063, 33.67057600001977], [-83.92416100024515, 33.67052399978393], [-83.92417600031378, 33.67048400021377], [-83.92424599973566, 33.670288000331546], [-83.92432100007873, 33.67000700037333], [-83.92435299986579, 33.669890000332884], [-83.9244109995921, 33.669749000034344], [-83.92441999981294, 33.66965700009141], [-83.92446699966861, 33.66948699988911], [-83.92448400028533, 33.66942799974916], [-83.92451299969936, 33.66931799967165], [-83.92452699994305, 33.66921799968294], [-83.92455299988232, 33.66907100007917], [-83.92458399984446, 33.668949999708175], [-83.92465400016465, 33.668725999869764], [-83.92472899960941, 33.668498999952305], [-83.92476899979239, 33.668369000276535], [-83.92482800024194, 33.66823400023277], [-83.9248740002727, 33.668124000123505], [-83.92491500028056, 33.66798899969521], [-83.92494000039493, 33.667882999874955], [-83.92497200018198, 33.66775899980659], [-83.92498399987754, 33.66765900024832], [-83.92501099964171, 33.66753699979245], [-83.92508400033499, 33.6673290002831], [-83.92511399957388, 33.66722399999465], [-83.92513100019063, 33.66714299966321], [-83.92517300002342, 33.66695999968584], [-83.92521800022928, 33.66680599975457], [-83.92526000006208, 33.66665699981109], [-83.92528799965116, 33.66657599969338], [-83.92538999975841, 33.666301999818934], [-83.92541200039804, 33.66621599982574], [-83.9254459998349, 33.6660839997211], [-83.92547299959908, 33.66595899969018], [-83.92549799971344, 33.66585000002335], [-83.9255220000029, 33.66575599967158], [-83.92554399974419, 33.665673999837665], [-83.92556200018586, 33.6656059997884], [-83.92558899995005, 33.66551300028272], [-83.92557800007938, 33.66532500023533], [-83.9256209997371, 33.665116000241206], [-83.9256910000573, 33.66483699983334], [-83.92575700017953, 33.664622999767495], [-83.92584599986799, 33.66443799965541], [-83.92597499973942, 33.66424200020189], [-83.92646799965893, 33.66367200013848], [-83.92670000036082, 33.66336499983285], [-83.92672999959974, 33.66332000021473], [-83.92700499995935, 33.66291500034947], [-83.92727799977082, 33.66264300007863], [-83.92737999987807, 33.662523000037645], [-83.92749200003107, 33.66233199972687], [-83.92770899976604, 33.66209600022905], [-83.92793700026999, 33.66181100028941], [-83.92799900019428, 33.661734999896815], [-83.92803400035437, 33.66169299990688], [-83.92804299967689, 33.6616799998168], [-83.92810899979914, 33.66159500009978], [-83.92844299970997, 33.66116199992111], [-83.92892899995678, 33.66051200021566], [-83.92904699995756, 33.660353000075055], [-83.92935800030217, 33.65989999999625], [-83.92958699973272, 33.6595440000994], [-83.92971599960416, 33.65934599983855], [-83.92992099964356, 33.658894000134], [-83.92998299956784, 33.65858900011989], [-83.9300429998423, 33.65835199962725], [-83.93004899969009, 33.65821000015516], [-83.93010599959149, 33.65806299968599], [-83.93021299972162, 33.65771199970163], [-83.93023600018616, 33.65741599963094], [-83.93021500026975, 33.65729500006415], [-83.93015599982022, 33.657203000261184], [-83.93011099961436, 33.65707200025004], [-83.9300989999188, 33.65705499985151], [-83.93003299979657, 33.65689500033483], [-83.9300069998573, 33.656798000015684], [-83.9299940003368, 33.65675000004857], [-83.92999099996378, 33.65665100012528], [-83.9300140004283, 33.656514000194676], [-83.9301130001625, 33.656271000125045], [-83.93013900010176, 33.65617000019882], [-83.93015300034548, 33.65611500030023], [-83.93012300020824, 33.65591099975751], [-83.93007399980443, 33.655888000006904], [-83.93008200020034, 33.65567600032535], [-83.93002000027609, 33.655503999946], [-83.92998099991802, 33.65537300033936], [-83.92997500007024, 33.655184999819184], [-83.93003000032182, 33.65497099967382], [-83.9300350003447, 33.65495599983581], [-83.93013800027687, 33.654686000062064], [-83.93015099979733, 33.65455899968448], [-83.93024000038412, 33.65402700004006], [-83.93029700028552, 33.65354599965452], [-83.93038099995111, 33.65322800025536], [-83.93045200009622, 33.65297899980684], [-83.93062199997553, 33.65250899999105], [-83.93072599973259, 33.65218399985044], [-83.93073999997631, 33.65214300020568], [-83.93075400022, 33.65210100002048], [-83.93086299999995, 33.65182299980866], [-83.93099699989425, 33.651617000003135], [-83.93119500026097, 33.65136100016041], [-83.93121000032959, 33.65134100003543], [-83.93123700009376, 33.65130699996197], [-83.93125399981221, 33.651279999850004], [-83.93126800005591, 33.65125899992329], [-83.93128499977435, 33.651240000305606], [-83.93131599973648, 33.65118299993194], [-83.93132800033035, 33.65116500008159], [-83.93136400031537, 33.651106999873484], [-83.93147499974513, 33.65093599987049], [-83.93149900003458, 33.65089799974063], [-83.93151199955507, 33.6508790000433], [-83.93151699957792, 33.65089399984404], [-83.93151800030117, 33.65093100018888], [-83.93152400014894, 33.65094399965958], [-83.93159699994386, 33.65086199991696], [-83.93162500043128, 33.65083200030168], [-83.93167499976168, 33.65077600019415], [-83.93286599964009, 33.64944899980496], [-83.93643999999857, 33.64546999973021], [-83.93680499987155, 33.645065000359295], [-83.93703699967513, 33.64480899972617], [-83.9376390002729, 33.64415000036081], [-83.93782500004575, 33.643945999876415], [-83.93838300026258, 33.643334999885], [-83.93856999986032, 33.64313200033823], [-83.93863199978459, 33.64306299979755], [-83.93882000010558, 33.64285600008723], [-83.93888299985477, 33.64278799995458], [-83.93889399972541, 33.642775999881565], [-83.93897200044154, 33.642688999676395], [-83.93924100005506, 33.64239300028844], [-83.93933099956841, 33.64229500019108], [-83.93969600033972, 33.64189199987722], [-83.94079500015663, 33.6406860000493], [-83.94111499982377, 33.640335000246566], [-83.94116199967944, 33.64028500025201], [-83.94155800041288, 33.63984900005611], [-83.94274900029129, 33.63854200036297], [-83.94314599995133, 33.63810700025201], [-83.94350900017449, 33.63770800029155], [-83.94459899977055, 33.63651099978865], [-83.9449460001002, 33.636130999877295], [-83.94496299981863, 33.63611299987139], [-83.94551600001257, 33.63550400032179], [-83.94717700024427, 33.63367899974211], [-83.94773100026313, 33.6330710001777], [-83.9477410003089, 33.63306000024081], [-83.94777100044611, 33.63302699967364], [-83.94778099959353, 33.633015999731136], [-83.94794200015035, 33.63283799971761], [-83.94842800039714, 33.632303999713834], [-83.94853800000202, 33.632184000005296], [-83.94855399989552, 33.63217099994581], [-83.94859200042869, 33.63212899974026], [-83.94915099957213, 33.63151499963219], [-83.95082900042055, 33.629674000007384], [-83.95137400021859, 33.629078000334715], [-83.95138900028721, 33.629060999643514], [-83.95141699987632, 33.62902799978811], [-83.95150399991493, 33.628930000188475], [-83.95153300022724, 33.62889800032558], [-83.95155499996856, 33.62887199996076], [-83.95162399956554, 33.62879500035897], [-83.95164500038025, 33.62877300013951], [-83.95165299987785, 33.62876299969794], [-83.95168100036527, 33.62873599999579], [-83.95168999968777, 33.62872700034254], [-83.9517190000001, 33.628694000359246], [-83.95181000023669, 33.628595999631635], [-83.95182199993225, 33.62858399982491], [-83.95184000037392, 33.628563999644676], [-83.95204299986518, 33.628340000151056], [-83.95227800004183, 33.628079999701264], [-83.95265299996055, 33.62766799967144], [-83.95285700017504, 33.62744500015151], [-83.95328300014741, 33.62697600013281], [-83.95343399976015, 33.62680900034218], [-83.95353400021759, 33.62669999971305], [-83.95378799976247, 33.62642199976229], [-83.95455500021667, 33.625566000221184], [-83.95497799981598, 33.62509500027177], [-83.95522399986328, 33.62482099999001], [-83.95743200044114, 33.622364999820576], [-83.95746800042616, 33.622325999679035], [-83.958900000329, 33.620731000171226], [-83.95892600026826, 33.6207019999205], [-83.9590209998045, 33.62059500007173], [-83.95930700003477, 33.6202760000136], [-83.95940300029423, 33.62016999977982], [-83.95944599995195, 33.62012000004769], [-83.95957499982337, 33.61997300036802], [-83.95959400008995, 33.6199529996849], [-83.9596190002043, 33.61992399992039], [-83.95987699994717, 33.61963699994483], [-83.96065100007405, 33.61877799983973], [-83.96090299996914, 33.61850700015726], [-83.96090899981691, 33.6184919999512], [-83.96124699992572, 33.6181150003481], [-83.96226100025213, 33.61698299969112], [-83.96260000018584, 33.61660699965672], [-83.96266499958486, 33.616533000125216], [-83.96286200012668, 33.61631400021957], [-83.96292800024891, 33.61624099987801], [-83.96299400037115, 33.61616700003231], [-83.96318000014399, 33.615961999652704], [-83.96319299966446, 33.61594699975178], [-83.96325899978669, 33.61587299965358], [-83.96362000036004, 33.61546999989421], [-83.96470300028341, 33.6142639996726], [-83.9648430000255, 33.61410900025954], [-83.96506599960827, 33.61386300030517], [-83.9653150000286, 33.613586999776004], [-83.96606400004114, 33.61276200030872], [-83.96631500011132, 33.612487000227745], [-83.96653799969407, 33.6122380001729], [-83.96699200015384, 33.611731999711296], [-83.96720700023899, 33.611494000167276], [-83.96743099964667, 33.61124599973591], [-83.9676590001506, 33.610993000331376], [-83.96784400009854, 33.6107900001214], [-83.96855799995097, 33.61000399981903], [-83.96908500020567, 33.609422000271266], [-83.96949899958413, 33.608967000259824], [-83.96953700011728, 33.60892399969062], [-83.96959599966851, 33.608860000056346], [-83.96965400029315, 33.60879500009861], [-83.9696939995778, 33.608752999720046], [-83.96975300002735, 33.6086870001526], [-83.96984199971581, 33.60859000014115], [-83.96992999957936, 33.6084910002098], [-83.9699890000289, 33.608425999973846], [-83.97052100030646, 33.60783600019497], [-83.97064400033011, 33.60769899965858], [-83.97075899995784, 33.60757100002005], [-83.97117099968648, 33.607117999808125], [-83.97152200021408, 33.60673000027594], [-83.97212100043879, 33.606070000307575], [-83.97220699975418, 33.605975000213576], [-83.97265500036617, 33.605481999997835], [-83.97289100036774, 33.60522099984261], [-83.9736000001973, 33.604439000200216], [-83.97380000021383, 33.60422099982413], [-83.97383700002376, 33.60417900021003], [-83.9738839998794, 33.60412500035545], [-83.97402699999455, 33.60396499975644], [-83.97407499967512, 33.603912000100514], [-83.97418699982813, 33.603787000331145], [-83.97452599976184, 33.60341399986439], [-83.97463899973974, 33.60328999971289], [-83.97469499981625, 33.60322699997794], [-83.97486399987064, 33.60304100002866], [-83.97489900003073, 33.603004000059265], [-83.97492099977205, 33.60298000005042], [-83.97495500010724, 33.60294100011535], [-83.97505999968922, 33.60282299985899], [-83.97509599967424, 33.60278500019859], [-83.9752270000938, 33.60263800013386], [-83.97562100027909, 33.60220000024183], [-83.97575299962526, 33.602054000282195], [-83.97589099971754, 33.60190899968299], [-83.97599000035004, 33.601795000191416], [-83.97695400044775, 33.600734999645994], [-83.97709599983963, 33.6005779998564], [-83.9771560001141, 33.60051099964465], [-83.97717600020559, 33.60048800006252], [-83.97723499975682, 33.600420999780916], [-83.9772559996732, 33.600398999799964], [-83.97738600026787, 33.60025400015899], [-83.97765499988138, 33.59995800011963], [-83.97777700008012, 33.599822999797176], [-83.97780300001938, 33.59979399999409], [-83.9779090003246, 33.59967599992071], [-83.97793199989083, 33.5996490000841], [-83.97800399986085, 33.5995670001406], [-83.97802800015027, 33.599540999904995], [-83.9783529998403, 33.59917599988528], [-83.97841700031272, 33.599102999995296], [-83.97856299990258, 33.598938000098194], [-83.9786280001999, 33.59886200032961], [-83.97867500005557, 33.59881200020902], [-83.97887000004926, 33.59858900009658], [-83.97891199988204, 33.59854099985938], [-83.97936999964143, 33.59802599995142], [-83.9794020003268, 33.597989000075], [-83.97942800026608, 33.59795800034832], [-83.97950899955862, 33.59786500035318], [-83.97953700004602, 33.5978350002368], [-83.97967500013829, 33.59768199978028], [-83.9797400004356, 33.59761100018531], [-83.98035399983061, 33.596946000182726], [-83.98055999969493, 33.59672499981862], [-83.98068899956638, 33.59658299974291], [-83.9810779997288, 33.59616000012896], [-83.98120800032345, 33.59601900029547], [-83.98171899978631, 33.59546200017471], [-83.98202299955993, 33.595114999697], [-83.9831330001458, 33.59385099997302], [-83.98351999976008, 33.59340999973456], [-83.98444799987277, 33.59238700019213], [-83.98526700020552, 33.591487000102134], [-83.9853020003656, 33.59144300006655], [-83.98534199965026, 33.591401999945084], [-83.98571400009426, 33.590988000218886], [-83.98580899963049, 33.590884000109206], [-83.98594300042312, 33.59073900018584], [-83.98622100025746, 33.59043200027677], [-83.9865059997645, 33.59011699982437], [-83.98817399966889, 33.58827199984089], [-83.98826800027852, 33.588166999683374], [-83.98855299978558, 33.58785199994079], [-83.98864800022014, 33.587747999792214], [-83.98913000026899, 33.587209999670065], [-83.98933100011044, 33.58699199989506], [-83.98960300009699, 33.586698000307976], [-83.9901029996892, 33.586157000254644], [-83.99098899996909, 33.58520199999979], [-83.99248500034435, 33.58356099993337], [-83.99344199987102, 33.58251200021863], [-83.99350399979531, 33.582444000359885], [-83.99363400038996, 33.58230100014096], [-83.99420900032523, 33.581668999648315], [-83.99440199977076, 33.581459000347664], [-83.99444000030391, 33.58141700012687], [-83.99454900008385, 33.581301000052314], [-83.99455499993162, 33.58129299978337], [-83.99459199974156, 33.581251000230125], [-83.99482799974311, 33.58097900024107], [-83.9951299998669, 33.58063299973704], [-83.99514900013348, 33.580610999947886], [-83.99516699967683, 33.580590000007916], [-83.99522299975332, 33.58052600030178], [-83.99524700004275, 33.58049899970991], [-83.99526799995915, 33.580475000174566], [-83.99533599973122, 33.580397000141794], [-83.99539900037873, 33.58032499993384], [-83.99553599974776, 33.58016699980748], [-83.99574099978719, 33.579933000159414], [-83.99577299957421, 33.57989600000668], [-83.99579699986369, 33.579868000103005], [-83.99586999965861, 33.579784000337504], [-83.99589499977296, 33.5797570002619], [-83.99632900014123, 33.57925799989377], [-83.99661199999844, 33.578933000322266], [-83.997649999716, 33.577776999884286], [-83.99797799977905, 33.57741099994074], [-83.99807700041156, 33.57729200004191], [-83.9981789996205, 33.577186000100816], [-83.99835199987287, 33.57699200021029], [-83.99844399993438, 33.57689200003474], [-83.99850400020884, 33.57682799983161], [-83.99853400034605, 33.57679600008645], [-83.99861299998878, 33.576708999877425], [-83.99885200036337, 33.576450999929015], [-83.998931999831, 33.57636500002432], [-83.9996990002852, 33.575541999796584], [-84.00018299998386, 33.57502299987899], [-84.00196399986618, 33.573040000350375], [-84.00271600025175, 33.57220399973476], [-84.00277200032826, 33.57213999979805], [-84.00294100038266, 33.57195000036143], [-84.00299800028407, 33.571887000191985], [-84.00300800032981, 33.57187599993195], [-84.00303599991891, 33.57184399984798], [-84.00312200013262, 33.5717480002733], [-84.00315100044494, 33.57171700009937], [-84.0038879998636, 33.57089499968379], [-84.00546999955426, 33.5691330001398], [-84.00608800004555, 33.56842100016496], [-84.00681299976864, 33.56758799974713], [-84.00689999980727, 33.56749299993745], [-84.00716000009827, 33.56720899989097], [-84.00724799996182, 33.56711499967508], [-84.00726399985534, 33.56709700022728], [-84.0074789999405, 33.56686100029992], [-84.00781399967626, 33.56649699976897], [-84.0081750002496, 33.566102000004555], [-84.0084070000532, 33.56584899992056], [-84.00842700014466, 33.565827000106054], [-84.00848300022119, 33.56576900009179], [-84.00862899981104, 33.56560800018371], [-84.00923300005861, 33.56495000004235], [-84.00943499972499, 33.5647310001414], [-84.00945700036459, 33.564706999964685], [-84.00952900033462, 33.564627999866026], [-84.00960700015244, 33.56453699995657], [-84.01011699979038, 33.563949000245216], [-84.0102869996697, 33.563753999750986], [-84.01032000017996, 33.563716000098594], [-84.01041899991417, 33.563602000292505], [-84.01045200042445, 33.56356399982467], [-84.01024499983689, 33.56356399982467], [-84.00962800006883, 33.56356699998044], [-84.00942200020451, 33.5635680000323], [-84.0088239998047, 33.56357100018787], [-84.00745600037428, 33.56357799980201], [-84.00703299987667, 33.56357200023975], [-84.00643600020008, 33.56356399982467], [-84.00582699992964, 33.56355700020947], [-84.00400300038964, 33.56353599986325], [-84.0033949999441, 33.56352900024571], [-84.0033720003779, 33.56352900024571], [-84.0033680001799, 33.563128000036734], [-84.00335899995909, 33.561857999928876], [-84.00335599958603, 33.56143500001], [-84.00335399993622, 33.56107600021606], [-84.00334999973826, 33.55999900011476], [-84.00334899991334, 33.5596409996891], [-84.00334899991334, 33.55961600024585], [-84.00334600043861, 33.55927100030355], [-84.00334100041573, 33.55857400000845], [-84.00333300001982, 33.55816399971747], [-84.00332600034712, 33.55779600023089], [-84.00332600034712, 33.557774999981014], [-84.00332600034712, 33.557761999930676], [-84.00332600034712, 33.55771199994927], [-84.00332700017204, 33.55769199979888], [-84.00332700017204, 33.55767299976405], [-84.00332200014917, 33.557348999905216], [-84.00330700008055, 33.55637900004436], [-84.00330299988258, 33.55605599996228], [-84.003283999616, 33.555161999950045], [-84.00327799976823, 33.55487500006765], [-84.00567100029403, 33.55488299979036], [-84.00656500007153, 33.55488699965144], [-84.00658599998793, 33.554891000260945], [-84.00699100004388, 33.55488699965144], [-84.00804700020308, 33.554890000108564], [-84.00826999978584, 33.554893999969316], [-84.00861299991752, 33.554901000286684], [-84.0086969995831, 33.55490299984252], [-84.00971400028256, 33.554921000334666], [-84.01065099971775, 33.55493900007444], [-84.01065800028877, 33.55705400028209], [-84.01066199958841, 33.558072000367105], [-84.01066199958841, 33.55810300019981], [-84.01066199958841, 33.558362999807805], [-84.01066199958841, 33.55912099989878], [-84.01066199958841, 33.55923699983538], [-84.01066199958841, 33.55952899994122], [-84.01066199958841, 33.55960299972407], [-84.01066400013656, 33.55982600028461], [-84.01066499996145, 33.55988700008253], [-84.01066499996145, 33.55990099990736], [-84.01066599978637, 33.56025900000388], [-84.01067099980925, 33.561335999857185], [-84.01067300035739, 33.561695000067445], [-84.0106759998321, 33.56250100021174], [-84.01068099985498, 33.56331199984488], [-84.01178800006781, 33.562142999677576], [-84.01224300035247, 33.56166400002683], [-84.0123429999116, 33.561558000359305], [-84.01234499956142, 33.561539999753165], [-84.01240599966079, 33.561480999777714], [-84.01259499980668, 33.56124799970925], [-84.01264900023334, 33.56118299980614], [-84.01265900027909, 33.561171999679466], [-84.01279599964813, 33.561022000330574], [-84.0132090001, 33.56057400014541], [-84.01333200012364, 33.56044199984807], [-84.01334800001717, 33.56042499984617], [-84.01360400011022, 33.560147000308824], [-84.0137659995936, 33.55997299993306], [-84.01436599964322, 33.559308999666065], [-84.01462000008644, 33.55902900007062], [-84.01477599972205, 33.558855999794716], [-84.01524500025043, 33.55833799999469], [-84.01540199971095, 33.558165999946375], [-84.0154190003277, 33.55814700001574], [-84.0155740001384, 33.55797500033567], [-84.01601400035445, 33.557491000163886], [-84.01609200017225, 33.557401999718024], [-84.01626399970138, 33.55720999978959], [-84.01629600038676, 33.55717800025909], [-84.01788899994807, 33.55538399985192], [-84.02048400014024, 33.55246699970096], [-84.02264800033717, 33.54998499987023], [-84.0229870002709, 33.54959799966548], [-84.02427900043165, 33.54822599962607], [-84.02432200008934, 33.54819000034015], [-84.02433600033305, 33.54817399965448], [-84.02438900003649, 33.54811999993877], [-84.02445000013586, 33.54804499982012], [-84.02448100009799, 33.54799299973961], [-84.02449899964135, 33.54796499997123], [-84.02451799990793, 33.54792499964467], [-84.02453799999941, 33.54788300032995], [-84.02459900009877, 33.54787300024057], [-84.02464299958139, 33.547867000336126], [-84.0247260003204, 33.547809000239965], [-84.02479499991736, 33.54773999976505], [-84.02484500014607, 33.54767200021969], [-84.02485099999386, 33.54766399982927], [-84.02485299964368, 33.54756500036429], [-84.02485299964368, 33.547552999763504], [-84.02485299964368, 33.54751700019715], [-84.02485400036691, 33.547507000065416], [-84.02488100013109, 33.547476000173724], [-84.02495399992601, 33.54739700003706], [-84.02496499979668, 33.54738399992242], [-84.02499400010899, 33.547354000226136], [-84.02509100019338, 33.54724400000307], [-84.02538300027143, 33.54691699997631], [-84.02548100018072, 33.546809999934695], [-84.02550399974695, 33.54678300002917], [-84.02551700016573, 33.54676800007803], [-84.02552899986128, 33.54675499986871], [-84.0259809997729, 33.546252000173354], [-84.02656499992901, 33.54560300016104], [-84.02733499985794, 33.54474100020038], [-84.02753099967651, 33.54452300024479], [-84.02755599979088, 33.54449500010073], [-84.02757300040763, 33.54447600015822], [-84.02758699975301, 33.544460999806624], [-84.02778599994464, 33.544238000012584], [-84.027811000059, 33.54420799997288], [-84.02785000041708, 33.54416399979598], [-84.02796699969461, 33.544033999686924], [-84.02800699987758, 33.543990999699986], [-84.0283030001536, 33.543657999894904], [-84.02919299973314, 33.54266199965259], [-84.02949099965896, 33.5423300002655], [-84.02985100040739, 33.54192699987314], [-84.03093000013281, 33.54071899971751], [-84.03129099980784, 33.540317000370614], [-84.03196000035274, 33.539580000206016], [-84.03211699981327, 33.53940800025064], [-84.03324099974454, 33.53817299973102], [-84.03350799970822, 33.537877000175385], [-84.03430899959929, 33.53699099988976], [-84.0345770002862, 33.536697000007585], [-84.03506600000775, 33.53615700000303], [-84.03653300007069, 33.53453699996735], [-84.03700099987583, 33.534022999710515], [-84.03702299961715, 33.53399899998804], [-84.03731700024333, 33.53367499971305], [-84.03787200008712, 33.5330649996859], [-84.03819699977713, 33.53270200017915], [-84.03848999968007, 33.53237899994923], [-84.03850899994666, 33.532356999848], [-84.0385619996501, 33.53229800016139], [-84.0385829995665, 33.53227500037417], [-84.03860100000817, 33.532253999912], [-84.03887800001759, 33.531945000116686], [-84.03897099990401, 33.53184300010901], [-84.03952400009798, 33.531227000324044], [-84.04118600015458, 33.529379999796234], [-84.04174000017345, 33.52876500014203], [-84.04177399961033, 33.528726000370824], [-84.04187800026573, 33.52860900020277], [-84.04191300042582, 33.528571000069306], [-84.04192500012137, 33.52855599995292], [-84.04196299975622, 33.52851200004582], [-84.04197600017501, 33.52849799962819], [-84.04199999956613, 33.52847199970237], [-84.0422439999636, 33.52819999972181], [-84.04243099956136, 33.527989999949895], [-84.04256000033112, 33.52784799988649], [-84.04290799958734, 33.527458999963294], [-84.04339200018433, 33.52692699998436], [-84.04356200006363, 33.5267459997577], [-84.04357700013225, 33.52673000034423], [-84.04374600018664, 33.52656400016976], [-84.04396200009671, 33.52635400016927], [-84.04420999979384, 33.526114000079126], [-84.04422700041059, 33.52609600032633], [-84.04428099993893, 33.526043999771325], [-84.04429900038062, 33.52602699974154], [-84.04437100035062, 33.5259570001122], [-84.04438499969602, 33.52594399976827], [-84.04449299965104, 33.525776000101935], [-84.04450799971967, 33.5256980000924], [-84.04454100022993, 33.5255679999202], [-84.04455399975042, 33.525521999754844], [-84.04461099965182, 33.525348000047686], [-84.04464599981192, 33.52526299993003], [-84.04468199979694, 33.52519299968228], [-84.04473299985057, 33.525097999683396], [-84.04474700009426, 33.52507699972472], [-84.0447839999042, 33.525019000062066], [-84.04483699960763, 33.52495000011574], [-84.04490000025513, 33.524866999857686], [-84.04503199960129, 33.52472499990822], [-84.04517899991438, 33.524594000017004], [-84.04525799955712, 33.5245320002623], [-84.0454249999617, 33.52441900018437], [-84.04548400041124, 33.524383999726034], [-84.04573999960597, 33.524300999673684], [-84.04605199977549, 33.52418500001741], [-84.04624500011933, 33.52409199992888], [-84.04651100025812, 33.523963000099506], [-84.04670999955144, 33.52384799975265], [-84.04679400011534, 33.523792000290285], [-84.04695200029909, 33.52366999986502], [-84.04702699974384, 33.52360500015133], [-84.04704900038347, 33.52358099978383], [-84.04723400033139, 33.52339799975827], [-84.04736300020282, 33.523253000334776], [-84.0474889997012, 33.5231070001479], [-84.04762699979347, 33.52296900014486], [-84.04777599975638, 33.522839000363824], [-84.04793499976505, 33.52271799986789], [-84.04800599991016, 33.522667999830134], [-84.04907600031305, 33.52227499994982], [-84.0502909995826, 33.521821000115594], [-84.05038299964411, 33.52177500020397], [-84.05046999968273, 33.52172200025919], [-84.05055000004869, 33.52166200026841], [-84.05062299984363, 33.52159600000578], [-84.05068800014097, 33.521524000206476], [-84.05076400030893, 33.52146000016816], [-84.05092900016538, 33.52134500023771], [-84.05101700002893, 33.521292999821746], [-84.05110900009043, 33.52124599983649], [-84.05174799959978, 33.52096599972983], [-84.05239799987815, 33.52071300003346], [-84.05301899984417, 33.52052800032881], [-84.0532320002795, 33.52047300001647], [-84.05353199985514, 33.52037400011504], [-84.0537269998488, 33.52029700027974], [-84.0539159999947, 33.52021099988666], [-84.05409799956958, 33.520114999851984], [-84.05427099982194, 33.52000800033524], [-84.05443800022651, 33.5198859998149], [-84.0546690002052, 33.51970499983082], [-84.0548170003432, 33.51957499963753], [-84.05488500011526, 33.519505000028566], [-84.05494799986445, 33.519432000172806], [-84.05500499976587, 33.51935600006257], [-84.05505699964439, 33.51927699969003], [-84.05510299967516, 33.51919499979578], [-84.05514299985812, 33.5191110001888], [-84.05517399982025, 33.51902500011444], [-84.05519700028479, 33.51893700031557], [-84.05521200035341, 33.51884799985774], [-84.05522099967594, 33.5186679997711]]]}, "properties": {"GEOID": "13217", "NAME": "Newton County", "BASENAME": "Newton", "STATE": "13", "COUNTY": "217", "AREALAND": "709175829", "AREAWATER": "13946234", "INTPTLAT": "+33.5527507", "INTPTLON": "-083.8513597"}}], "_auspice": {"source_url": "https://tigerweb.geo.census.gov/arcgis/rest/services/TIGERweb/State_County/MapServer/1/query?where=GEOID%3D%2713217%27&outFields=GEOID%2CNAME%2CBASENAME%2CSTATE%2CCOUNTY%2CAREALAND%2CAREAWATER%2CINTPTLAT%2CINTPTLON&returnGeometry=true&outSR=4326&f=geojson", "fetched_at": "2026-08-26T23:13:25.090089+00:00", "service": "Census TIGERweb State_County layer 1"}}