{"type": "FeatureCollection", "features": [{"type": "Feature", "geometry": {"type": "MultiPolygon", "coordinates": [[[[-77.25175900031721, 38.57501400020593], [-77.25060699989854, 38.57843199972141], [-77.24690299984371, 38.58941599999551], [-77.24659599969706, 38.59096299997475], [-77.24644199971128, 38.5929280001232], [-77.24636200024364, 38.59344100015755], [-77.244480000079, 38.59457499971545], [-77.24132099982224, 38.59647699971764], [-77.23810300001423, 38.59841699997616], [-77.23244099962679, 38.60165199969054], [-77.22880699989219, 38.60372900030322], [-77.22733599963131, 38.60456999988657], [-77.22900000023604, 38.61648699986297], [-77.22928100044345, 38.618400000040566], [-77.2301459999086, 38.6250850002314], [-77.2300470001744, 38.625525999948415], [-77.22991499992992, 38.62583000029386], [-77.22970700041579, 38.626290000028256], [-77.22942600020838, 38.626708000279024], [-77.22921000029831, 38.62691800024095], [-77.22886799999155, 38.627527999850514], [-77.22692499972754, 38.63069499966035], [-77.22609899972213, 38.632014000235905], [-77.22542199967961, 38.63311100003741], [-77.22477999979719, 38.63415100009653], [-77.22413799991477, 38.63519099980355], [-77.2237029997216, 38.63589599968738], [-77.22326800042673, 38.63660200026949], [-77.22279899989836, 38.637361999896626], [-77.22238100032192, 38.638040000258144], [-77.22196299984718, 38.63871799981963], [-77.22177000040165, 38.63903000010214], [-77.22174000026442, 38.639066999845376], [-77.22168500001283, 38.63914899970142], [-77.22163499978413, 38.63922000011705], [-77.2215700003851, 38.639315000286466], [-77.22152000015639, 38.63938599983598], [-77.2214869996461, 38.639434999988104], [-77.22145499985908, 38.63948300023348], [-77.22143999979045, 38.639506999993294], [-77.2214080000034, 38.6395550001905], [-77.22137600021634, 38.63960400022709], [-77.22134699990403, 38.6396519996576], [-77.22131400029207, 38.639701000329545], [-77.22128599980465, 38.639748999695094], [-77.22125700039066, 38.639798000300715], [-77.22124200032204, 38.63982199995505], [-77.22122800007834, 38.639847000171166], [-77.22121300000973, 38.639873000246325], [-77.22119200009332, 38.639921000198356], [-77.22116600015406, 38.6399750000183], [-77.22113299964379, 38.640052000210915], [-77.22108900016116, 38.640156000157475], [-77.22104499978023, 38.64025800022838], [-77.22100200012254, 38.64036199987607], [-77.22098000038122, 38.64041400034496], [-77.22096100011464, 38.640466000074454], [-77.22093900037335, 38.64051799976623], [-77.22093199980233, 38.64054400029963], [-77.22091900028185, 38.6405740002557], [-77.22089099979443, 38.64064800023392], [-77.22086200038044, 38.64072700011687], [-77.22083300006813, 38.64080500005803], [-77.2208249996722, 38.640830999785656], [-77.22081399980155, 38.64085700020551], [-77.22080700012886, 38.64088399976792], [-77.2207960002582, 38.640910000168546], [-77.2207879998623, 38.64093599985808], [-77.2207810001896, 38.64096200023984], [-77.22077000031894, 38.64098799991049], [-77.22076199992301, 38.64101599997705], [-77.22074400037968, 38.641067999971426], [-77.22073699980866, 38.641094000305294], [-77.22072599993801, 38.64112099977843], [-77.2207180004404, 38.64114700009307], [-77.22071099986938, 38.641172999696614], [-77.2207030003718, 38.6411999998417], [-77.22069199960282, 38.64122600012763], [-77.22068499993013, 38.641251999702575], [-77.22067700043252, 38.64127999966598], [-77.22066999986151, 38.64130599992294], [-77.22063999972428, 38.6414110000011], [-77.2206270002038, 38.641438000056475], [-77.22062100035602, 38.64146500010167], [-77.22061399978502, 38.641492000136694], [-77.2206060002874, 38.64151800031674], [-77.2205989997164, 38.641543999785696], [-77.22059500041676, 38.64157099979095], [-77.22058700002083, 38.641596999942344], [-77.22057299977713, 38.64165099990275], [-77.22056500027954, 38.64167799986771], [-77.22055799970852, 38.64170399998027], [-77.2205500002109, 38.641730000083406], [-77.2205429996399, 38.64175799986006], [-77.22053900034025, 38.641783999943605], [-77.22053099994433, 38.64181099985845], [-77.22052400027164, 38.64183699992276], [-77.22051599987573, 38.64186399981763], [-77.22051199967777, 38.64188999986272], [-77.22049699960914, 38.64194400030402], [-77.2204930003095, 38.641971000158584], [-77.22048599973849, 38.64199700016484], [-77.22048200043884, 38.64202499983724], [-77.22047400004293, 38.642050999823915], [-77.22046700037025, 38.64207800033977], [-77.22046300017226, 38.642104000307214], [-77.22045499977635, 38.64213100010149], [-77.22045099957839, 38.64215899972154], [-77.2204439999057, 38.6421849996596], [-77.22043999970774, 38.64221200012501], [-77.22043600040809, 38.64223800004379], [-77.22042899983708, 38.64226600032368], [-77.22042499963912, 38.64229300005693], [-77.22041700014152, 38.642318999946376], [-77.22041299994356, 38.642347000194555], [-77.2204089997456, 38.64237300006441], [-77.22040200007291, 38.64239999975735], [-77.22039799987495, 38.64242700014176], [-77.22039399967699, 38.642452999982545], [-77.22039000037734, 38.64248100017842], [-77.22038199998143, 38.64250699999961], [-77.22037799978347, 38.64253400034371], [-77.2203739995855, 38.6425619998063], [-77.22037000028585, 38.64258800029974], [-77.22036600008789, 38.64261499991173], [-77.2203590004152, 38.642643000044266], [-77.22035500021724, 38.64266899980673], [-77.22035100001928, 38.64269600008974], [-77.22034699982133, 38.64272299966103], [-77.22034299962337, 38.642749000096074], [-77.22031900023222, 38.64291299970845], [-77.22030699963835, 38.64302099971031], [-77.22028599972195, 38.64318400028194], [-77.22025999978268, 38.64348499997134], [-77.22025099956186, 38.64356699968388], [-77.2202460004373, 38.64367500010338], [-77.2202399996912, 38.643784999986515], [-77.22023600039157, 38.64384000021552], [-77.22023300001851, 38.64403099991776], [-77.22022700017072, 38.64435899991568], [-77.22022799999563, 38.64446699984313], [-77.22023300001851, 38.64460499998129], [-77.22023700021647, 38.64474100025402], [-77.2202539999349, 38.64501399982121], [-77.22026499980556, 38.64515000001928], [-77.22027700039943, 38.645259999743104], [-77.22027700039943, 38.64528299988082], [-77.220289000095, 38.64539200031129], [-77.22032199970697, 38.64566200014218], [-77.22042399981422, 38.64625799981564], [-77.22059299986861, 38.64698100033671], [-77.2207180004404, 38.6474079998845], [-77.22095199989381, 38.64806800015341], [-77.22100899979522, 38.64819999975827], [-77.22115699993323, 38.64854399977565], [-77.22125599966742, 38.64874900019368], [-77.22132599998763, 38.648894999842895], [-77.22144399998841, 38.64911800016966], [-77.22148199962324, 38.64919300018331], [-77.22160800001994, 38.64941400011323], [-77.22181200023442, 38.64975299986184], [-77.22204700041108, 38.650117000252294], [-77.22224800025253, 38.650403000263886], [-77.2224230001547, 38.65063999966109], [-77.2225839998132, 38.65084899995612], [-77.22269299959315, 38.65098600001671], [-77.22275700006556, 38.6510610001796], [-77.22278899985261, 38.6511000001491], [-77.22302300020434, 38.6513689998101], [-77.22308099993066, 38.65143700022431], [-77.22324300031237, 38.651613000253796], [-77.22338700025242, 38.65176400029324], [-77.22353500039041, 38.65191500001443], [-77.22368299963011, 38.65206400002199], [-77.22381400004966, 38.6521890000059], [-77.22397200023342, 38.65233499966039], [-77.22417600044793, 38.6525189999256], [-77.22433799993131, 38.65265999975944], [-77.22445799958192, 38.65275899980532], [-77.22455499966628, 38.65283699997891], [-77.22462800035954, 38.65289500003497], [-77.22545500018988, 38.65364600026993], [-77.22739199970779, 38.65539999978378], [-77.22794099970378, 38.65589799968944], [-77.22848999969979, 38.65639500000306], [-77.22850599959331, 38.65640899983352], [-77.22886700016664, 38.65673599965472], [-77.2295540002549, 38.65735200000192], [-77.23011400012157, 38.657867000165204], [-77.23138199999286, 38.65904999992475], [-77.23175299971362, 38.65938499988572], [-77.23211000008901, 38.659707999681416], [-77.2324680002893, 38.6600310001248], [-77.23288900023877, 38.66041099981301], [-77.23452700000593, 38.661913000350616], [-77.23530899963043, 38.66261899993515], [-77.23590299983226, 38.663166000207866], [-77.23677900006642, 38.66395900005579], [-77.23773599959311, 38.66482599979746], [-77.23818800040304, 38.66524099981954], [-77.23846200003945, 38.66548699972648], [-77.2387769996837, 38.665797000167785], [-77.23905100021841, 38.666088000315604], [-77.23932900005275, 38.66636699969394], [-77.23949499973409, 38.666533999842535], [-77.23954999998568, 38.666589000142196], [-77.23980500025381, 38.66686199992034], [-77.24012999994383, 38.66721100033558], [-77.24019400041624, 38.667279999924844], [-77.24025799999035, 38.667347999963276], [-77.24030900004396, 38.6674039998227], [-77.24035199970167, 38.66745100008418], [-77.24037799964094, 38.667476999961885], [-77.24043700009048, 38.667540000300804], [-77.2404520001591, 38.66755599972124], [-77.240593999551, 38.667707999998434], [-77.24063100025924, 38.66774899968111], [-77.24067300009204, 38.667792999878976], [-77.24070400005417, 38.66782699966269], [-77.24074400023714, 38.66787000033556], [-77.24078500024503, 38.66791399975766], [-77.24104899983568, 38.66819799990436], [-77.24131300032464, 38.66848100015737], [-77.24360100037012, 38.67093499985951], [-77.24382300012797, 38.67114600011523], [-77.24408500006881, 38.67136500008524], [-77.24431299967443, 38.67153299992519], [-77.24455200004903, 38.67169200034993], [-77.24480099957107, 38.67183999977068], [-77.24506099986206, 38.671977999779465], [-77.24514399970275, 38.67201600016209], [-77.24516600034235, 38.67202599996409], [-77.2451980001294, 38.67204099966453], [-77.2452740002974, 38.67207799989404], [-77.24532100015306, 38.67209900030013], [-77.2453870002753, 38.672128999667265], [-77.24544099980365, 38.67215000005839], [-77.24547799961358, 38.67216400031568], [-77.24554999958359, 38.6721920001208], [-77.2456209997287, 38.672219999914915], [-77.24572899968375, 38.672263000053356], [-77.24575600034623, 38.672272999820905], [-77.24584699968452, 38.672305000049526], [-77.24594700014195, 38.672339999910534], [-77.2459589998375, 38.67234399967318], [-77.24613100026497, 38.67240900016763], [-77.24623199964898, 38.672447000321476], [-77.24634100032723, 38.67248699998175], [-77.24678999986581, 38.672653999882414], [-77.24725199982318, 38.67282499983057], [-77.24738900009052, 38.67287599977296], [-77.247998000361, 38.67310099999257], [-77.24827199999737, 38.67320099994114], [-77.24927100025516, 38.67357100028946], [-77.24970100042547, 38.67372999969431], [-77.24973200038762, 38.673741000054676], [-77.24976400017468, 38.673753999904626], [-77.24979500013681, 38.673766999752196], [-77.24985700006108, 38.67379599972731], [-77.24988200017545, 38.67380900026854], [-77.24990999976453, 38.67382300020143], [-77.24994099972666, 38.67383800022669], [-77.24996900021407, 38.67385400034361], [-77.24999599997825, 38.673869999755674], [-77.25002399956735, 38.673886999959905], [-77.25005200005477, 38.6739040001601], [-77.2500760003442, 38.67392099965487], [-77.25010399993329, 38.67393699975329], [-77.25012800022273, 38.67395600012852], [-77.25015599981184, 38.67397399970418], [-77.25018000010128, 38.67399300006954], [-77.25020400039072, 38.67401100033724], [-77.25022799978186, 38.674031000083886], [-77.25025200007128, 38.67405199991705], [-77.25027700018565, 38.67407100026175], [-77.25029700027714, 38.67409200008317], [-77.25032099966826, 38.67411299989844], [-77.25034199958466, 38.67413399970754], [-77.25036300039937, 38.674154000121106], [-77.25038299959255, 38.674177000098915], [-77.25040400040726, 38.674198999979296], [-77.25042500032366, 38.67422099985291], [-77.25044500041514, 38.67424299971977], [-77.25046200013358, 38.6742650002812], [-77.25047999967694, 38.674289000312136], [-77.25049700029369, 38.67431200024657], [-77.25051400001212, 38.67433600026175], [-77.25053099973054, 38.67435900018108], [-77.2505480003473, 38.67438400026796], [-77.25056199969268, 38.67440800025901], [-77.25057900030944, 38.674433000328776], [-77.25059199982992, 38.67445799968848], [-77.25060600007363, 38.6744819996547], [-77.2506189995941, 38.67450699969863], [-77.25062899963986, 38.67453199973383], [-77.25064299988355, 38.674557999845334], [-77.25065100027946, 38.67457700005572], [-77.25067300002078, 38.67463600012316], [-77.25069300011225, 38.67468800026117], [-77.25100000025893, 38.67535899965134], [-77.25102700002311, 38.6754050002278], [-77.25114099982594, 38.6756429997197], [-77.25134199966737, 38.67608799997337], [-77.25148200030777, 38.6764509997169], [-77.25172400015711, 38.6770759999385], [-77.2517879997312, 38.677231999830575], [-77.25183100028724, 38.67733399971103], [-77.25194300044022, 38.677561000030195], [-77.25209900007583, 38.67783500008671], [-77.2522389998179, 38.67805299989427], [-77.2523929998037, 38.678266000274505], [-77.2525409999417, 38.67845099986983], [-77.25267800020906, 38.678609000328265], [-77.25279799985965, 38.67873999972487], [-77.25290499998978, 38.678846999685774], [-77.25301499959464, 38.6789530001644], [-77.25342399984855, 38.67940899966565], [-77.25398000041555, 38.680104999872604], [-77.25437799990051, 38.68066099979337], [-77.25452699986342, 38.68085800017556], [-77.25454100010711, 38.680878000112884], [-77.25455799982556, 38.68090000003743], [-77.25457500044232, 38.68092199995521], [-77.25459299998565, 38.68094399986623], [-77.25461300007714, 38.680967999761506], [-77.25462999979558, 38.68098999965839], [-77.25464700041233, 38.681012000249765], [-77.25466499995568, 38.68103400013312], [-77.2546819996741, 38.68105600000977], [-77.2547019997656, 38.6810779998796], [-77.25471900038235, 38.68109999974265], [-77.25473699992571, 38.68112300029353], [-77.25475500036737, 38.68114600013574], [-77.2547799995834, 38.68117799990397], [-77.25417200003618, 38.6814869997345], [-77.25413799970099, 38.68151500010028], [-77.25417200003618, 38.68153499985396], [-77.25421100039424, 38.681587999875454], [-77.25422300008981, 38.681603999662514], [-77.25431199977825, 38.681665000220384], [-77.25435299978615, 38.68169999971233], [-77.2546049996812, 38.682003000208184], [-77.2547579998421, 38.68215999985869], [-77.25480100039812, 38.68221800000869], [-77.25487900021592, 38.68228499990588], [-77.25496799990437, 38.68237899979188], [-77.25500399988938, 38.682432999864524], [-77.25503599967644, 38.68246499975852], [-77.2551019997987, 38.68250300018378], [-77.25521200030185, 38.682583000164215], [-77.25526699965513, 38.68261599996354], [-77.25529699979235, 38.68264299991554], [-77.2553200002569, 38.68268600010374], [-77.25532199990671, 38.68269499984631], [-77.25535200004393, 38.68273500009107], [-77.25539999972452, 38.68282400023974], [-77.2554480003034, 38.68291300027773], [-77.25548500011332, 38.68299900030383], [-77.25552799977105, 38.68307199996765], [-77.2555949997182, 38.683136999836236], [-77.25566500003838, 38.68320600020387], [-77.2557429998562, 38.683278999656515], [-77.2558140000013, 38.68331499972421], [-77.25585400018426, 38.683346999925], [-77.2559479998956, 38.68345499997112], [-77.25604900017794, 38.6835380001685], [-77.25616800000363, 38.683644000010226], [-77.25621900005726, 38.68366499982793], [-77.2563839999137, 38.68378199970122], [-77.25644900021103, 38.68383600011758], [-77.25652200000596, 38.68388300010921], [-77.25655899981588, 38.683913000147406], [-77.25666299957295, 38.68401399966931], [-77.25675999965733, 38.684086999700185], [-77.25683300035058, 38.68413200032572], [-77.25687000016049, 38.68414700029418], [-77.25708100004769, 38.68426599997936], [-77.25714899981975, 38.68429599985699], [-77.25717700030718, 38.68430899989355], [-77.25732700009499, 38.684407999663], [-77.25745799961625, 38.68447700020749], [-77.25761300032526, 38.68457000007395], [-77.2577139997093, 38.68463599992848], [-77.25776399993799, 38.684659999987986], [-77.25783799955784, 38.68468499998293], [-77.25791500044905, 38.68470099977879], [-77.25798599969583, 38.68472399987352], [-77.2580390002976, 38.68474400013281], [-77.25809799984884, 38.68478100010691], [-77.2582429996138, 38.68483800029484], [-77.25837700040643, 38.68491400000737], [-77.25843500013272, 38.68492400011116], [-77.25861800043083, 38.68492799987179], [-77.25868600020289, 38.68493899991361], [-77.25882599994497, 38.68498200012461], [-77.25923199982584, 38.685140000188674], [-77.25933099956005, 38.685182000342316], [-77.25938900018468, 38.68522399977007], [-77.25948299989601, 38.68526499993895], [-77.25958500000326, 38.685294000163964], [-77.25969499960812, 38.68532099980674], [-77.25974800020988, 38.685328999984634], [-77.25975999990546, 38.685328999984634], [-77.25985000031713, 38.68532500024642], [-77.25993300015782, 38.68533900003043], [-77.25999099988412, 38.68539100010574], [-77.26005600018145, 38.685455999971495], [-77.2601089998849, 38.68546999972988], [-77.26018300040306, 38.68551799998256], [-77.26022799971058, 38.68555500025766], [-77.26032499979497, 38.6856229997657], [-77.26050499972003, 38.68571500031722], [-77.26068299999525, 38.68576099984742], [-77.2607709998588, 38.68578999987141], [-77.26088499966161, 38.68583600005457], [-77.26118400031068, 38.68597099994889], [-77.26129599956536, 38.68601400024089], [-77.26132200040294, 38.68601899986549], [-77.26163700004722, 38.686145000107], [-77.2616579999636, 38.686176999743395], [-77.26173900015445, 38.68622899991098], [-77.26179600005587, 38.68625300013735], [-77.26187100039894, 38.68629600025992], [-77.26201500033899, 38.6863299996699], [-77.26211200042336, 38.6863709999063], [-77.2621299999667, 38.68638300034726], [-77.26218199984525, 38.686397999843855], [-77.26221600018044, 38.68639600000466], [-77.26233900020408, 38.68640799974026], [-77.26250700043356, 38.686439999960314], [-77.26263700012991, 38.68645099976969], [-77.26267999978764, 38.68644800001309], [-77.26274400026003, 38.68645999973996], [-77.26279199994062, 38.68646500003455], [-77.26291499996427, 38.6864759998401], [-77.26302899976707, 38.68648599972559], [-77.26312900022451, 38.68649399977323], [-77.26333099989085, 38.68655800012204], [-77.26336000020319, 38.68650500027552], [-77.26342200012746, 38.68638899986584], [-77.26413799962974, 38.686683000199956], [-77.26438399967702, 38.68677699991837], [-77.264684000151, 38.686894000312904], [-77.26512799966669, 38.68709900034512], [-77.2655090003315, 38.687351000308496], [-77.2657200002187, 38.68750800014579], [-77.26605499995445, 38.687809999989604], [-77.266142999818, 38.68787299996351], [-77.2666280002399, 38.68827899986696], [-77.2670299999228, 38.68866000027157], [-77.26739499979578, 38.68892399966004], [-77.26741700043542, 38.688941999678455], [-77.26762900014752, 38.689084999780945], [-77.26777200026265, 38.689181000312175], [-77.26818700036435, 38.689364999860025], [-77.2686629996671, 38.68948700031302], [-77.26886900042975, 38.68954299968111], [-77.26911799995177, 38.689612000182], [-77.2692610000669, 38.68966999990123], [-77.2702810002411, 38.69038799968795], [-77.27123600011797, 38.691091000069584], [-77.27133499985217, 38.691149999845244], [-77.27162500028038, 38.69133399993837], [-77.27181299970304, 38.6914620003337], [-77.27199400035134, 38.69159600028308], [-77.27217000007843, 38.6917340000628], [-77.27234099978266, 38.691875999649696], [-77.27250499981417, 38.69202300026322], [-77.27258500018011, 38.6920980002166], [-77.27266299999792, 38.69217399993024], [-77.27273999999082, 38.69225100010209], [-77.27281500033388, 38.692328000191054], [-77.27288899995374, 38.692406999868375], [-77.27296099992375, 38.69248699999412], [-77.27303100024395, 38.692567999863705], [-77.27309999984091, 38.69264900034279], [-77.27316599996317, 38.692730999860075], [-77.2732310002605, 38.692815000345476], [-77.27330499988035, 38.692882000136066], [-77.27410599977142, 38.69361500002535], [-77.27419399963497, 38.69367200018694], [-77.27437399956003, 38.6937830002237], [-77.27456000023116, 38.69388900031277], [-77.27475000020198, 38.69398899996176], [-77.2749359999748, 38.694081000272625], [-77.27497799980759, 38.69410199983162], [-77.27504300010493, 38.69413000016885], [-77.27514299966406, 38.69417400027603], [-77.27524300012146, 38.69421699984471], [-77.27534500022871, 38.69425799976809], [-77.27544700033599, 38.694297999858804], [-77.27555100009305, 38.69433700011854], [-77.27565499985013, 38.6943740000397], [-77.27576000033042, 38.69441000013408], [-77.27586999993528, 38.69444600021033], [-77.27607999999755, 38.694508000143394], [-77.27620100037137, 38.69454100005191], [-77.27629599990762, 38.694566000099975], [-77.2763090003264, 38.69456900021735], [-77.27638299994628, 38.69458800002286], [-77.27653600010714, 38.69462400000953], [-77.27682099961417, 38.69471200029024], [-77.27719100040837, 38.69482700002378], [-77.27741099961806, 38.69489199973038], [-77.27763099972609, 38.69495499977801], [-77.277851999659, 38.695016000171904], [-77.27807400031519, 38.695076000014346], [-77.27829600007304, 38.69513500000898], [-77.27851899965579, 38.69519199966049], [-77.27874299996179, 38.69524699967477], [-77.27891200001618, 38.69528699991357], [-77.27926199982055, 38.69536100015613], [-77.27956300011944, 38.6954250002852], [-77.280095000397, 38.695551999878816], [-77.28062099992846, 38.695692000019775], [-77.280969000083, 38.695791999952625], [-77.28114200033535, 38.695844999930486], [-77.28192999980764, 38.696206000150354], [-77.28206200005214, 38.696268999741775], [-77.2824040003589, 38.69646800017884], [-77.28248700019957, 38.696519000099556], [-77.2825669996672, 38.69656699995046], [-77.2829130001719, 38.69676900028464], [-77.28391400007953, 38.69738000020041], [-77.2860730002536, 38.6986980001765], [-77.28614500022363, 38.698756000240934], [-77.28637899967704, 38.69892899970652], [-77.28662499972434, 38.6990910001883], [-77.28688199964228, 38.69924300009894], [-77.28712100001688, 38.69936999992417], [-77.28730900033786, 38.69946000014961], [-77.28750000013358, 38.69954399974367], [-77.28759800004285, 38.69958500011897], [-77.28773399958698, 38.6996380000905], [-77.28789500014378, 38.699696999827445], [-77.2879949997029, 38.69973099987948], [-77.28827000006251, 38.699811000226894], [-77.28854299987398, 38.69989700027272], [-77.2889460002801, 38.7000370003217], [-77.28934200011523, 38.70018900032504], [-77.2895999998581, 38.70029799991175], [-77.28985599995114, 38.700412000054264], [-77.2900719998612, 38.700515000266606], [-77.29023000004496, 38.70059300029468], [-77.29035300006859, 38.70065600022828], [-77.29047400044243, 38.70072100024627], [-77.29059499991793, 38.70078699992366], [-77.2907139997436, 38.70085399995871], [-77.2908329995693, 38.700922000348704], [-77.29095399994314, 38.70099499995307], [-77.29106500027122, 38.7010619997933], [-77.29117999989893, 38.70113499995583], [-77.29129299987683, 38.70120800004385], [-77.29140500002984, 38.7012819997689], [-77.29151499963469, 38.701358000240546], [-77.29162400031294, 38.70143500034082], [-77.29347600034036, 38.702432000225286], [-77.29354599976223, 38.70246999986006], [-77.29365000041764, 38.702536000026484], [-77.29386299995464, 38.702639999676435], [-77.29399199982609, 38.70270400030259], [-77.29416300042861, 38.70278499981898], [-77.29462100018803, 38.70298200027649], [-77.29509400001602, 38.703157000106685], [-77.29533500004045, 38.70323500005727], [-77.29570300028648, 38.703341999842124], [-77.29607599965706, 38.70343600010406], [-77.29645499977376, 38.70351500013171], [-77.29679200005765, 38.70357999965417], [-77.29721100035731, 38.70368399988892], [-77.29751900032889, 38.70377700002462], [-77.29781899990455, 38.70388399969946], [-77.2981119998075, 38.704003000204615], [-77.29839600038794, 38.70413499974979], [-77.29857999961264, 38.70422899967033], [-77.29875899971279, 38.704329000285405], [-77.29926699970089, 38.7046579999762], [-77.29934799989175, 38.704716999777744], [-77.29942700043279, 38.70477800025803], [-77.29950400042569, 38.704838999985235], [-77.29957999969534, 38.7049010000224], [-77.29965400021351, 38.70496500002696], [-77.29972600018353, 38.70502899997428], [-77.29979800015354, 38.70509499988188], [-77.29986799957544, 38.70516200008685], [-77.29993600024582, 38.7052290002291], [-77.30000200036805, 38.7052980003204], [-77.30006799959199, 38.7053670003451], [-77.30013100023949, 38.70543800031119], [-77.30019200033885, 38.70550900020678], [-77.30025300043822, 38.70558099968333], [-77.30031100016454, 38.705654000139816], [-77.30036800006596, 38.70572800017124], [-77.3004219995943, 38.70580299977438], [-77.3004979997623, 38.70591199991732], [-77.30062300033407, 38.706107999827054], [-77.30109000031432, 38.70683199995748], [-77.30127299971409, 38.7070629998516], [-77.30206000025977, 38.707622000145754], [-77.30219300032917, 38.70769299997563], [-77.30235599963747, 38.70776800032164], [-77.30240300039146, 38.7077890000679], [-77.30247600018639, 38.707818999895075], [-77.30254800015642, 38.70784699976913], [-77.30262199977625, 38.70787299969243], [-77.30269600029442, 38.70789799998722], [-77.30277099973917, 38.7079219999536], [-77.30284699990715, 38.707943999974056], [-77.30292399990003, 38.70796400005055], [-77.30300000006802, 38.70798400012145], [-77.30307799988584, 38.70800099993193], [-77.30315700042686, 38.708017000121], [-77.30323500024467, 38.70803199998835], [-77.3033149997123, 38.70804499991752], [-77.30339400025333, 38.708055999909696], [-77.30347399972095, 38.70806600028348], [-77.30361500018626, 38.7080810001405], [-77.30387700012709, 38.708092000127145], [-77.30401799969408, 38.708090999809784], [-77.30422500028163, 38.70808199975699], [-77.30456199966721, 38.70804899978744], [-77.30504399971606, 38.707989000313525], [-77.30546899986349, 38.707912000260684], [-77.30572499995652, 38.70785799979178], [-77.30597799967653, 38.70779899977803], [-77.30622799992177, 38.70773300026344], [-77.30660000036576, 38.70762400009257], [-77.30672099984129, 38.70758500006823], [-77.30686800015438, 38.707540999799555], [-77.3070890000873, 38.70745600015974], [-77.30732400026395, 38.70736400022954], [-77.30759200005257, 38.70723200033625], [-77.30761399979387, 38.70722599976177], [-77.308053000185, 38.707016999998956], [-77.30856700002091, 38.70672699975888], [-77.3090520004428, 38.70646199984048], [-77.30982200037174, 38.70593399985528], [-77.31019100044269, 38.70561800009687], [-77.31067799961609, 38.705076000063436], [-77.31127400036607, 38.7043959998061], [-77.31143000000166, 38.70416400003676], [-77.31160400007893, 38.70387400014285], [-77.31204099992193, 38.703186999774225], [-77.31241400019084, 38.70265400027833], [-77.31256800017664, 38.70245899970956], [-77.31267100010881, 38.702340999836956], [-77.31275099957642, 38.702259000119746], [-77.3129389998974, 38.70209199990057], [-77.31313800008903, 38.70195099996591], [-77.31335900002198, 38.70181800019044], [-77.31347799984765, 38.70175400017348], [-77.31385799978925, 38.701575999890686], [-77.31411600043043, 38.70145799996319], [-77.31441500018117, 38.70137000027072], [-77.31466200005337, 38.701315999768525], [-77.31501900042876, 38.70125999980181], [-77.31531399998153, 38.70122099981161], [-77.31570899999174, 38.701191999733254], [-77.31608399991048, 38.70117199986571], [-77.31634699967621, 38.70117300027986], [-77.31673900021168, 38.701171000152605], [-77.31715400031338, 38.70120800004385], [-77.31744499966818, 38.70122099981161], [-77.3177190002029, 38.701232999864786], [-77.31813500012952, 38.701244000203864], [-77.31835100003958, 38.70125299971528], [-77.31850500002535, 38.70123900024118], [-77.31875899957026, 38.70121200029623], [-77.31889199963966, 38.70119800011304], [-77.31900899981551, 38.701195000273714], [-77.31937899971138, 38.70121300000875], [-77.31951099995585, 38.701225000063275], [-77.32004700043136, 38.70127699980887], [-77.32111799976087, 38.70141100030026], [-77.321409000014, 38.70145099989604], [-77.32147699978607, 38.70145500013477], [-77.3215429999083, 38.701460999791465], [-77.32203199962986, 38.70152200024511], [-77.3226829997331, 38.70153999989779], [-77.32368600018886, 38.7015080001226], [-77.32421300044355, 38.70150199976883], [-77.32470499963982, 38.7015440001316], [-77.32508499958142, 38.701609000043554], [-77.32537800038268, 38.701687999986376], [-77.32586200008137, 38.70188200015019], [-77.32614099974063, 38.70204599965413], [-77.32640900042755, 38.702277999985675], [-77.32663799985808, 38.70253399993735], [-77.32681399958517, 38.70278699990109], [-77.32696300044641, 38.70310399993894], [-77.3270400004393, 38.70336800000149], [-77.32705299995979, 38.7036110002253], [-77.32703799989116, 38.703755999801025], [-77.32701699997477, 38.703852000272114], [-77.32695199967743, 38.704040000032684], [-77.32690800019482, 38.70413099966091], [-77.32682799982888, 38.70426299967083], [-77.32669700030763, 38.70442799969104], [-77.32656699971297, 38.7046079999162], [-77.32636599987151, 38.704822999785975], [-77.3262310001523, 38.70499399997736], [-77.32590300008924, 38.70541299985721], [-77.32543000026124, 38.706046000135494], [-77.32505799981725, 38.706504999732594], [-77.32502699985511, 38.706539999690975], [-77.32486199999865, 38.70674300023304], [-77.32469799996713, 38.70691999993836], [-77.32434200031497, 38.70730699976382], [-77.32391100031977, 38.70775099975474], [-77.3235210003324, 38.70805700022755], [-77.32282699967314, 38.70844299989514], [-77.32183300033654, 38.70891899981929], [-77.32101400000379, 38.70923499970922], [-77.32068599994074, 38.709325999735746], [-77.32049199977197, 38.7094109999563], [-77.32042800019788, 38.70945099998387], [-77.32036299990055, 38.709499999864484], [-77.3203169998698, 38.709544000329515], [-77.32027000001413, 38.70959600033438], [-77.32023099965608, 38.709652000081604], [-77.32019899986902, 38.70971099996814], [-77.32017499957958, 38.70977100009984], [-77.32015700003623, 38.709833000066226], [-77.32014899964032, 38.70989699986201], [-77.32014899964032, 38.7099619998917], [-77.32014600016556, 38.71001199971256], [-77.3201620000591, 38.71023099990392], [-77.32016799990689, 38.71037299991913], [-77.3201829999755, 38.710470000201774], [-77.32019700021921, 38.71061800003255], [-77.32023300020423, 38.71084199976196], [-77.32028199970969, 38.71097099986971], [-77.32032899956538, 38.711094000195764], [-77.32037200012138, 38.71118100026449], [-77.32050500019078, 38.71142899982271], [-77.32060499974988, 38.711566999888376], [-77.3207250002988, 38.71171700008424], [-77.32080800013948, 38.71180700019085], [-77.32092199994229, 38.711899000011385], [-77.32102499987445, 38.71197200032572], [-77.32111000026327, 38.7120270000524], [-77.3212170003934, 38.712084000259715], [-77.32132600017334, 38.712132999737584], [-77.32146099989255, 38.71220200017563], [-77.32151500031924, 38.712218999684126], [-77.3217520001457, 38.712291000114], [-77.32219200036174, 38.71240399980528], [-77.3223170000352, 38.71243099972986], [-77.32244599990665, 38.71245800034525], [-77.32273999963452, 38.71250100013593], [-77.32298700040502, 38.71253499970763], [-77.3232669998892, 38.71257099977249], [-77.323344999707, 38.71257699989836], [-77.3236960002346, 38.712617000257374], [-77.32400000000821, 38.71263100030764], [-77.32440900026212, 38.712647999714115], [-77.32448000040723, 38.71264599990784], [-77.32501500015952, 38.71262399993237], [-77.32552099959952, 38.71257099977249], [-77.32594900011999, 38.71247900011584], [-77.32635900019882, 38.7123579998843], [-77.32679900041487, 38.71221399978789], [-77.32713599980045, 38.71209700015311], [-77.32776400033748, 38.71185099993697], [-77.32798400044551, 38.71177099974124], [-77.32821700007402, 38.71168000002307], [-77.32838699995332, 38.71160799967877], [-77.3287080003437, 38.71146700028388], [-77.32888300024588, 38.71140099994961], [-77.32920700011097, 38.711307999916805], [-77.32938000036333, 38.71125700002832], [-77.32949099979311, 38.711237999744476], [-77.32965099962668, 38.71120600010344], [-77.32986499988692, 38.7111760002956], [-77.3300389999642, 38.71115800026464], [-77.33024499982852, 38.711147000048804], [-77.33042999977644, 38.71113899995448], [-77.33065300025751, 38.711135999831235], [-77.33082899998462, 38.711153000294196], [-77.33105499994043, 38.71118399968481], [-77.3312719996754, 38.71121700031025], [-77.33141700033867, 38.71124700010088], [-77.33163800027162, 38.7112999998405], [-77.3320109996422, 38.71144399967517], [-77.33209699985593, 38.71148899991449], [-77.33223699959801, 38.711574999934804], [-77.33234799992607, 38.711654000082376], [-77.33241400004833, 38.711710000320394], [-77.33249799971392, 38.71179400024478], [-77.33260200036929, 38.71192699968948], [-77.33270199992842, 38.71206700001821], [-77.33279700036297, 38.712218000125475], [-77.33290600014291, 38.71248599980434], [-77.33296399986924, 38.71279100008659], [-77.33295600037164, 38.71295600005305], [-77.33292299986135, 38.71316099969322], [-77.33287500018078, 38.71343999990709], [-77.33276800005065, 38.71381699991836], [-77.33272299984482, 38.71422800021238], [-77.33264500002701, 38.71470400016965], [-77.33252200000335, 38.715487000190834], [-77.33242800029203, 38.715859000278336], [-77.33238800010905, 38.716001000328724], [-77.33229600004755, 38.71652500016627], [-77.33228400035199, 38.716583999987606], [-77.33224599981884, 38.716802000176195], [-77.33223400012328, 38.716936000309396], [-77.3321949997652, 38.71741400012941], [-77.33219700031334, 38.71756399997114], [-77.33221300020688, 38.71765600009213], [-77.33222400007752, 38.717700999925334], [-77.33223199957514, 38.71772900013431], [-77.33223900014613, 38.717752000122594], [-77.33226900028338, 38.71783499977484], [-77.33230899956804, 38.71792099987017], [-77.33235600032201, 38.71800599968344], [-77.33240999985037, 38.71808800026506], [-77.33245900025416, 38.71815100020353], [-77.3325039995617, 38.718203999730505], [-77.33257600043004, 38.7182780000887], [-77.33261400006488, 38.71831299989047], [-77.3326940004308, 38.71838000032424], [-77.33278099957114, 38.718443000005315], [-77.33282599977697, 38.71847200009576], [-77.33292000038662, 38.71852799989868], [-77.33298300013583, 38.7185639997488], [-77.33321099974144, 38.71869500027699], [-77.3333200004197, 38.71875700021318], [-77.33378800022484, 38.71900500012106], [-77.33447399958987, 38.719213999881035], [-77.33452999966637, 38.71923099982455], [-77.33466899958356, 38.71926700002147], [-77.33498699960086, 38.719348999857175], [-77.33537800031144, 38.71945300028272], [-77.33591200023882, 38.71956000032668], [-77.33611700027824, 38.719594000045134], [-77.3364329997474, 38.71964099967047], [-77.3368050001914, 38.71971700025194], [-77.33711399998789, 38.719763999796385], [-77.33756800044763, 38.71981300031752], [-77.3381989995611, 38.71985499973619], [-77.3387550001281, 38.71985400028432], [-77.33930999997187, 38.71985700004167], [-77.33964899990558, 38.71985999979883], [-77.3399230004403, 38.719863000256815], [-77.34056100012475, 38.719894000075456], [-77.34065300018626, 38.7198959996789], [-77.34074400042286, 38.71989900013537], [-77.34083499976113, 38.71990400019494], [-77.34092599999774, 38.719909999705244], [-77.34101700023432, 38.719918999670696], [-77.34110699974771, 38.71992800033584], [-77.3411970001594, 38.71993899990126], [-77.34128699967276, 38.719951999767794], [-77.34137600025953, 38.71996599978319], [-77.34146499994799, 38.71998200009776], [-77.34155399963643, 38.72000000000933], [-77.34164200039832, 38.72001900006682], [-77.34173000026186, 38.72003900026945], [-77.34181599957726, 38.720061000065314], [-77.34190299961591, 38.72008400000396], [-77.34198800000473, 38.72010900023363], [-77.34207400021845, 38.72013600005127], [-77.34215700005912, 38.7201640000072], [-77.34224099972471, 38.720193000100146], [-77.34308199979874, 38.720506000185225], [-77.34348400037999, 38.720690999884255], [-77.34378700032867, 38.7208340002857], [-77.3439300004438, 38.72089699990619], [-77.34407699985859, 38.72095600032363], [-77.34422800036964, 38.72100799973644], [-77.34438099963221, 38.72105499983361], [-77.34453799999103, 38.72109499965336], [-77.34469600017478, 38.72113000017816], [-77.34493800002413, 38.72116999995592], [-77.34510100023074, 38.72118999983643], [-77.34526500026227, 38.72120300017628], [-77.3454290002938, 38.72120900027842], [-77.34559400015024, 38.72120999971135], [-77.3456769999909, 38.72120700001079], [-77.3467170002566, 38.721106999875275], [-77.34691399990008, 38.721103000035164], [-77.34704199994661, 38.721100999764566], [-77.34720400032832, 38.721100000330125], [-77.3473659998117, 38.721100000330125], [-77.3475280001934, 38.72110199989987], [-77.3476899996768, 38.72110599974004], [-77.34785200005851, 38.72111199985032], [-77.348012999717, 38.72111900009517], [-77.3481750000987, 38.72112699977342], [-77.3483369995821, 38.721136999720365], [-77.34849800013889, 38.72114899993523], [-77.34865899979738, 38.72116200028254], [-77.34882000035417, 38.72117700019509], [-77.34898100001264, 38.721193000238515], [-77.34911200043221, 38.721208000144614], [-77.34921899966402, 38.72122099978032], [-77.34926300004494, 38.72122599974739], [-77.34930200040301, 38.72123099971411], [-77.34946200023657, 38.72125199971071], [-77.34962100024525, 38.72127499996692], [-77.3497800002539, 38.721299000348274], [-77.34993900026255, 38.721325000285084], [-77.3500890000504, 38.72135000008057], [-77.3501889996095, 38.72136800034845], [-77.3502870004171, 38.72138700004224], [-77.35038500032638, 38.721407999993], [-77.35048300023568, 38.72143000006835], [-77.35058000032006, 38.72145399969678], [-77.35067599968121, 38.721479000148], [-77.35077199994069, 38.72150600014898], [-77.35086700037525, 38.72153400026896], [-77.35096100008657, 38.721563999934794], [-77.35105399997299, 38.721594999716395], [-77.35114900040755, 38.721627999740505], [-77.35123899992091, 38.72166099974932], [-77.35133099998244, 38.72169700012388], [-77.35139299990671, 38.72172299991584], [-77.35141999967088, 38.721732999779384], [-77.35151000008257, 38.72177199979464], [-77.35159799994611, 38.72181099978855], [-77.35168499998476, 38.72185200001082], [-77.35177100019848, 38.72189499975707], [-77.35185599968898, 38.721938000178376], [-77.35194000025288, 38.72198300011885], [-77.3520189998956, 38.72202800003099], [-77.3521040002844, 38.72207699970065], [-77.35218399975204, 38.72212600003753], [-77.3523009999279, 38.7222009999589], [-77.35234399958561, 38.722226000148794], [-77.35241800010375, 38.72228000027689], [-77.35249300044684, 38.72233399966325], [-77.35256600024178, 38.722387999709724], [-77.3526380002118, 38.72244399994842], [-77.35270900035691, 38.72250100025894], [-77.35277899977878, 38.72255899993805], [-77.35284699955085, 38.7226189997982], [-77.3529279997417, 38.72269199967695], [-77.35297799997042, 38.72274000018062], [-77.35304800029061, 38.72281000030254], [-77.35328000009422, 38.72310799993402], [-77.3534059995926, 38.723256000229846], [-77.35358100039309, 38.723461999866174], [-77.35391799977866, 38.72381600014712], [-77.35405900024398, 38.72395099983988], [-77.35479200036299, 38.72463299998498], [-77.35496700026519, 38.7248029996633], [-77.35515499968783, 38.724964000309], [-77.35535600042759, 38.72511499980144], [-77.35554200020043, 38.725238999693694], [-77.35576200030847, 38.72537300012654], [-77.35588399960889, 38.72542499982934], [-77.35601599985337, 38.72546099970924], [-77.35605900040939, 38.725468000228894], [-77.35613600040227, 38.72548800030811], [-77.35627600014438, 38.7254999997923], [-77.35642900030524, 38.725500999866036], [-77.35656200037462, 38.72548299993841], [-77.35667799982727, 38.72544299977158], [-77.35675700036829, 38.725400000057824], [-77.35686199995028, 38.72535300001513], [-77.35721099992975, 38.72517699977443], [-77.35741599996915, 38.72506199979316], [-77.35765899964339, 38.724936000131386], [-77.35781600000223, 38.72484200010546], [-77.35807499957001, 38.72464500031361], [-77.35836099980028, 38.72443199996314], [-77.35860000017487, 38.72421999977019], [-77.35881899955967, 38.72403199981343], [-77.35902500032232, 38.72384899984637], [-77.3591230002316, 38.723760999680024], [-77.35921399956987, 38.72367799990172], [-77.35944000042402, 38.72344899993728], [-77.35981899964239, 38.723051000107674], [-77.3599190000998, 38.722924999703174], [-77.36000399959032, 38.72281799979149], [-77.36016099994914, 38.72260900005864], [-77.3601939995611, 38.72255799982313], [-77.36028300014787, 38.722421000068444], [-77.36039500030087, 38.72226200023872], [-77.36058100007372, 38.72196200033701], [-77.36070999994513, 38.72176099981048], [-77.36075699980081, 38.72166900006771], [-77.3608339997937, 38.721522000118746], [-77.36099199997746, 38.721236999813904], [-77.36113300044276, 38.72096699973083], [-77.36130099977395, 38.720683000157216], [-77.36142700017064, 38.720439000342786], [-77.36153900032363, 38.7201869999127], [-77.3616570003244, 38.71992999993839], [-77.36177600015007, 38.719594000045134], [-77.36189699962559, 38.71931500002216], [-77.36203499971786, 38.71898699995884], [-77.3621300001524, 38.718766000323825], [-77.36223100043475, 38.718494999844886], [-77.36231000007747, 38.71831299989047], [-77.36244999981956, 38.71775399978601], [-77.36253400038346, 38.71749099976037], [-77.36262200024701, 38.717188999776575], [-77.36269599986686, 38.71688999980031], [-77.36278100025567, 38.71657999989435], [-77.36285900007347, 38.716376999948665], [-77.36295600015785, 38.71614600001007], [-77.3630570004402, 38.71591099989514], [-77.3631569999993, 38.71571699994584], [-77.36332600005369, 38.71550300010633], [-77.3634940002832, 38.71536300019872], [-77.36355700003239, 38.7153099999669], [-77.36371600004105, 38.715198000180884], [-77.36396799993611, 38.71506300007414], [-77.36421599963323, 38.714958000048476], [-77.3644600000307, 38.71486199976989], [-77.36471699994866, 38.71478399988668], [-77.36494600027751, 38.71473299967437], [-77.36517999973093, 38.71468099990147], [-77.36521499989102, 38.71467399972701], [-77.3653110001505, 38.71465299990025], [-77.3654099998847, 38.71463200006739], [-77.36546400031136, 38.7146209996852], [-77.36572999955186, 38.71456800030503], [-77.3659720002995, 38.71451899969254], [-77.36621099977577, 38.71445300007333], [-77.36642500003602, 38.714392000137366], [-77.36663699974812, 38.71430600000137], [-77.36688699999337, 38.71418699982188], [-77.36709100020789, 38.71408300014479], [-77.36720699966052, 38.71399199986515], [-77.36732499966129, 38.71391399973352], [-77.36747199997438, 38.71378000024323], [-77.36754099957136, 38.71369100005585], [-77.36763299963287, 38.71357200025437], [-77.367739999763, 38.71345200001249], [-77.36781400028116, 38.71334799996698], [-77.36786100013683, 38.71326399976582], [-77.36794700035054, 38.713030999784465], [-77.36800400025196, 38.71282099991764], [-77.36804299971169, 38.71260900032756], [-77.36806199997828, 38.71239500029545], [-77.36806700000115, 38.71204400030347], [-77.3680920001155, 38.711828000152686], [-77.36813099957524, 38.71164100010843], [-77.36819400022274, 38.71143000009337], [-77.36822900038285, 38.71134500017046], [-77.3682899995839, 38.711196999741865], [-77.36839699971402, 38.710997000058875], [-77.36848999960044, 38.71085199974605], [-77.36858699968482, 38.71073999998474], [-77.36863000024084, 38.7107010002582], [-77.36867899974634, 38.71064999993672], [-77.36880199976997, 38.710544999737515], [-77.36894599971002, 38.7104539998607], [-77.36909300002313, 38.710379999813846], [-77.36926299990245, 38.71032599980707], [-77.36946499956879, 38.710283000110074], [-77.36965000041504, 38.710261999694346], [-77.36987100034797, 38.71024299984698], [-77.37003500037952, 38.71023999968619], [-77.37030700036607, 38.71027499991906], [-77.37054500001744, 38.71035099994508], [-77.37059500024615, 38.71036999976374], [-77.37083000042279, 38.710460000164254], [-77.37105899985335, 38.71055799991072], [-77.3713090000986, 38.71066100022903], [-77.37210699961662, 38.71097500027685], [-77.37280700012369, 38.71131900010786], [-77.37324800016462, 38.711542999743706], [-77.3733870000818, 38.71161399988547], [-77.37391699981123, 38.71193100004312], [-77.37434100013375, 38.71229900007941], [-77.37449099992159, 38.71245299976472], [-77.37471299967943, 38.71268099966367], [-77.37477499960373, 38.71274499971367], [-77.37506000000907, 38.713035000076324], [-77.37533000034581, 38.713311000049096], [-77.37583999998375, 38.71386099982914], [-77.3772099999623, 38.71548499976305], [-77.37765199982819, 38.71606200029336], [-77.37780300033924, 38.716257999712475], [-77.37822699976346, 38.716812000027446], [-77.37831700017513, 38.71692199970047], [-77.37840599986359, 38.71703199990512], [-77.37849200007733, 38.71714300013117], [-77.37857699956781, 38.7172559998622], [-77.3786179995757, 38.717310999728696], [-77.37866000030681, 38.717369000115504], [-77.3788209999653, 38.71759699975389], [-77.3788989997831, 38.717711999833504], [-77.37897499995108, 38.71782799990922], [-77.37905199994397, 38.71794799981357], [-77.37912300008908, 38.71806400020715], [-77.37919199968604, 38.71817999971155], [-77.37926000035644, 38.718298000077645], [-77.37932800012851, 38.71841799989376], [-77.37939300042584, 38.7185380002093], [-77.37945600017501, 38.71865800032335], [-77.37951700027438, 38.71877899970284], [-77.37957699965054, 38.7189030000766], [-77.37958000002357, 38.71891600013159], [-77.37968999962844, 38.719146000066445], [-77.37984500033744, 38.71951800003376], [-77.3799830004297, 38.71989299992324], [-77.38010399990522, 38.72027299998137], [-77.38013999989022, 38.72040000030094], [-77.38020699983738, 38.72065499970379], [-77.38028800002823, 38.72102299968132], [-77.38031899999037, 38.721136999720365], [-77.38034699957946, 38.72125199971071], [-77.38037400024196, 38.721367000216866], [-77.38042100009763, 38.72159900022984], [-77.38045899973244, 38.721831000190484], [-77.3804910004178, 38.72206300009882], [-77.38052200037995, 38.72241399995114], [-77.38052599967959, 38.722537000210274], [-77.38053099970247, 38.72260199995974], [-77.38053499990043, 38.72276500018199], [-77.3805249998547, 38.72323299991038], [-77.38050800013626, 38.723466999676454], [-77.38048200019698, 38.72369999997902], [-77.3804400003642, 38.72398300008266], [-77.3803840002877, 38.72428000033822], [-77.38032999986102, 38.72450999982953], [-77.3802999997238, 38.724624999998426], [-77.38026999958656, 38.72473600034544], [-77.38020799966229, 38.72493999975694], [-77.38016199963154, 38.72507999982685], [-77.38012200034687, 38.72519300032394], [-77.38007999961577, 38.72530800009437], [-77.38003699995807, 38.72541800000637], [-77.37999199975222, 38.72552899982225], [-77.37994499989655, 38.72564000016659], [-77.37989600039107, 38.72575100033849], [-77.37984500033744, 38.725861000269255], [-77.37979199973567, 38.72596999996352], [-77.37973700038242, 38.726079000192335], [-77.37967999958269, 38.72618800025486], [-77.37962199985637, 38.72629500002588], [-77.37956099975699, 38.7264020003375], [-77.37949899983272, 38.7265089997881], [-77.37943500025862, 38.72661499972111], [-77.37936900013638, 38.72672000014101], [-77.37930100036431, 38.72682399965063], [-77.3792579998083, 38.72688200002565], [-77.378899999608, 38.7273699996733], [-77.378871000194, 38.7274120002569], [-77.3788200001404, 38.727473000293045], [-77.37877400010963, 38.727536999712065], [-77.3786450002382, 38.7277139997886], [-77.3785740000931, 38.72781399978847], [-77.37828200001503, 38.72809000015505], [-77.3779480001042, 38.72845200019266], [-77.3778640004386, 38.72855099982933], [-77.37778800027063, 38.72865400014809], [-77.37768600016337, 38.72881299977024], [-77.37759999994965, 38.72897899991497], [-77.3775320001776, 38.72914899976475], [-77.37749600019258, 38.72926500019681], [-77.37745699983451, 38.729440000159904], [-77.377440999941, 38.72955800015338], [-77.37750899971304, 38.730317999871374], [-77.37759999994965, 38.731357000259585], [-77.37768899963811, 38.7323060001446], [-77.3778159998597, 38.73324600034859], [-77.37784099997407, 38.73335300006029], [-77.37786699991335, 38.733461000274794], [-77.37792499963965, 38.73367500029526], [-77.3779919995868, 38.733886999761985], [-77.37802799957181, 38.7339929999601], [-77.37806600010497, 38.73409900000097], [-77.37810600028794, 38.73420299998071], [-77.37819199960336, 38.734412000135684], [-77.37833499971849, 38.73471999987639], [-77.37849499955205, 38.73502399992887], [-77.37867100017746, 38.73532199977101], [-77.37893599959301, 38.73571999991606], [-77.3792369998919, 38.7361299997465], [-77.37931600043292, 38.73623099980147], [-77.37939800044869, 38.73633099979149], [-77.37949999965763, 38.7364529999961], [-77.37965100016869, 38.73662400019639], [-77.37983100009374, 38.73681900006041], [-77.3800119998437, 38.737002999652326], [-77.38010599955504, 38.73709599988263], [-77.3802019998145, 38.737187000171616], [-77.38029899989888, 38.73727699973506], [-77.38039799963308, 38.73736899970098], [-77.38049800009053, 38.73745500011037], [-77.38060000019777, 38.7375420003214], [-77.38073800029001, 38.737640000069725], [-77.38161899964874, 38.73826199988452], [-77.38169399999181, 38.73831499991006], [-77.38222700009428, 38.73869300031333], [-77.38248400001223, 38.73887699998216], [-77.38275900037183, 38.739072999884755], [-77.38319100019196, 38.73938300030566], [-77.38334500017775, 38.739512999923456], [-77.38405099963427, 38.740110999882056], [-77.38519300000719, 38.74098099990202], [-77.38540300006949, 38.74114199982272], [-77.38556499955288, 38.741265000070264], [-77.38576200009469, 38.741416000141406], [-77.38583700043776, 38.74145199967043], [-77.38609199980758, 38.741551000208496], [-77.38641300019795, 38.74164000003003], [-77.38669799970498, 38.74169900013406], [-77.38698700030828, 38.7417459999326], [-77.3871429999439, 38.74180499994904], [-77.38724099985319, 38.741841999827585], [-77.38740900008268, 38.74192500022393], [-77.38757300011422, 38.742005000295165], [-77.38765900032794, 38.74204600013927], [-77.38775899988704, 38.74210099984191], [-77.38817399998874, 38.742311999684034], [-77.38834300004315, 38.742367999720074], [-77.38852200014328, 38.74243199980759], [-77.38859400011332, 38.742456999924705], [-77.38870899974103, 38.74249300033023], [-77.38883400031283, 38.7425320002236], [-77.38908799985772, 38.74261999968915], [-77.38933899992789, 38.74272899973663], [-77.38949100026386, 38.742806999944904], [-77.38962599998305, 38.74291000002655], [-77.38970799999883, 38.74300899994454], [-77.38975599967941, 38.743118999926], [-77.38980900028118, 38.74327000028066], [-77.38985500031193, 38.743390000195625], [-77.3898660001826, 38.74355900025931], [-77.38986500035767, 38.74358899978521], [-77.38986100015971, 38.74370800004586], [-77.38984000024331, 38.74385400007119], [-77.3898310000225, 38.74396999974411], [-77.38981299958083, 38.74409300002503], [-77.38976999992312, 38.74423400020598], [-77.38971700021968, 38.744363000291585], [-77.38966399961791, 38.744507999870656], [-77.38957400010453, 38.744667999740955], [-77.3894589995785, 38.74485600004124], [-77.38933800010297, 38.74506700015019], [-77.38916200037588, 38.74530600024766], [-77.38900099981909, 38.74553900008555], [-77.3888960002371, 38.74566199976554], [-77.38879800032781, 38.74578400014446], [-77.38870799991614, 38.74590099997322], [-77.38862300042562, 38.74603299990918], [-77.38855599958016, 38.74615200030041], [-77.38847899958728, 38.7462760001085], [-77.38843599992956, 38.74637500026395], [-77.38839800029474, 38.746449000170216], [-77.38838499987594, 38.74646599993901], [-77.3882769999209, 38.746604000302845], [-77.38824699978366, 38.746646999864176], [-77.38821900019458, 38.74669000010019], [-77.38819200043041, 38.746734000086825], [-77.38816800014096, 38.7467780000463], [-77.38814499967643, 38.74682400022975], [-77.38812399976003, 38.746868999908344], [-77.38810500039176, 38.74691500003316], [-77.38808799977501, 38.74696199990157], [-77.3880729997064, 38.7470089997391], [-77.38806000018593, 38.74705700001822], [-77.38804900031528, 38.747105000265066], [-77.38803599989649, 38.747167000069076], [-77.38803099987359, 38.747191999929626], [-77.38802800039888, 38.747203999971646], [-77.38801400015518, 38.74727699995045], [-77.38800099973639, 38.747361000102444], [-77.38798800021591, 38.747445999922064], [-77.38798400001795, 38.74748199991411], [-77.38796800012442, 38.747650000337444], [-77.38796499975138, 38.74770199993797], [-77.38796099955341, 38.74778700005224], [-77.38795899990359, 38.74787299982584], [-77.38795899990359, 38.74795799973651], [-77.38796200027663, 38.74804400000474], [-77.38796800012442, 38.74815699990641], [-77.38800699958416, 38.74835499976786], [-77.3880579996378, 38.7485279996962], [-77.38810200001872, 38.74864400018277], [-77.38812799995799, 38.7487160003417], [-77.3881980002782, 38.748828999880345], [-77.38824199976081, 38.748886000156354], [-77.38838099967798, 38.74900599974055], [-77.38846900043984, 38.749054000078246], [-77.3885570003034, 38.749078000234995], [-77.38867899960381, 38.74910600005733], [-77.38882000006912, 38.74912800001018], [-77.38887299977257, 38.74913399986874], [-77.38900400019214, 38.74914700002764], [-77.38919599981276, 38.74915200014205], [-77.38934499977567, 38.74914900021359], [-77.38954200031748, 38.74913399986874], [-77.38982199980165, 38.74912800001018], [-77.39002400036634, 38.74913099993952], [-77.39030899987337, 38.74912800001018], [-77.39056900016436, 38.74912800001018], [-77.39077699967852, 38.74913099993952], [-77.39102899957358, 38.7491300001966], [-77.39130300010828, 38.7491259998237], [-77.39145299989612, 38.749141999912936], [-77.39146700013983, 38.74914400009897], [-77.39161199990478, 38.749157000256055], [-77.39170700033932, 38.74916699978246], [-77.39197599995285, 38.74921299982787], [-77.39220600010663, 38.74926999979728], [-77.39230400001591, 38.74929899998548], [-77.39239699990232, 38.749330000342766], [-77.39344300001578, 38.74967599995901], [-77.39361000042037, 38.749715999867256], [-77.39377799975153, 38.749742999705084], [-77.39395000017898, 38.74975700018783], [-77.39409499994393, 38.74975899965604], [-77.39446099964185, 38.74973300025934], [-77.39469499999356, 38.74972899992017], [-77.39474799969702, 38.749729999654704], [-77.3949589995842, 38.749733999993815], [-77.39516399962363, 38.74973300025934], [-77.39525800023327, 38.74973199982426], [-77.3955560001591, 38.74973100008981], [-77.39568000000767, 38.749729999654704], [-77.39576299984833, 38.74972500028138], [-77.39585699955965, 38.74971299996249], [-77.39603599965982, 38.74967300005257], [-77.3964220003475, 38.74958500017182], [-77.3965760003333, 38.74952999992858], [-77.39674200001465, 38.74946099980552], [-77.39692000028988, 38.74936699982497], [-77.3971830000556, 38.749298000244906], [-77.39749500022515, 38.7491889997165], [-77.39759599960917, 38.749174999822955], [-77.39778599957997, 38.74916699978246], [-77.39792399967223, 38.749187999974396], [-77.3980760000082, 38.749220000121504], [-77.39817800011545, 38.74928099974923], [-77.39822800034415, 38.74932800016189], [-77.39831899968244, 38.74948199991092], [-77.39849100010989, 38.749902000021905], [-77.39856599955465, 38.75002799978353], [-77.39871799989062, 38.75017499992497], [-77.39918599969576, 38.750565999799996], [-77.3998910002257, 38.75114899974859], [-77.40034899998507, 38.7515189996928], [-77.40056499989514, 38.751705999760574], [-77.40078800037621, 38.7518480000243], [-77.4009980004385, 38.752004999750305], [-77.40117800036356, 38.752135999908866], [-77.40135699956538, 38.75224900033913], [-77.40150600042662, 38.752306999684556], [-77.40158599989425, 38.75233699973819], [-77.40163500029804, 38.75235600030273], [-77.40176699964421, 38.75238000004995], [-77.40205299987447, 38.75239400001549], [-77.40215300033192, 38.752391999920526], [-77.40220000018756, 38.75239100022327], [-77.40260500024353, 38.75231700017088], [-77.40292499991067, 38.75221700014863], [-77.40367200027339, 38.75190400028748], [-77.40376000013693, 38.751852999949534], [-77.40383899977965, 38.7518090003155], [-77.40391400012271, 38.751755000090725], [-77.40399500031357, 38.75169700029679], [-77.40404399981905, 38.75163399981499], [-77.40412800038295, 38.75153900018426], [-77.40425999972912, 38.751350999967194], [-77.4043919999736, 38.751175999745016], [-77.40445200024806, 38.7510899997468], [-77.40464300004378, 38.75067899991329], [-77.40486700034977, 38.75028500007583], [-77.40500999956657, 38.75003400026705], [-77.40512799956736, 38.749729999654704], [-77.40514600000901, 38.74962800003951], [-77.40514299963596, 38.74947600008161], [-77.40513199976532, 38.74938899969733], [-77.40495900041127, 38.748917999738225], [-77.40479700002955, 38.74846799987784], [-77.40471099981583, 38.74824200017957], [-77.40466099958711, 38.748116999825285], [-77.40463899984582, 38.74799299971155], [-77.40459100016524, 38.7478720000653], [-77.40455799965495, 38.7477780000944], [-77.40452199966994, 38.747698000185615], [-77.40448099966206, 38.74761800018718], [-77.40442200011083, 38.747525000347835], [-77.40434000009506, 38.747412999913465], [-77.4042370001629, 38.74730100000395], [-77.40412500000991, 38.747206000212024], [-77.4040329999484, 38.747121000106624], [-77.40398000024496, 38.747054000001725], [-77.4038780001377, 38.746896000122256], [-77.40383100028204, 38.74680300004306], [-77.40378199987823, 38.74667199990681], [-77.40375000009118, 38.74656600031053], [-77.40374699971814, 38.74649000026519], [-77.40375699976387, 38.74639200005042], [-77.40377500020554, 38.746292999918495], [-77.4038000003199, 38.74623400010722], [-77.40381299984037, 38.74620200002294], [-77.40385100037352, 38.74615000003055], [-77.40387300011483, 38.74612099996443], [-77.40393900023707, 38.74605599989426], [-77.40394699973467, 38.74604699971822], [-77.40402299990266, 38.74598999997807], [-77.40419100013214, 38.74591000016772], [-77.40435099996573, 38.74586499988464], [-77.40452699969282, 38.74584700018386], [-77.40476199986946, 38.74587100001747], [-77.40497699995463, 38.74590700010298], [-77.40515400040492, 38.74594099989467], [-77.40570000002789, 38.746035000182324], [-77.40581899985357, 38.746048000204894], [-77.40604300015954, 38.74604200008699], [-77.40623700032832, 38.74603299990918], [-77.40639299996394, 38.746035000182324], [-77.40648199965239, 38.74604100030081], [-77.40687900021074, 38.746035000182324], [-77.40707400020439, 38.7460060000695], [-77.40721200029665, 38.745963999909385], [-77.40736600028245, 38.74590899967907], [-77.40743499987943, 38.745881000004125], [-77.40752100009315, 38.74584499990545], [-77.40765300033762, 38.745768999793285], [-77.40775200007182, 38.74567199978147], [-77.40791899957809, 38.74539600008876], [-77.40796200013412, 38.74533299965137], [-77.40804499997478, 38.74525699969485], [-77.40810500024925, 38.74520300011906], [-77.40812600016565, 38.74518999994259], [-77.40824699964115, 38.74511600013275], [-77.40839499977915, 38.745054999748945], [-77.408439999985, 38.74503699984396], [-77.4085529999629, 38.745001000020395], [-77.40865300042034, 38.74496800028294], [-77.40885000006382, 38.7449200000007], [-77.40907000017185, 38.74488499992046], [-77.40932000041711, 38.74483899988906], [-77.40980599976561, 38.7447759996609], [-77.41005400036103, 38.74474800024224], [-77.41031899977658, 38.744713999882514], [-77.41058099971741, 38.74469100016573], [-77.41081599989407, 38.74465900009054], [-77.41100900023791, 38.74465500016771], [-77.41116900007145, 38.74465599997329], [-77.41132399988216, 38.74466699993554], [-77.41147600021813, 38.74469199997081], [-77.41157699960216, 38.744734000178504], [-77.41161400031038, 38.744759999994436], [-77.41168200008245, 38.74480600007673], [-77.41177400014396, 38.74493199972393], [-77.41181699980166, 38.745029999840774], [-77.41190200019048, 38.74532099999551], [-77.4119380001755, 38.74547299969146], [-77.41196300028984, 38.74563000012553], [-77.41197199961238, 38.74576199986186], [-77.41197300033559, 38.745841999838035], [-77.41197300033559, 38.746019999883835], [-77.41194800022124, 38.74616699987054], [-77.41191899990892, 38.74639899992009], [-77.4118960003427, 38.746579000236416], [-77.41187000040343, 38.74668700006827], [-77.41185100013685, 38.746790999933594], [-77.41182799967233, 38.74692499987359], [-77.41182400037268, 38.74694699979789], [-77.41176800029618, 38.7471270001339], [-77.4117060003719, 38.7473079997845], [-77.41163000020393, 38.747505000133025], [-77.41152700027176, 38.74768900021655], [-77.4113900000044, 38.7479070000825], [-77.41128600024733, 38.748082999668625], [-77.41115999985064, 38.7482760002605], [-77.41104900042087, 38.748479999705445], [-77.41096400003205, 38.748675000123875], [-77.41086600012277, 38.74888900009587], [-77.41073800007625, 38.749128999753125], [-77.41064600001475, 38.74927199997973], [-77.4106159998775, 38.74931599977627], [-77.41050700009757, 38.74943600003889], [-77.41040900018828, 38.74953700019119], [-77.41038499989884, 38.749558000274234], [-77.41030399970799, 38.74963000021199], [-77.41008899962281, 38.74981099982225], [-77.40993299998719, 38.74994000034044], [-77.40983900027588, 38.75001400005452], [-77.4095870003808, 38.750213000098135], [-77.40943800041788, 38.75033499970624], [-77.4092690003635, 38.75048799966087], [-77.40917700030198, 38.750568999668914], [-77.4089749997373, 38.75075600012357], [-77.40876800004807, 38.750925999984446], [-77.40860700038958, 38.75106900011436], [-77.40838899993138, 38.75124399989832], [-77.40820599963327, 38.75139700000645], [-77.40801499983758, 38.75155699985112], [-77.4078049997753, 38.75176200013515], [-77.40755999955289, 38.75197300015095], [-77.40745999999378, 38.75205800008404], [-77.40726400017522, 38.75217700024066], [-77.4071160000372, 38.75226499972848], [-77.40697100027224, 38.752370000273025], [-77.40684099967758, 38.75248100024039], [-77.40674199994338, 38.752598000303145], [-77.4066730003464, 38.75267800032549], [-77.40655600017054, 38.75282900007958], [-77.40645400006329, 38.75297100021101], [-77.40638000044345, 38.75313599986586], [-77.40636799984958, 38.7532809998421], [-77.40637000039771, 38.75342099970878], [-77.40640700020762, 38.753558999939116], [-77.40646400010904, 38.753694000165176], [-77.40655799982036, 38.753831999867714], [-77.40668199966893, 38.75395900007397], [-77.40684499987553, 38.754081000285495], [-77.40701899995281, 38.75419599978295], [-77.40723700041102, 38.75429999991814], [-77.40742700038182, 38.75437800009525], [-77.40761399997957, 38.75445600018713], [-77.40780800014832, 38.754553999840425], [-77.40783400008759, 38.754572999814826], [-77.40793100017198, 38.75464100023483], [-77.4085310002216, 38.754896000006916], [-77.40868299965925, 38.75495800005009], [-77.40884400021604, 38.75502600010329], [-77.40898499978303, 38.755083000334906], [-77.40934999965602, 38.75522900021672], [-77.40946299963393, 38.75527299984421], [-77.40958200035793, 38.75531599978833], [-77.40979599971988, 38.75540800033119], [-77.40997499982001, 38.75550099970863], [-77.41004599996512, 38.75553800019558], [-77.41013999967645, 38.75557899997438], [-77.41025900040044, 38.755623999738624], [-77.41035999978448, 38.75566300016519], [-77.41045500021903, 38.75571100022984], [-77.41058999993822, 38.755783999916034], [-77.41070399974106, 38.75583199989936], [-77.4109049995825, 38.75593199976085], [-77.41111899984276, 38.756044000139916], [-77.41138800035458, 38.75618000021383], [-77.41147600021813, 38.756229999918325], [-77.41159900024176, 38.75631499968581], [-77.41183000022045, 38.756443000018244], [-77.4121990002914, 38.75660600007648], [-77.41254700044595, 38.75677099973478], [-77.41293300023534, 38.756939000013915], [-77.41314599977234, 38.75706400033199], [-77.41339900039063, 38.757184999809226], [-77.41366999965398, 38.75732000018231], [-77.4137759999592, 38.75737899993825], [-77.4138810004395, 38.757435999691765], [-77.41397400032591, 38.75746599969124], [-77.41406800003725, 38.75751900017318], [-77.41418100001515, 38.75758899983744], [-77.41424299993942, 38.75762200004563], [-77.41430900006168, 38.75765999975696], [-77.41438500022964, 38.75769099998583], [-77.41447700029116, 38.757715999663404], [-77.41456000013184, 38.75773199992884], [-77.41463100027693, 38.757750000135594], [-77.41482600027061, 38.75774800019065], [-77.41499500032502, 38.75773300025176], [-77.41518600012073, 38.75772400014681], [-77.41529499990068, 38.75773100030638], [-77.41540700005366, 38.757754000025216], [-77.41551699965852, 38.75780799991468], [-77.41559700002446, 38.75785700025902], [-77.4156770003904, 38.757907000189675], [-77.41572599989588, 38.75794900032848], [-77.41579200001813, 38.758012999758705], [-77.41584999974444, 38.75806999970639], [-77.41594500017901, 38.758188000031026], [-77.41604100043847, 38.75833700010876], [-77.41611599988323, 38.75845899984209], [-77.41615900043925, 38.758545999679534], [-77.4162120001427, 38.75862999988094], [-77.41628400011271, 38.75876500032264], [-77.41635100005986, 38.75890899976516], [-77.4164020001135, 38.759030999921634], [-77.41642899987767, 38.75908399994187], [-77.41647999993131, 38.759168000210494], [-77.4165150000914, 38.759251999679805], [-77.4165379996576, 38.75932800014844], [-77.41655100007641, 38.75938799994516], [-77.41662100039662, 38.75951100028127], [-77.41664999981062, 38.759586000177165], [-77.41666499987923, 38.75965599991551], [-77.41666599970414, 38.75970799987681], [-77.41670000003933, 38.75979500029314], [-77.41673699984925, 38.7598819999029], [-77.41676199996361, 38.75995500022634], [-77.41679100027594, 38.76005999996563], [-77.41681200019232, 38.760107000285906], [-77.41684800017734, 38.76018299984406], [-77.41689900023096, 38.76026400005821], [-77.41694100006374, 38.76033199995951], [-77.41698299989653, 38.760392000313054], [-77.41702800010239, 38.76046599969891], [-77.41707099976009, 38.76054600000886], [-77.41713600005743, 38.760636999832094], [-77.41719499960864, 38.760725999677845], [-77.41723300014179, 38.760791999979766], [-77.41725700043125, 38.760848000230496], [-77.41727999999746, 38.760900000023724], [-77.41729300041625, 38.760958000044695], [-77.417295999891, 38.761072999669196], [-77.41726999995171, 38.761143000050346], [-77.41722899994384, 38.76120899996659], [-77.41720399982948, 38.76124000005476], [-77.41718600028614, 38.761261000197244], [-77.4170220002546, 38.76137900014897], [-77.41683399993362, 38.761496999905575], [-77.41664800016079, 38.76160500028351], [-77.41637899964896, 38.76173399980077], [-77.41627300024207, 38.76177099985819], [-77.4161779998075, 38.76182700004114], [-77.41603399986745, 38.761888000102886], [-77.41596299972235, 38.76191899989609], [-77.41584200024684, 38.761968999782695], [-77.41573400029182, 38.76202400024793], [-77.41559000035177, 38.76210100012761], [-77.41546700032812, 38.76215700005157], [-77.41534799960411, 38.76219500015005], [-77.4152890000529, 38.76220499995143], [-77.4152139997098, 38.76221700027155], [-77.41509800025717, 38.76223199996845], [-77.41495599996695, 38.762252999818955], [-77.41486899992832, 38.76225400007854], [-77.41479500030847, 38.762239999945585], [-77.41450800025329, 38.76217999974495], [-77.41441100016891, 38.76214599998243], [-77.41419100006088, 38.76200899980688], [-77.41401799980852, 38.761930000000234], [-77.41391900007433, 38.7619049996974], [-77.4138400004316, 38.761891999760586], [-77.41374199962401, 38.76189400028983], [-77.4136639998062, 38.76190200030485], [-77.41357799959248, 38.76192699990831], [-77.4135159996682, 38.76195200020343], [-77.41342899962956, 38.76199299979987], [-77.41338099994898, 38.76203400007328], [-77.41332400004758, 38.76207299979891], [-77.41329200026053, 38.76209300013489], [-77.4132420000318, 38.762131000267445], [-77.41320400039697, 38.76216099969419], [-77.41312400003102, 38.76224499984327], [-77.41306799995454, 38.76230900032411], [-77.41302000027396, 38.762368999715854], [-77.41297099987015, 38.762428000200956], [-77.41291499979366, 38.762505000345115], [-77.41286799993799, 38.76256899989228], [-77.41282299973216, 38.76264500033071], [-77.41278500009733, 38.76273199996823], [-77.41278000007445, 38.76274299994705], [-77.41277900024953, 38.76279700026421], [-77.41277599987649, 38.76286600010412], [-77.4127690002038, 38.76293600012735], [-77.41274999993723, 38.76304000013514], [-77.41274900011231, 38.76310099986037], [-77.41273599969351, 38.76326499966691], [-77.41274200043962, 38.76335699976916], [-77.41273700041674, 38.76346699991848], [-77.4127349998686, 38.76361600018146], [-77.41272999984572, 38.763697000001144], [-77.41272099962491, 38.76379700004944], [-77.41272399999795, 38.76387899990043], [-77.41271899997508, 38.76395899988634], [-77.41272399999795, 38.76407700027971], [-77.41271700032527, 38.764188000251956], [-77.41270899992934, 38.764237999949586], [-77.4126939998607, 38.764311000019546], [-77.4126770001423, 38.76437999979635], [-77.41268299999008, 38.76446700012024], [-77.41269300003582, 38.764538999728416], [-77.41271099957916, 38.764662999817155], [-77.41270700027951, 38.764727999754996], [-77.41271099957916, 38.76479800005287], [-77.41271200030239, 38.764859999899116], [-77.412727000371, 38.7649199999476], [-77.41272399999795, 38.76500000016719], [-77.41272800019591, 38.76507000019827], [-77.41274200043962, 38.76514400033649], [-77.41275400013518, 38.76520800031842], [-77.41277800042461, 38.765281000096415], [-77.41280900038677, 38.76532799977964], [-77.41286200009021, 38.765373999916505], [-77.4128960004254, 38.76542899985847], [-77.41290599957281, 38.7654470002251], [-77.41297199969507, 38.76552099997232], [-77.41310899996243, 38.765687999754036], [-77.41314599977234, 38.765730000216415], [-77.41322199994033, 38.765817000295094], [-77.41329800010831, 38.76590000013439], [-77.41339799966742, 38.76603699984358], [-77.4134660003378, 38.766116000006186], [-77.41349700029994, 38.76614199973912], [-77.41356099987404, 38.766193999877025], [-77.41357699976757, 38.76620799993457], [-77.41366800000415, 38.76626000002439], [-77.41376199971549, 38.76631399978119], [-77.41391599970127, 38.76638299972223], [-77.41398699984639, 38.766417999768294], [-77.41410499984717, 38.76646600030391], [-77.41421299980219, 38.76649300010946], [-77.41437299963577, 38.766519999904794], [-77.41442399968939, 38.76652999980045], [-77.41454099986525, 38.76655300018552], [-77.414663000064, 38.76657499966379], [-77.4147550001255, 38.76658299985443], [-77.41480100015625, 38.76658699994945], [-77.41482700009553, 38.766589000347054], [-77.41498399955606, 38.76659500013874], [-77.4152339998013, 38.766613000211166], [-77.41528400003001, 38.766635999869045], [-77.41540600022876, 38.76667199998871], [-77.41548499987147, 38.766727000330945], [-77.41555199981862, 38.76680400003845], [-77.41562899981152, 38.766919000047196], [-77.41567300019244, 38.76699799993363], [-77.4157269997208, 38.76708700025064], [-77.41577799977443, 38.76717599975615], [-77.41579399966795, 38.767268999907834], [-77.41580899973657, 38.76738600024275], [-77.41581700013249, 38.76745799970698], [-77.41581499958434, 38.76755800008742], [-77.41576799972867, 38.76779600034514], [-77.41569199956069, 38.76817500032919], [-77.4155850003289, 38.76859400023573], [-77.41547200035099, 38.76899900027543], [-77.41543999966564, 38.76915399976875], [-77.4153740004417, 38.76938700020805], [-77.41533799955836, 38.76948699998585], [-77.41525399989278, 38.76963799989598], [-77.41521200006, 38.76970700012423], [-77.41510599975479, 38.76981899989585], [-77.41499799979975, 38.76993699970265], [-77.41483799996618, 38.77008500031218], [-77.41453300036765, 38.77029200020001], [-77.41416199974859, 38.770519999706195], [-77.41378500018001, 38.7707329998766], [-77.41355000000338, 38.77085199971135], [-77.4132260001383, 38.77099899968634], [-77.41300000018248, 38.771086000343566], [-77.41283199995299, 38.771169999790665], [-77.41272200034813, 38.77125100013931], [-77.41264799982996, 38.77133899992104], [-77.41261100002005, 38.77142399990164], [-77.4125869997306, 38.771513999729464], [-77.4125869997306, 38.771551999747146], [-77.4125869997306, 38.77161699971211], [-77.4126289995634, 38.771711999931476], [-77.41270399990648, 38.77180999970082], [-77.41277199967853, 38.77187699968003], [-77.4128470000216, 38.77194300017298], [-77.41298400028894, 38.77205800030229], [-77.41306100028184, 38.772132000196166], [-77.4131909999782, 38.772253000037], [-77.41322399959014, 38.77229199977988], [-77.41329999975814, 38.77238500026601], [-77.41339099999472, 38.77252999965235], [-77.41351999986615, 38.77268100012492], [-77.41369399994343, 38.772813000262275], [-77.41386399982275, 38.7728919999252], [-77.41405399979354, 38.772968999982275], [-77.41419000023596, 38.77303000032329], [-77.4143530004426, 38.77307199996515], [-77.41443999958292, 38.773090999911716], [-77.41452400014683, 38.77310299980164], [-77.41468800017834, 38.77314999993476], [-77.4148749997761, 38.77321700005608], [-77.41506800011994, 38.77329499986713], [-77.41528400003001, 38.773400999689166], [-77.41548400004656, 38.773495000232025], [-77.41571400020032, 38.77362899976356], [-77.4159300001104, 38.773745000074655], [-77.41612599992898, 38.77386800017424], [-77.41627200041715, 38.77394499987814], [-77.41649099980197, 38.77408000005876], [-77.41674199987213, 38.77421499998394], [-77.41699999961497, 38.774357999672645], [-77.4172540000582, 38.774493999859935], [-77.4174669995952, 38.77461299972356], [-77.41763999984758, 38.774710000324724], [-77.4178380002143, 38.774791000155325], [-77.41808000006363, 38.77488699973165], [-77.41829900034674, 38.774966999980236], [-77.41848799959432, 38.77502900009365], [-77.41865499999889, 38.7750769997378], [-77.41890100004619, 38.77513400006119], [-77.41907599994838, 38.77517499978644], [-77.419267999569, 38.77522500018813], [-77.41959900000509, 38.775327000338606], [-77.41969600008949, 38.775365999801465], [-77.4198099998923, 38.77543500009179], [-77.41987099999167, 38.77549599972451], [-77.41993399974086, 38.77556199967015], [-77.41995600038048, 38.77558499994457], [-77.42003699967303, 38.775687999651474], [-77.42012100023693, 38.77577600026234], [-77.42017800013832, 38.775857000282976], [-77.4202889995681, 38.77594399991739], [-77.42045599997267, 38.776012000282186], [-77.42066600003497, 38.77605899989915], [-77.42085799965557, 38.776074000187556], [-77.42100800034173, 38.77607200005591], [-77.4211199995964, 38.776035999777584], [-77.42127299975728, 38.776012000282186], [-77.42140300035194, 38.776035999777584], [-77.42149500041344, 38.776107000250796], [-77.4215840001019, 38.77620600034877], [-77.42166799976748, 38.77633199989274], [-77.42173200023991, 38.77645000013087], [-77.42177599972253, 38.776573999826546], [-77.42177999992047, 38.77664200029103], [-77.42178199957031, 38.77667700020614], [-77.42178400011844, 38.77670200023509], [-77.4217880003164, 38.776732999894605], [-77.42179300033928, 38.776777000269234], [-77.42179699963893, 38.776810000007146], [-77.42180500003484, 38.77684399978485], [-77.42181099988262, 38.776875000082924], [-77.42184199984476, 38.77695099998868], [-77.42188799987551, 38.77700099984566], [-77.42192999970831, 38.777047000159314], [-77.42203699983843, 38.77714100009905], [-77.42217199955765, 38.777218999820896], [-77.4223239998936, 38.777289999816766], [-77.4225280001081, 38.77735999969416], [-77.42273499979736, 38.777441000016836], [-77.42287899973739, 38.77751499992855], [-77.42298199966956, 38.77758899976354], [-77.42310600041644, 38.777669999826074], [-77.42331099955753, 38.77775800009235], [-77.42353099966554, 38.777829000251955], [-77.42392599967576, 38.77793699971805], [-77.42437900031061, 38.77804100026837], [-77.42470099962758, 38.778134000261694], [-77.42496699976634, 38.778213000333956], [-77.42522000038466, 38.77832199995312], [-77.42544499961724, 38.77842699997486], [-77.42571900015193, 38.77853800002981], [-77.42617000023863, 38.778793999870125], [-77.4263640004074, 38.77887700001772], [-77.42651400019524, 38.778910000184524], [-77.42668099970149, 38.77898900009749], [-77.42680899974802, 38.7790869996729], [-77.42691500005321, 38.779184999813886], [-77.42704499974957, 38.77931999988048], [-77.42716600012339, 38.77943199996488], [-77.42730500004056, 38.77952100017535], [-77.42749500001136, 38.77965500029057], [-77.42775500030235, 38.77982399992538], [-77.42803399996163, 38.77998299975062], [-77.42831099997105, 38.780132999842166], [-77.42852500023129, 38.78026800021504], [-77.42871799967683, 38.78037900020565], [-77.4289279997391, 38.7805160001199], [-77.42907800042525, 38.78063199973417], [-77.42923999990865, 38.780767999862654], [-77.42937600035107, 38.78088699976228], [-77.4295040003976, 38.780973000266435], [-77.42963200044412, 38.781033000068206], [-77.42978999972955, 38.78110299977309], [-77.42995600030922, 38.781155000209615], [-77.43013700005919, 38.78118100006356], [-77.43015899980048, 38.781184000046125], [-77.4301799997169, 38.78118300005194], [-77.43038999977918, 38.781172000115205], [-77.43056100038173, 38.78113900029479], [-77.43057999974998, 38.78113500031554], [-77.43076300004807, 38.781071999912214], [-77.43090199996526, 38.780993000205946], [-77.43104400025547, 38.78088099977211], [-77.43114700018762, 38.78076699986262], [-77.43126600001332, 38.780621999714455], [-77.4313970004329, 38.780472999955364], [-77.43152799995416, 38.78033999998258], [-77.43167199989419, 38.78020899977747], [-77.4318200000322, 38.780098000222544], [-77.43196300014732, 38.780012000063685], [-77.43215399994303, 38.779937999941765], [-77.43234999976163, 38.77986099970491], [-77.43254399993037, 38.77980499967148], [-77.4326729998018, 38.7797749999606], [-77.43273899992403, 38.7797599997503], [-77.43282199976473, 38.77974900029432], [-77.432855000275, 38.779747000265736], [-77.43293999976551, 38.779742000194005], [-77.43307700003284, 38.77978600011282], [-77.43321299957698, 38.77986299973035], [-77.43331600040746, 38.77995900018286], [-77.43342299963925, 38.78009900023189], [-77.4334610001724, 38.7801730001868], [-77.43349700015742, 38.7802420000282], [-77.43350600037824, 38.78028600033881], [-77.43352800011955, 38.78038600024344], [-77.43353999981512, 38.78046499992186], [-77.43354999986086, 38.780533000177776], [-77.43354999986086, 38.78069199982279], [-77.43354300018817, 38.78074099985778], [-77.43351499970078, 38.780953000321304], [-77.43348100026388, 38.7811919999989], [-77.43344500027888, 38.781629000259336], [-77.43342199981434, 38.78189100011364], [-77.43339900024813, 38.782108999846734], [-77.43339199967711, 38.782163000210815], [-77.43337499995867, 38.782317999809855], [-77.43336699956276, 38.78239600017188], [-77.43335800024023, 38.78259500025106], [-77.4333559996921, 38.78264299970496], [-77.43334999984431, 38.782716999820906], [-77.43333899997369, 38.78284199979509], [-77.43332100043033, 38.783047999806584], [-77.43332200025523, 38.78306200005773], [-77.43332399990506, 38.78310000022529], [-77.43333899997369, 38.78338500013649], [-77.4333470003696, 38.78352499976165], [-77.43334399999654, 38.783657000136806], [-77.43333999979858, 38.78384400001656], [-77.43333800014875, 38.783941999922426], [-77.43333499977571, 38.78423199972665], [-77.43333300012587, 38.784480999798156], [-77.43330899983644, 38.78494400009132], [-77.43328600027023, 38.78511199985662], [-77.43327299985143, 38.78518600021114], [-77.43326000033095, 38.78527400030574], [-77.43321500012512, 38.785388999947315], [-77.43319500003362, 38.78544699966572], [-77.43317300029233, 38.7855089997713], [-77.43314800017797, 38.78558099984888], [-77.43313200028443, 38.78561199985013], [-77.43305899959118, 38.78578499979048], [-77.43305299974341, 38.78580000013386], [-77.43301099991062, 38.7860220002254], [-77.43300599988774, 38.78606599977031], [-77.43297900012357, 38.78631599966122], [-77.43297800029865, 38.786350999730004], [-77.43297099972764, 38.786669000028226], [-77.43297800029865, 38.786751000196546], [-77.43299500001707, 38.78695000002508], [-77.43302299960617, 38.78702000022328], [-77.4330539995683, 38.78708899974121], [-77.43310200014722, 38.787190999728224], [-77.43311999969056, 38.78722699997713], [-77.43315599967558, 38.787294000177994], [-77.43319400020872, 38.78736200022343], [-77.4332510001101, 38.78745599987054], [-77.43337900015663, 38.78760100012598], [-77.43347100021815, 38.787705999788805], [-77.4336799995572, 38.78792300004913], [-77.43375099970231, 38.78799599968811], [-77.43388200012188, 38.7881420001423], [-77.43401600001619, 38.78829199987543], [-77.43412700034426, 38.78839799981401], [-77.43430300007135, 38.788572999777195], [-77.4345940003245, 38.78880200024855], [-77.43480000018883, 38.78895999977496], [-77.43487899983154, 38.78901700020502], [-77.43508600041909, 38.78917099972641], [-77.43538799964456, 38.78936999980201], [-77.43548499972896, 38.78943799996789], [-77.43557900033859, 38.78952200020685], [-77.43563000039222, 38.78958099994036], [-77.43570099963902, 38.78965800018377], [-77.43586800004358, 38.78984100023757], [-77.43590800022656, 38.78989000028701], [-77.43601500035668, 38.790028000002344], [-77.4360720002581, 38.79011099967712], [-77.43617900038822, 38.79026700006978], [-77.43633699967364, 38.79048299967279], [-77.43650099970517, 38.7906799998649], [-77.43657600004826, 38.79081099973746], [-77.43664999966809, 38.7909429999268], [-77.43670300026984, 38.791128999746846], [-77.43672300036134, 38.791318999890116], [-77.43672099981322, 38.7914150003227], [-77.43668700037632, 38.791542999998164], [-77.43665399986607, 38.79166399981375], [-77.43643899978089, 38.79226900001172], [-77.43642600026041, 38.79232400022068], [-77.43641299984162, 38.79238199989853], [-77.4363969999481, 38.79248899989266], [-77.43639100010033, 38.79254499976666], [-77.43638799972727, 38.79259999976264], [-77.43639399957505, 38.7926579999161], [-77.43640199997098, 38.792707999962275], [-77.43641200001672, 38.79275799997332], [-77.43642399971229, 38.792807999949304], [-77.43643799995598, 38.79285700005979], [-77.4364539998495, 38.792906000136554], [-77.43646300007035, 38.79293000024761], [-77.43647200029118, 38.79295500017968], [-77.43649200038266, 38.793002999660544], [-77.43651400012396, 38.793049999981555], [-77.4365380004134, 38.79309800009862], [-77.43656299962946, 38.79314399983038], [-77.43663999962234, 38.79321599989889], [-77.43683700016415, 38.79348000022806], [-77.43686499975325, 38.79351699992292], [-77.43705399989913, 38.793860999894264], [-77.43706800014283, 38.79388600019991], [-77.4370790000135, 38.79390600001804], [-77.43720200003713, 38.79411200026877], [-77.4372489998928, 38.79418899981872], [-77.43736500024376, 38.79434300006947], [-77.43745399993222, 38.794460000101175], [-77.43754400034389, 38.7945779997471], [-77.43755699986438, 38.79459700026521], [-77.43772000007098, 38.794810999744094], [-77.43782399982807, 38.79494799993357], [-77.43787700042984, 38.795059000175094], [-77.43788199955439, 38.79507000006974], [-77.43794199982885, 38.79521699983594], [-77.43796899959302, 38.79533099974593], [-77.43798299983673, 38.79538499989762], [-77.43799000040774, 38.79552000009778], [-77.43797600016403, 38.79561299969798], [-77.43797500033912, 38.795645999820536], [-77.43797199996607, 38.79575100023614], [-77.43798399966165, 38.795861000138906], [-77.43799200005756, 38.79593400005069], [-77.43804099956303, 38.7960640002839], [-77.43810800040853, 38.79616800029968], [-77.43819500044715, 38.79629800010608], [-77.43823899992977, 38.79634999996221], [-77.43826400004411, 38.796379999700406], [-77.438341000037, 38.796455999820786], [-77.43839499956538, 38.796543000227565], [-77.43841899985482, 38.79661399988535], [-77.43848599980197, 38.79671600024612], [-77.4385159999392, 38.796783999705404], [-77.43854699990133, 38.79682500028498], [-77.438593999757, 38.7969749999503], [-77.43866200042737, 38.79714300006878], [-77.43873900042028, 38.79736799984466], [-77.43877100020734, 38.79744800007612], [-77.43879399977355, 38.7975040002547], [-77.43888699965997, 38.79770000018313], [-77.43902999977509, 38.79801399983084], [-77.43907199960789, 38.79812200022829], [-77.43911799963864, 38.79828600002612], [-77.439150000324, 38.79840299988604], [-77.43917399971514, 38.79850300028426], [-77.43919399980663, 38.7986259996855], [-77.43922499976877, 38.79870099976264], [-77.4392680003248, 38.7987779999557], [-77.43933600009686, 38.79888299995765], [-77.43939299999825, 38.798976000070255], [-77.43947900021199, 38.79906100001426], [-77.43955500037997, 38.79910900028381], [-77.43965400011417, 38.799145000114684], [-77.43966800035788, 38.799150999968056], [-77.43974100015281, 38.79918099992737], [-77.43979600040439, 38.79922199982807], [-77.43981999979553, 38.79926999998913], [-77.4398330002143, 38.799345999828006], [-77.43983800023717, 38.799364999775065], [-77.43985400013071, 38.7994159997553], [-77.43989400031367, 38.79948400013895], [-77.43994600019221, 38.799551999757554], [-77.44000800011649, 38.799643000226695], [-77.44009099995718, 38.79976299985984], [-77.44017200014804, 38.799909000016186], [-77.44029299962354, 38.80008800003948], [-77.44035700009597, 38.80016399970604], [-77.4404590002032, 38.80026700031319], [-77.44054399969369, 38.800349000241454], [-77.44062499988456, 38.80043399994799], [-77.44069900040273, 38.80051999997617], [-77.44085400021342, 38.800666999702635], [-77.4409520001227, 38.80074899987077], [-77.44104599983403, 38.800835000218875], [-77.44111000030645, 38.800892999971744], [-77.44115299996416, 38.8009320001532], [-77.44128600003354, 38.80105599997802], [-77.44129799972912, 38.80106800006249], [-77.44136300002644, 38.80113200001238], [-77.44148199985213, 38.801266999827554], [-77.44156999971567, 38.80135699979561], [-77.44163099981503, 38.80143300020903], [-77.44173899977008, 38.80159700008808], [-77.44185599994594, 38.80175099973336], [-77.44195499968015, 38.80188900028735], [-77.44203300039628, 38.80199899981719], [-77.44213600032843, 38.80215000019357], [-77.44215300004687, 38.80217899989076], [-77.44219599970457, 38.80225099993292], [-77.44225699980393, 38.80236100030403], [-77.44230600020774, 38.80245199998631], [-77.44238900004842, 38.80260500019024], [-77.4424230003836, 38.802669000159824], [-77.4424939996304, 38.80279999969948], [-77.4426330004459, 38.80309199986941], [-77.44272299995926, 38.80324500009925], [-77.44273399982991, 38.80326500009128], [-77.4427830002337, 38.8033429999366], [-77.44283900031022, 38.80341799994966], [-77.4428879998157, 38.80347299995572], [-77.44290200005942, 38.80348899975857], [-77.44294300006729, 38.803532000042324], [-77.44298400007516, 38.80357699966022], [-77.44303099993083, 38.80361700015236], [-77.44308399963428, 38.80365299980605], [-77.4431420002589, 38.80368400034887], [-77.4432050000081, 38.80370999968719], [-77.44327000030543, 38.80373000024877], [-77.44332899985666, 38.80374300026075], [-77.44343400033696, 38.80375900000299], [-77.44353899991894, 38.803769999954945], [-77.44364600004907, 38.80377400006436], [-77.44375300017919, 38.80377100033233], [-77.44395499984556, 38.80375499989274], [-77.44425000029665, 38.80370600027426], [-77.44446299983368, 38.80369399993392], [-77.4447959999196, 38.803691000198576], [-77.44523299976261, 38.8036780001771], [-77.44560299965846, 38.803678999855755], [-77.44598199977516, 38.80369599999078], [-77.44627100037846, 38.803708000330786], [-77.44635800041709, 38.80371399979997], [-77.44644999958028, 38.8037260001369], [-77.44653800034216, 38.803743999938455], [-77.44662200000775, 38.80376799990017], [-77.4467040000235, 38.80379800001596], [-77.44693300035236, 38.803865999718255], [-77.44700199994934, 38.80388400018452], [-77.44707800011732, 38.803895999792736], [-77.4471550001102, 38.803903000321675], [-77.44723200010311, 38.803903000321675], [-77.447309000096, 38.803897000168355], [-77.44738500026398, 38.80388499986022], [-77.44755900034126, 38.803854999781116], [-77.4476470002048, 38.8038390000604], [-77.44794400030572, 38.80377100033233], [-77.44799899965898, 38.803756000270326], [-77.44805399991058, 38.80373900014961], [-77.44810800033724, 38.8037210003468], [-77.44816100004071, 38.80370099978269], [-77.44821299991924, 38.80368000023441], [-77.44826499979777, 38.803656999922026], [-77.4483150000265, 38.803632999922925], [-77.44836400043029, 38.8036080002361], [-77.44841200011086, 38.803580999780465], [-77.44845899996653, 38.80355400001466], [-77.44865099958714, 38.80342000001426], [-77.44883200023543, 38.803294000034754], [-77.44884300010608, 38.80324500009925], [-77.4489350001676, 38.803169999904114], [-77.44904200029772, 38.803087000034814], [-77.44908099975746, 38.8030580000071], [-77.44921300000196, 38.80306799968], [-77.44930400023854, 38.803073000216045], [-77.44966999993643, 38.80285199971184], [-77.44985599970927, 38.80272400004397], [-77.45000899987015, 38.80261799970741], [-77.45025999994031, 38.802458000261325], [-77.45043999986537, 38.80233899996336], [-77.45058600035354, 38.80222700016027], [-77.45065300030069, 38.80215500009391], [-77.45068699973757, 38.80210899987729], [-77.45071299967685, 38.80205900012561], [-77.45073199994341, 38.80200799993667], [-77.45073399959325, 38.80195199979705], [-77.45072799974545, 38.80188599977594], [-77.45071400040007, 38.80182199980321], [-77.45069299958536, 38.80175799977296], [-77.45066400017134, 38.801697000204776], [-77.45060600044505, 38.8015820002685], [-77.45044099969029, 38.80137800002851], [-77.4502370003741, 38.80111900022412], [-77.45020899988668, 38.80107700029962], [-77.45018200012251, 38.801033999934525], [-77.45015799983307, 38.80099100024351], [-77.45013600009176, 38.800947000109595], [-77.45011500017536, 38.80090299994852], [-77.45008000001525, 38.8008119996882], [-77.45006900014461, 38.800778999857464], [-77.45005200042617, 38.800720000291655], [-77.45003800018246, 38.800650000245085], [-77.45003300015959, 38.80060500017884], [-77.45002899996163, 38.800560999806585], [-77.45002899996163, 38.800517000107206], [-77.45002999978654, 38.800471999956976], [-77.45003300015959, 38.80042800020264], [-77.45003800018246, 38.8003839997211], [-77.450054000076, 38.8002960000766], [-77.45007900019034, 38.800209000050764], [-77.45009400025897, 38.80016599986199], [-77.4501109999774, 38.80012400007584], [-77.45013000024399, 38.800082000265], [-77.45035500037487, 38.799675000148625], [-77.45076200008064, 38.79907900029413], [-77.45084800029436, 38.798968000012636], [-77.45093500033302, 38.79882899965595], [-77.45098999968629, 38.79872700021901], [-77.45103800026517, 38.79861699983898], [-77.45107199970205, 38.79852900011281], [-77.45113500034955, 38.79831700010346], [-77.4512020002967, 38.79810899989093], [-77.45123999993153, 38.7979669999828], [-77.45127000006876, 38.79781400032222], [-77.45132000029746, 38.79764599968511], [-77.45136799997805, 38.79755399970184], [-77.45143999994808, 38.7974249998525], [-77.45150000022254, 38.797291999996695], [-77.45158399988813, 38.79713100002348], [-77.45163499994173, 38.79708100027953], [-77.45169799969092, 38.797001000336245], [-77.4517310002012, 38.796943999989345], [-77.45177399985891, 38.79689599966184], [-77.45181900006476, 38.79683599990713], [-77.45184500000403, 38.79679500003402], [-77.45188099998904, 38.796727999661215], [-77.45194200008841, 38.79663999970286], [-77.45200099963965, 38.79657299988453], [-77.45208000018066, 38.79649200029168], [-77.45216200019644, 38.79642500033422], [-77.45230000028869, 38.796333999956644], [-77.45242499996218, 38.79627299994631], [-77.45258599962065, 38.796217999984016], [-77.45268299970503, 38.79619400027994], [-77.45273899978153, 38.79618100029103], [-77.45289600014036, 38.79615099976892], [-77.45316899995184, 38.79613199966513], [-77.45329600017345, 38.796123999988396], [-77.45348699996913, 38.7961109999867], [-77.45364900035085, 38.79610100003763], [-77.45369399965838, 38.79609599971248], [-77.45388299980428, 38.79607500002344], [-77.45412600037685, 38.796045000156866], [-77.45433200024115, 38.79602699981082], [-77.45452700023483, 38.796016000063815], [-77.45475800021352, 38.796013999791384], [-77.45486199997057, 38.796016000063815], [-77.45499400021507, 38.79602600002481], [-77.45514400000289, 38.79605699968492], [-77.45528700011803, 38.79608899981683], [-77.45541400033963, 38.796098999767594], [-77.45555999992948, 38.79611799988019], [-77.45571800011325, 38.79612499977297], [-77.4558200002205, 38.79611700009546], [-77.45599500012267, 38.79610300030762], [-77.45600900036638, 38.79610199982253], [-77.4561449999105, 38.796062000012824], [-77.4561669996518, 38.796052999842466], [-77.45620299963682, 38.79603900004201], [-77.45626600028433, 38.796013999791384], [-77.45635800034583, 38.79597199965869], [-77.45647899982134, 38.79591499988904], [-77.45659299962416, 38.79586199992723], [-77.45671099962493, 38.79583400024852], [-77.45674999998299, 38.79583299975972], [-77.4568139995571, 38.79583199997099], [-77.4569049997937, 38.79586599978041], [-77.4569619996951, 38.79590899976324], [-77.4570250003426, 38.795993000078205], [-77.45707300002319, 38.79606999969651], [-77.45711099965801, 38.796130999880596], [-77.45719100002395, 38.79619899989809], [-77.45726499964381, 38.79627699977643], [-77.4572930001312, 38.7963469999177], [-77.45730300017696, 38.796427999675295], [-77.45730499982677, 38.79644800018042], [-77.45730300017696, 38.796550999857274], [-77.45730400000186, 38.79664499998985], [-77.45730999984966, 38.796750000333965], [-77.45733499996399, 38.79683899993105], [-77.45739199986541, 38.796901999704566], [-77.45743100022348, 38.79693400015715], [-77.45746999968321, 38.79696699966806], [-77.45750200036859, 38.79699500030192], [-77.45759000023213, 38.7971490000907], [-77.45757799963826, 38.79722500009117], [-77.45756900031573, 38.79728800022354], [-77.45767499972263, 38.79729100022848], [-77.45774300039301, 38.79729100022848], [-77.45780199994424, 38.797289999760075], [-77.45790200040167, 38.797331000048565], [-77.45805100036459, 38.79740999985483], [-77.45821500039611, 38.797496999797175], [-77.45833599987162, 38.79755099970797], [-77.45848300018471, 38.797609000033326], [-77.45861799990394, 38.79765399989113], [-77.4587779997375, 38.79768200025503], [-77.45889200043862, 38.79769799995796], [-77.4590100004394, 38.79770399993316], [-77.4591519998313, 38.79770199970811], [-77.45928999992358, 38.79768399978057], [-77.45944399990935, 38.79766400032243], [-77.45956500028319, 38.79762699997987], [-77.4596570003447, 38.79758200010502], [-77.45974600003315, 38.79752299999273], [-77.45983800009465, 38.797447000310044], [-77.45993400035412, 38.79734999983271], [-77.4599810002098, 38.7972679999542], [-77.46000700014908, 38.797185999981295], [-77.46002999971529, 38.79711299995167], [-77.46005700037777, 38.797017999964176], [-77.46008900016483, 38.79695099980101], [-77.46011000008123, 38.796903000178354], [-77.46014600006625, 38.79683699968172], [-77.46021100036357, 38.796733999718064], [-77.46037000037222, 38.79652299974916], [-77.46051400031227, 38.796391000091326], [-77.46109699974514, 38.796022000180606], [-77.46134299979244, 38.79580800013694], [-77.4614599999683, 38.795722999813734], [-77.46167500005346, 38.79563700029779], [-77.46169699979475, 38.795628000073805], [-77.46190199983418, 38.7955579999265], [-77.4620859999572, 38.79551399993873], [-77.4622690002553, 38.795497999745486], [-77.46236999963932, 38.79549200028472], [-77.46244099978443, 38.795503000112596], [-77.46254299989168, 38.79551799981144], [-77.46279899998471, 38.79558599971364], [-77.4630159997197, 38.795649999685835], [-77.46322800033012, 38.79573599988619], [-77.4634950002938, 38.795854000220196], [-77.4636769998687, 38.795937999899834], [-77.4637980002425, 38.79599799971039], [-77.46401099977952, 38.79610899971695], [-77.46408399957447, 38.79614399987869], [-77.4641279999554, 38.79617099965163], [-77.46430700005553, 38.79625099982645], [-77.46445099999559, 38.79630800002751], [-77.4645229999656, 38.79633600022008], [-77.4645370002093, 38.79634200030994], [-77.46471600030947, 38.79638899982942], [-77.46484799965562, 38.79642500033422], [-77.46499900016667, 38.79646799997979], [-77.46523599999314, 38.796505000223924], [-77.46544600005542, 38.79653499989683], [-77.46556999990396, 38.796554999671784], [-77.46572499971468, 38.79658400024565], [-77.46592300008139, 38.796613000107584], [-77.46607500041736, 38.79662299998482], [-77.46619699971778, 38.796620999729434], [-77.46630899987076, 38.796606000262734], [-77.46641199980293, 38.796588000058314], [-77.46651700028323, 38.79656999984936], [-77.46658800042835, 38.7965609997432], [-77.4666839997895, 38.796559000186214], [-77.4668450003463, 38.79655999996469], [-77.46694300025558, 38.796550999857274], [-77.46697300039281, 38.79654799982123], [-77.467036000142, 38.79653899971224], [-77.4670710003021, 38.796534000118], [-77.46708399982259, 38.79653000030231], [-77.46714300027213, 38.79651100029955], [-77.46720699984623, 38.79647799987737], [-77.46727999964115, 38.79643800027863], [-77.4673039999306, 38.796422000292814], [-77.46735800035728, 38.7963870002676], [-77.46743500035018, 38.79635500026954], [-77.4674520000686, 38.79634900018079], [-77.4675280002366, 38.796327000084375], [-77.46754800032808, 38.79632300025706], [-77.46759000016087, 38.79631499990163], [-77.46763500036671, 38.79631199985566], [-77.46768999971998, 38.79631000029169], [-77.46779900039824, 38.79631000029169], [-77.46793800031543, 38.79631300033774], [-77.4680770002326, 38.79631199985566], [-77.46811999989029, 38.79631100007365], [-77.46814500000465, 38.79631000029169], [-77.46823399969311, 38.79629899988821], [-77.46837000013555, 38.79626500028541], [-77.46842100018918, 38.79624000011406], [-77.46846499967181, 38.796218999767284], [-77.46856900032718, 38.79613399993424], [-77.4686420001221, 38.79603999982783], [-77.46868099958186, 38.79599999998327], [-77.46870999989417, 38.79597499971898], [-77.46874199968123, 38.79594700008466], [-77.46881600019938, 38.79592199980177], [-77.46885100035949, 38.79591000025098], [-77.46908099961495, 38.79591300031393], [-77.4691479995621, 38.79591400010147], [-77.46934000008105, 38.79591899973925], [-77.46939500033261, 38.79592000022685], [-77.46942499957152, 38.79592000022685], [-77.46949400006682, 38.795921000014346], [-77.46963600035704, 38.79592199980177], [-77.46969200043354, 38.79591799995173], [-77.46983800002339, 38.79589899978583], [-77.46992099986409, 38.79586499999215], [-77.47003700021503, 38.79580299979127], [-77.47005200028364, 38.79579999972369], [-77.47022600036091, 38.79574699967641], [-77.47034500018661, 38.79571999974278], [-77.47041700015662, 38.79570999973885], [-77.47053000013452, 38.79573899995646], [-77.47062499967076, 38.7957889999417], [-77.47074799969441, 38.79585500000856], [-77.47085700037269, 38.79591400010147], [-77.470915000099, 38.795937999899834], [-77.47101700020625, 38.79597600020584], [-77.47122999974327, 38.79606500006932], [-77.47131000010921, 38.7961109999867], [-77.47141399986629, 38.79616800029968], [-77.47153699988992, 38.796217000200684], [-77.47169099987572, 38.796275000211466], [-77.47175299979999, 38.79629800010608], [-77.47187099980077, 38.79634499965457], [-77.47189500009023, 38.79635500026954], [-77.47207400019037, 38.79639400013403], [-77.47232400043562, 38.79642600011457], [-77.47234299980389, 38.79642699989497], [-77.47253500032281, 38.79643099971644], [-77.47265099977544, 38.79642600011457], [-77.47277100032436, 38.79642099981227], [-77.47285400016504, 38.7964179997707], [-77.47308000012086, 38.796400999999705], [-77.4732800001374, 38.79638899982942], [-77.47345900023753, 38.79638899982942], [-77.47360099962944, 38.79639199987221], [-77.47373299987393, 38.79641199968729], [-77.47387099996618, 38.79644699970023], [-77.47406699978477, 38.79650399974448], [-77.47427299964909, 38.7965609997432], [-77.47441900013727, 38.79660900029633], [-77.4744350000308, 38.79661399988535], [-77.47454899983362, 38.7966769998577], [-77.47463500004733, 38.796726000108904], [-77.47472999958359, 38.79678699973157], [-77.47482800039118, 38.79686999993768], [-77.47492600030047, 38.79696899991373], [-77.47503000005756, 38.797048999892944], [-77.47505000014904, 38.797063999966554], [-77.47506100001969, 38.79707200023791], [-77.47508799978387, 38.79713000025296], [-77.47512899979174, 38.79720400003467], [-77.47521800037852, 38.797270999959935], [-77.47527399955669, 38.79731300002731], [-77.4753370002042, 38.79734900006532], [-77.47540400015136, 38.797378000316094], [-77.47547699994631, 38.79739199985354], [-77.4755699998327, 38.79736400007578], [-77.475631999757, 38.797393000320454], [-77.47569200003146, 38.79744100031322], [-77.4757730002223, 38.79750599978518], [-77.47583500014657, 38.7975919998463], [-77.4759139997893, 38.79770000018313], [-77.47594700029958, 38.79778399978744], [-77.47596900004088, 38.797923000081994], [-77.47596200036818, 38.79802100023754], [-77.47595599962209, 38.79816500025018], [-77.47594599957635, 38.79828600002612], [-77.47593899990365, 38.79840099968066], [-77.47593200023097, 38.798523999958], [-77.47591799998726, 38.79863699972974], [-77.47591100031457, 38.79877200007093], [-77.47591200013949, 38.798874000143584], [-77.47594599957635, 38.79898299968234], [-77.47599499998016, 38.79906499968791], [-77.47607899964574, 38.79914800004141], [-77.47619400017179, 38.7992279996749], [-77.4763139998224, 38.7992830001147], [-77.47648799989966, 38.79933400015366], [-77.47670999965752, 38.79936400003594], [-77.47683100003132, 38.79936600021435], [-77.47694099963618, 38.79933400015366], [-77.4770820001015, 38.79929400005757], [-77.47718599985858, 38.79926700006754], [-77.4773559997379, 38.79925399993905], [-77.47755699957933, 38.799234999962394], [-77.47774700044846, 38.799207000208625], [-77.4779569996124, 38.7991850002944], [-77.4781459997583, 38.799161999931265], [-77.47835800036871, 38.799129000036494], [-77.47857099990574, 38.79907299973463], [-77.47870599962495, 38.79906800031811], [-77.47892200043334, 38.79908000003731], [-77.47903000038836, 38.799091000011465], [-77.4791580004349, 38.79910100024112], [-77.47930800022273, 38.79911200021204], [-77.47944499959175, 38.799096999869384], [-77.4795740003615, 38.79907299973463], [-77.47963999958542, 38.79905200022268], [-77.4797080002558, 38.799025000140944], [-77.47981399966268, 38.798968000012636], [-77.47990499989929, 38.79889600015387], [-77.48000100015875, 38.798764999738005], [-77.48006599955777, 38.79865200016923], [-77.48012099980936, 38.798526000159974], [-77.48020600019818, 38.7983659999272], [-77.48026999977228, 38.79824699979678], [-77.48032500002385, 38.79813799983244], [-77.48036900040479, 38.798019000021384], [-77.4803839995751, 38.79787900015407], [-77.48037400042767, 38.79780600013416], [-77.48037199987952, 38.79771599988203], [-77.48036699985666, 38.79761599977973], [-77.48034400029043, 38.79753499997208], [-77.4802930002368, 38.79744100031322], [-77.4802570002518, 38.79733700005465], [-77.48024100035828, 38.797270999959935], [-77.48023200013743, 38.79719500000852], [-77.480207999848, 38.797106000155864], [-77.48022100026678, 38.797049999664544], [-77.48022600028965, 38.79699099981197], [-77.48024100035828, 38.79694600023567], [-77.48027399997024, 38.79686699991507], [-77.4803140001532, 38.79678099967917], [-77.48034699976516, 38.796704999905366], [-77.48038299975018, 38.796647000244576], [-77.48042899978093, 38.796569000071024], [-77.4804899998803, 38.79652299974916], [-77.48056299967523, 38.79649999992711], [-77.48063800001832, 38.79648399995522], [-77.48073500010267, 38.79648099991636], [-77.4808420002328, 38.79648199969598], [-77.48094400034006, 38.79648900025315], [-77.4810740000364, 38.796502000185896], [-77.48116299972484, 38.79651599989541], [-77.48127300022803, 38.79655300011462], [-77.48137799981001, 38.796579999732636], [-77.48151699972719, 38.79663100030569], [-77.4816509996215, 38.7966669999881], [-77.48172400031473, 38.79668699972596], [-77.48180799998032, 38.79670700015839], [-77.48190000004182, 38.796729999913595], [-77.48200700017195, 38.79674500005434], [-77.48210199970819, 38.79675799994044], [-77.48220399981544, 38.79677900012835], [-77.48228800037934, 38.79679400025878], [-77.48236100017427, 38.79681499973596], [-77.4824320003194, 38.79684899977658], [-77.4825029995662, 38.7968910000926], [-77.4825670000386, 38.796927000343814], [-77.48263499981067, 38.796965000122455], [-77.48268800041244, 38.79700299988089], [-77.48273899956774, 38.79703399981618], [-77.48280499968999, 38.7970609999521], [-77.48287900020814, 38.79709000032007], [-77.48296899972152, 38.79710999993923], [-77.48307900022468, 38.79712299975875], [-77.4831860003548, 38.79714000005765], [-77.48329699978456, 38.79715599988227], [-77.4834189999833, 38.79715100033127], [-77.48356499957319, 38.797137999816776], [-77.48373899965044, 38.79710699992672], [-77.48395899975847, 38.797058999709], [-77.48406099986572, 38.79703800030367], [-77.48418300006445, 38.7970230002246], [-77.48430799973792, 38.797014999947734], [-77.48442400008888, 38.7970230002246], [-77.4845379998917, 38.797042999862605], [-77.48464699967164, 38.79706699998093], [-77.4847499996038, 38.797106000155864], [-77.48483900019056, 38.79711399972238], [-77.48487900037354, 38.797112000180896], [-77.48495499964322, 38.7970960003464], [-77.4850450000549, 38.797042000090855], [-77.48516600042873, 38.79696899991373], [-77.48527299966054, 38.796915000262096], [-77.48542400017159, 38.7968169999859], [-77.4855039996392, 38.796763999994766], [-77.48558099963212, 38.79671900027514], [-77.48565900034824, 38.79668500017251], [-77.4857200004476, 38.796651999830885], [-77.48577499980085, 38.79663599989312], [-77.48585500016681, 38.79661999995181], [-77.48594999970305, 38.796610999851914], [-77.48603599991678, 38.796600999972995], [-77.48617099963597, 38.796569000071024], [-77.48630799990333, 38.79654400000632], [-77.48647600013282, 38.79651999971188], [-77.48659800033157, 38.796508000261774], [-77.48672200018012, 38.796512999857896], [-77.48683699980785, 38.796528000044304], [-77.48696900005233, 38.79654700004253], [-77.48710200012174, 38.796579999732636], [-77.48722599997028, 38.79661600014094], [-77.48737800030624, 38.7966669999881], [-77.4875099996524, 38.796725000332756], [-77.48766700001123, 38.796783999705404], [-77.48781699979907, 38.796853000274496], [-77.48790399983771, 38.79687999977886], [-77.48797699963265, 38.796891999866475], [-77.48804699995284, 38.79688400027504], [-77.48812200029592, 38.79687699975666], [-77.48822699987791, 38.796862000343786], [-77.48834700042681, 38.79685600029771], [-77.48849300001667, 38.79686099986941], [-77.48862100006319, 38.79688500004896], [-77.48876599982816, 38.796937000176996], [-77.48884299982105, 38.79696400034966], [-77.48893099968458, 38.79699600007428], [-77.48913499989911, 38.79705499992278], [-77.48932800024295, 38.7970989996593], [-77.48957299956702, 38.797173000173316], [-77.48984100025392, 38.79724499967249], [-77.49002899967658, 38.79727999997648], [-77.49016799959375, 38.797336000287075], [-77.49037199980826, 38.79739700008771], [-77.49063899977196, 38.797447000310044], [-77.49093699969778, 38.79749200027013], [-77.49117900044544, 38.79750800001573], [-77.49127700035473, 38.797514999772005], [-77.49139700000534, 38.7975520001727], [-77.49152599987676, 38.797581000340884], [-77.49172500006839, 38.79760699980561], [-77.49197000029076, 38.79762699997987], [-77.4922409995541, 38.79763699971483], [-77.49250500004307, 38.79764599968511], [-77.49275699993812, 38.79766299985926], [-77.49291400029698, 38.79771200013267], [-77.49293900041134, 38.79772000033129], [-77.49300700018338, 38.79775699992544], [-77.49303999979536, 38.79778800023283], [-77.49305999988685, 38.79780499967304], [-77.49309699969676, 38.79785699982989], [-77.49315699997122, 38.79792999979755], [-77.49317200003985, 38.797947999662966], [-77.49321499969754, 38.797999999715465], [-77.49324900003273, 38.7980440002688], [-77.49329400023858, 38.798085000123514], [-77.49335100013998, 38.79811600028829], [-77.49341899991205, 38.79813400010678], [-77.49348199966124, 38.79813499986315], [-77.4935439995855, 38.79812200022829], [-77.4935989998371, 38.79810500016362], [-77.4936339999972, 38.79809400003721], [-77.49368199967779, 38.79808099969474], [-77.4937240004089, 38.798071000022084], [-77.4937889998079, 38.79807000026481], [-77.4938519995571, 38.798082999909155], [-77.49392199987729, 38.7981179998016], [-77.493972000106, 38.798152999676844], [-77.49401700031184, 38.798192999713244], [-77.49413199993957, 38.798326999741604], [-77.49416799992458, 38.798368000133614], [-77.49418700019116, 38.79839000030005], [-77.49423400004682, 38.79845099989866], [-77.49427400022978, 38.7985150000986], [-77.49430600001685, 38.7985820001916], [-77.4943310001312, 38.798650999719975], [-77.49434799984964, 38.798721000329934], [-77.49435700007047, 38.79879199991824], [-77.4943589997203, 38.79891699971179], [-77.49436899976604, 38.79923599970333], [-77.49437499961381, 38.79974600018662], [-77.49437600033706, 38.80000200019], [-77.49435799989539, 38.800062000079606], [-77.4943389996288, 38.80012199991877], [-77.4943169998875, 38.80018199970735], [-77.49429400032128, 38.80024099971859], [-77.49426900020693, 38.800299999680924], [-77.49424200044275, 38.800357999869235], [-77.49421300013043, 38.80041600001039], [-77.49418100034337, 38.80047299968056], [-77.49414899965801, 38.80052900028251], [-77.4940780004112, 38.8006400002328], [-77.49399499967222, 38.80075500028913], [-77.49380600042466, 38.80095999992924], [-77.49374399960206, 38.80102199984426], [-77.4936690001573, 38.801097999914894], [-77.49352000019438, 38.801249000100356], [-77.49322700029141, 38.80156100009578], [-77.4929290003656, 38.80185299974249], [-77.4925429996779, 38.80228500018029], [-77.49236199992794, 38.80249300010523], [-77.49215799971343, 38.80269999973061], [-77.49194000015355, 38.80292100000619], [-77.4917679997261, 38.80310799975786], [-77.49162899980891, 38.8032850000777], [-77.49150900015832, 38.80344800021282], [-77.49140000037838, 38.803595000199486], [-77.49111999999589, 38.80397599969633], [-77.49093099985001, 38.80416500022318], [-77.49075500012292, 38.80434800013329], [-77.49054699971046, 38.80461500022635], [-77.49039199989976, 38.80480399975819], [-77.49028599959453, 38.804981000065204], [-77.49018199983747, 38.80519800023712], [-77.49001600015612, 38.805462000284216], [-77.4898889999345, 38.80564000000777], [-77.48973499994872, 38.80586199991293], [-77.48968200024527, 38.80610100008763], [-77.48963700003942, 38.80648400016315], [-77.48961500029812, 38.80676400011276], [-77.48960100005442, 38.80702700032566], [-77.48955699967348, 38.80734500008499], [-77.48947899985568, 38.807651999773945], [-77.48940000021298, 38.80797099986199], [-77.48934099976341, 38.80811199981872], [-77.48930300012859, 38.80825399981088], [-77.4892279997855, 38.808504999893366], [-77.48923000033366, 38.80863999973931], [-77.48923500035652, 38.808653000255454], [-77.48923899965617, 38.80876999989366], [-77.48927100034153, 38.80889599998921], [-77.48932200039516, 38.80900399999368], [-77.48938900034231, 38.80912000015317], [-77.48948300005364, 38.809241999827435], [-77.48958000013803, 38.809379999872746], [-77.48969399994083, 38.80951799965078], [-77.48979400039826, 38.809643000228334], [-77.48987800006385, 38.80975799975398], [-77.48999199986666, 38.80987400008566], [-77.4901130002405, 38.810033000088616], [-77.49019799973098, 38.81009600009728], [-77.49030200038638, 38.81017900020139], [-77.49034099984613, 38.81025400001834], [-77.4903960000977, 38.810353000299784], [-77.4904599996718, 38.81047199981254], [-77.49072800035873, 38.81087599972244], [-77.49103399978218, 38.81121699977947], [-77.49124499966936, 38.81136699994858], [-77.49150800033341, 38.811490999812555], [-77.49189199957466, 38.81155800030407], [-77.49214000017008, 38.811623999765466], [-77.49227999991217, 38.811655999906506], [-77.49247499990584, 38.81172500007429], [-77.49255899957143, 38.811759000000485], [-77.49267200044764, 38.81180799968031], [-77.49285599967233, 38.81191400034372], [-77.49293600003828, 38.81196400017921], [-77.49300399981036, 38.81200599998598], [-77.49303999979536, 38.812028999703], [-77.49312900038213, 38.81208500032201], [-77.49318499956031, 38.8121179998162], [-77.49334299974406, 38.81219099987321], [-77.49352699986707, 38.8122589999645], [-77.49373600010445, 38.812298999782016], [-77.49394299979367, 38.812344000162305], [-77.49421300013043, 38.81238800025784], [-77.49446500002549, 38.81243100007033], [-77.49470799969976, 38.81246499965958], [-77.49488500015006, 38.812517000317506], [-77.49503199956484, 38.81256199986015], [-77.49518100042609, 38.81258300029025], [-77.49531199994735, 38.81259799989377], [-77.49545400023754, 38.81263099985023], [-77.49555799999463, 38.81266300023887], [-77.4957389997446, 38.81275400006247], [-77.49586299959316, 38.81281399971333], [-77.49604000004348, 38.81288099966034], [-77.49619700040232, 38.8129299999683], [-77.49637899997718, 38.812993000214625], [-77.49651500041963, 38.813046000034305], [-77.49666400038254, 38.81308699965645], [-77.49679999992667, 38.81312600016289], [-77.4969430000418, 38.813175000302245], [-77.49709000035489, 38.813220000129164], [-77.4972100000055, 38.8132589998628], [-77.4973659996411, 38.81330400033657], [-77.49754999976412, 38.81334300002422], [-77.4977439999329, 38.81337300030789], [-77.49790499959136, 38.81339300025663], [-77.49806100012528, 38.81339500004122], [-77.49821900030904, 38.81339500004122], [-77.4984009998839, 38.813410000173654], [-77.49856400009052, 38.81341800000966], [-77.49879500006921, 38.81343900018744], [-77.4990269998728, 38.81346399992432], [-77.49927499956992, 38.813494000156986], [-77.49949700022609, 38.813518000334035], [-77.499674999603, 38.81354000002258], [-77.49987700016767, 38.81357300024258], [-77.50004700004699, 38.81361199978299], [-77.50029100044446, 38.81367200011099], [-77.50037400028513, 38.81372000033701], [-77.50045799995073, 38.813764999819604], [-77.50056300043103, 38.813796000162135], [-77.5006599996171, 38.81382200000998], [-77.50078900038683, 38.81385900034246], [-77.50106800004609, 38.81396200005066], [-77.50117400035131, 38.81398400030203], [-77.50130999989543, 38.81400200031172], [-77.50142500042148, 38.814052000081524], [-77.50156199979051, 38.81413700023951], [-77.50168499981415, 38.81422200029611], [-77.50182700010437, 38.8143000000447], [-77.50201299987721, 38.814378999936295], [-77.50214299957355, 38.814448999793576], [-77.50231400017609, 38.814532999951496], [-77.50250099977384, 38.81462400018579], [-77.50252099986533, 38.814634000335204], [-77.50255199982747, 38.81464999973137], [-77.50269699959243, 38.81472499974049], [-77.50283300003487, 38.81480099989309], [-77.50289699960896, 38.814844999870715], [-77.50301100031008, 38.81494100010933], [-77.50313500015865, 38.81503499978012], [-77.50327300025091, 38.81512600007292], [-77.50338899970355, 38.815208999915605], [-77.50352199977296, 38.81530100020158], [-77.50367400010892, 38.81539800003968], [-77.50383700031551, 38.815498999896704], [-77.50396600018696, 38.81558099979308], [-77.50408400018775, 38.81565799994267], [-77.50425999991484, 38.815746000211725], [-77.50437700009068, 38.8158190000502], [-77.5044969997413, 38.81590199978518], [-77.50462899998577, 38.81597399995759], [-77.50475799985719, 38.81604400034713], [-77.504919000414, 38.8161269998199], [-77.50505900015608, 38.81619899976491], [-77.50510900038479, 38.81623099995042], [-77.50517499960873, 38.81631500010644], [-77.50523800025624, 38.816448000150906], [-77.50528299956376, 38.81660599998088], [-77.50529599998255, 38.816732000214294], [-77.50530000018051, 38.816804999742025], [-77.50530400037847, 38.816887999727754], [-77.50533899964026, 38.817081999848526], [-77.50537999964813, 38.817233999941855], [-77.5054180001813, 38.81740599993257], [-77.50545900018916, 38.81758600027553], [-77.50549199980114, 38.81775800011599], [-77.5055110000677, 38.81794699977501], [-77.50552000028853, 38.81811699979157], [-77.50552299976327, 38.81826899977565], [-77.50551899956531, 38.81845099967977], [-77.50552799978612, 38.81857800031792], [-77.50555100025068, 38.81867600006038], [-77.50557499964181, 38.81876900023405], [-77.50562499987052, 38.818858999789775], [-77.50568699979479, 38.818943999810124], [-77.50574000039656, 38.819005000009184], [-77.50578300005427, 38.81904400007467], [-77.50584300032871, 38.819105000188074], [-77.50587900031373, 38.81914699998341], [-77.50593700004006, 38.81923100019959], [-77.50596200015443, 38.8193289997433], [-77.50596899982709, 38.81941500006026], [-77.5059680000022, 38.81950699981231], [-77.50596299997932, 38.81959199975912], [-77.5059610003295, 38.8196819996745], [-77.50596499962914, 38.81977799969221], [-77.50598399989572, 38.81987199997783], [-77.50602999992647, 38.819949999837654], [-77.50611199994223, 38.82002099996781], [-77.50619599960783, 38.82008699998588], [-77.50628600001951, 38.82014600031079], [-77.50635100031683, 38.82020600003356], [-77.50639200032472, 38.82029099984591], [-77.50642400011176, 38.82040199980213], [-77.50642400011176, 38.82052100002325], [-77.50641400006602, 38.82064600018844], [-77.50640200037047, 38.82076500000186], [-77.50637999973084, 38.820844999858735], [-77.50631299978369, 38.821048000212045], [-77.50624699966146, 38.821287999958955], [-77.50619999980579, 38.82145100019488], [-77.50613799988152, 38.82156399999773], [-77.50608199980499, 38.82168999985755], [-77.50598800009368, 38.82181600019431], [-77.50589600003217, 38.82193500015208], [-77.50580200032084, 38.822017999757904], [-77.50573899967334, 38.82208199978421], [-77.50566000003063, 38.82214699987233], [-77.50557899983976, 38.8221929997481], [-77.50553000033429, 38.8222210002665], [-77.50548699977826, 38.82223999971217], [-77.5053910004171, 38.8222819997581], [-77.50531299970098, 38.8223239997792], [-77.50526800039346, 38.822347999780156], [-77.50520200027123, 38.82239900010526], [-77.50515100021758, 38.82243799971165], [-77.50509699979092, 38.82249200031585], [-77.50504699956221, 38.82254000019642], [-77.50500800010246, 38.822590000270864], [-77.50497999961506, 38.8226260001348], [-77.50494299980512, 38.8226659997289], [-77.5048859999037, 38.82274699966058], [-77.5047729999258, 38.82284700018357], [-77.50469000008515, 38.82297399998039], [-77.50463200035882, 38.823081000228576], [-77.50455000034306, 38.82320299978557], [-77.50447800037304, 38.823338999871424], [-77.50437200006782, 38.82346799969218], [-77.50425200041722, 38.82360700026825], [-77.50423499980047, 38.82362600004395], [-77.5041510001349, 38.82374599987313], [-77.50388599982102, 38.82399599985907], [-77.50388599982102, 38.82404099984729], [-77.5038840001712, 38.824178999913826], [-77.50381399985099, 38.824206000260716], [-77.50364800016965, 38.82435899993334], [-77.50358700007027, 38.82451999996572], [-77.50352199977296, 38.82460600031202], [-77.50350699970433, 38.82462699999016], [-77.50346400004662, 38.82471100004056], [-77.5034409995821, 38.8247759998283], [-77.50343599955923, 38.82485399991513], [-77.50344999980292, 38.82496100013746], [-77.50346800024458, 38.8250539998011], [-77.50347200044254, 38.82507800028157], [-77.50351599992516, 38.825183000013894], [-77.50360100031398, 38.82529400004248], [-77.50372699981236, 38.8253949998613], [-77.50381999969878, 38.825509999847874], [-77.50394000024768, 38.825638999934306], [-77.50404800020273, 38.825713000198455], [-77.50421100040933, 38.82578200004449], [-77.50438799996135, 38.8258739999684], [-77.50456200003862, 38.82595699988143], [-77.50474100013876, 38.826017999671535], [-77.50501700032329, 38.826098999988886], [-77.50526699967023, 38.82622300009753], [-77.5055169999155, 38.826354999772626], [-77.50567099990127, 38.826449999832754], [-77.50584099978059, 38.82652500001163], [-77.50596299997932, 38.82658199978682], [-77.50609100002583, 38.82663900021621], [-77.50624199963858, 38.826705999754004], [-77.50638200027896, 38.82677600009165], [-77.50652399967089, 38.826833999719376], [-77.50665799956518, 38.82689300005235], [-77.50684199968819, 38.82695299968847], [-77.5071239997205, 38.82707599965923], [-77.5073050003688, 38.827188000284124], [-77.50745900035457, 38.82727799969631], [-77.50759200042397, 38.82735399974894], [-77.507728999793, 38.827421000013565], [-77.50778099967154, 38.827437000036056], [-77.50785299964156, 38.827443000306005], [-77.50794100040342, 38.82744799983077], [-77.50805799968099, 38.827513999962946], [-77.50819699959814, 38.827603999662834], [-77.50841400023144, 38.82773300015396], [-77.50862000009576, 38.82784200032712], [-77.50878300030237, 38.82791499966277], [-77.50898400014383, 38.82798899966065], [-77.50915999987092, 38.828059000136385], [-77.50932200025262, 38.828160000231634], [-77.5094679998425, 38.82827099981763], [-77.50960000008699, 38.82839200024728], [-77.50973200033145, 38.82848699968863], [-77.5098760002715, 38.828587999876426], [-77.5100389995798, 38.82870000022201], [-77.51027200010662, 38.82882600005027], [-77.51045399968152, 38.82895000030779], [-77.51063000030692, 38.829056999972615], [-77.51082100010264, 38.829172999663065], [-77.51103000034, 38.829279999692524], [-77.51127800003711, 38.829416000066864], [-77.51148200025163, 38.82953699994989], [-77.5116639998265, 38.82965400027168], [-77.51179500024607, 38.82975700022826], [-77.51188800013249, 38.82983899980184], [-77.51202100020188, 38.82998599991034], [-77.51211400008827, 38.830087000070804], [-77.51219299973101, 38.830165999943965], [-77.51227899994474, 38.83023799969002], [-77.51231900012772, 38.83029800000593], [-77.51233699967105, 38.830324000127085], [-77.5123679996332, 38.83040299973728], [-77.51237799967895, 38.830478999952724], [-77.51238000022707, 38.83056300009645], [-77.51237900040215, 38.83058600011849], [-77.5123750002042, 38.83066400013799], [-77.5123679996332, 38.83076200004136], [-77.51236299961032, 38.83082299991306], [-77.51236000013559, 38.83086399979748], [-77.51234699971678, 38.83091800030895], [-77.51232999999834, 38.83098500001836], [-77.512268999899, 38.83110000007242], [-77.51221700002044, 38.83120500002037], [-77.51215900029413, 38.831292999970735], [-77.51206700023263, 38.831386999749824], [-77.5119740003462, 38.83147600016327], [-77.51186999969083, 38.83156099981738], [-77.5117629995607, 38.83164800004151], [-77.51163399968927, 38.831751999896454], [-77.51148700027449, 38.83187100004202], [-77.51137299957337, 38.83196599973901], [-77.51127100036442, 38.83206199998907], [-77.51116199968615, 38.832155000173444], [-77.51103299981474, 38.83229199993023], [-77.51093400008054, 38.832409999897635], [-77.51086700013339, 38.83252399977518], [-77.51080500020909, 38.8326489998608], [-77.51078000009474, 38.83269699989129], [-77.5107349998889, 38.83278500009641], [-77.51068899985815, 38.83287200022407], [-77.51068300001036, 38.83289500019986], [-77.51066700011683, 38.83294799990273], [-77.51065899972092, 38.832976999657404], [-77.51065100022332, 38.833009000000395], [-77.51064899967518, 38.83301799970065], [-77.51063799980453, 38.83309699981977], [-77.51063899962942, 38.833148000142465], [-77.51063399960657, 38.83319299994399], [-77.51060500019257, 38.833291999827125], [-77.51059099994885, 38.833327999877696], [-77.51056300035977, 38.83340099988555], [-77.51054099972013, 38.83347399981848], [-77.51051899997884, 38.83354800033548], [-77.51049100038973, 38.83369399982498], [-77.51047299994809, 38.83381999991052], [-77.51047399977298, 38.833986999957766], [-77.51047399977298, 38.83415299966257], [-77.51049300003957, 38.83430199985616], [-77.51053499987236, 38.834468000225776], [-77.51061199986525, 38.83466900033636], [-77.51070599957657, 38.834833999908874], [-77.51078299956949, 38.834984000015325], [-77.51087100033135, 38.835151000130466], [-77.51093400008054, 38.83529599989584], [-77.51096800041572, 38.83541600034692], [-77.51098699978398, 38.83552499995153], [-77.51099199980685, 38.835633000159035], [-77.51097599991333, 38.83573400000395], [-77.510954000172, 38.835838000186385], [-77.5109380002785, 38.83589799998031], [-77.51092700040783, 38.835938999740435], [-77.51089499972247, 38.8360399998508], [-77.51086799995828, 38.83611900011442], [-77.5108620001105, 38.83613600020395], [-77.5108250003006, 38.83621000005244], [-77.51077300042206, 38.8362759997579], [-77.5107569996302, 38.83629199988933], [-77.51072599966807, 38.83632200030096], [-77.51069499970593, 38.836352000000204], [-77.51060799966729, 38.836430999917454], [-77.51057300040551, 38.836459999652504], [-77.51055800033689, 38.83647200007021], [-77.51049700023754, 38.836522000156336], [-77.510369000191, 38.83657200020728], [-77.51028700017524, 38.83658699965594], [-77.51018900026595, 38.83660400033344], [-77.51012399996863, 38.83661400019496], [-77.51005500037165, 38.83662200022311], [-77.50990200021077, 38.83666099973525], [-77.50980000010352, 38.836688000246184], [-77.5097630002936, 38.83669700018099], [-77.50964699994263, 38.836731000079865], [-77.50957800034567, 38.8367380001805], [-77.50945100012407, 38.8367380001805], [-77.50942799965954, 38.83673700026615], [-77.50935900006256, 38.836731999994306], [-77.50930399981098, 38.836716999876515], [-77.50922500016826, 38.83669000007632], [-77.50915200037332, 38.83666600001203], [-77.50908299987803, 38.83665299971149], [-77.50904600006812, 38.83664499968678], [-77.50902699980153, 38.83664499968678], [-77.50894499978577, 38.83664299985544], [-77.50874800014228, 38.83666099973525], [-77.50849399969907, 38.83670099984064], [-77.50826600009344, 38.83674299975219], [-77.50818400007768, 38.836762000220524], [-77.50802800044205, 38.83679999974242], [-77.50797999986317, 38.83682700020063], [-77.50788500032694, 38.836883000211266], [-77.50776599960292, 38.836963000150014], [-77.50767799973937, 38.83704800024883], [-77.5076230003861, 38.83715199991059], [-77.50757499980722, 38.837264999983034], [-77.50755200024099, 38.837383000102456], [-77.50755100041607, 38.83751799978569], [-77.50758200037824, 38.83761999965636], [-77.50765000015028, 38.83774599978874], [-77.50774200021179, 38.837869000002655], [-77.50795700029695, 38.83812099986228], [-77.50803099991678, 38.838193999852024], [-77.50842400027717, 38.83862600029086], [-77.5084750003308, 38.83872000018149], [-77.50856599966909, 38.83882799973878], [-77.50864799968484, 38.838957000180756], [-77.50871800000506, 38.83910500023171], [-77.50875499981497, 38.839207999806554], [-77.50879499999795, 38.83936000024508], [-77.50883099998296, 38.83952799976281], [-77.5088259999601, 38.83966500002139], [-77.50882099993721, 38.8396870000281], [-77.50878699960202, 38.839780999916606], [-77.50871200015727, 38.83987700012123], [-77.50862199974559, 38.839957000192804], [-77.50850999959259, 38.84003899991045], [-77.50840099981264, 38.840127000133734], [-77.50834300008633, 38.84020299976193], [-77.50831499959892, 38.84025800004989], [-77.50829700005558, 38.84033500010171], [-77.50831600032215, 38.84044100028207], [-77.50837800024642, 38.84055800017246], [-77.5084390003458, 38.84065599974718], [-77.50851399979054, 38.84077200012604], [-77.50859300033159, 38.840856999873424], [-77.50870499958626, 38.840966000240556], [-77.50881199971639, 38.84106999977402], [-77.50891499964854, 38.84114400008956], [-77.50906000031182, 38.841195000243296], [-77.50921000009964, 38.841248999913546], [-77.50940599991823, 38.84130800019308], [-77.50953999981253, 38.84136400017601], [-77.50961299960746, 38.841421999811956], [-77.50962500020135, 38.84142999999935], [-77.50969799999628, 38.84147799970517], [-77.50983699991346, 38.84151700005456], [-77.51003500028015, 38.841536999794876], [-77.51024000031958, 38.84154699966293], [-77.51044899965864, 38.84154699966293], [-77.51061199986525, 38.84152699992542], [-77.51078500011762, 38.84149300021883], [-77.51091300016414, 38.84146100019204], [-77.51108399986835, 38.84141500017206], [-77.51121100008996, 38.84136800027305], [-77.51132800026582, 38.84130599979308], [-77.51142899964987, 38.84123400004809], [-77.51155500004656, 38.84112299968635], [-77.51167899989511, 38.84101400025941], [-77.51182000036043, 38.84090499996582], [-77.51195699972945, 38.84079700006228], [-77.51205700018689, 38.84073999977502], [-77.51208099957802, 38.840727000218656], [-77.51225499965528, 38.84066400002063], [-77.51242299988478, 38.84061700032529], [-77.51246899991553, 38.84060300018672], [-77.512705999742, 38.84052999986935], [-77.51293500007085, 38.84047399992977], [-77.5130439998508, 38.840443000006736], [-77.51315600000379, 38.84041000034471], [-77.51332400023328, 38.84036600007179], [-77.51347599967093, 38.840341999847844], [-77.51360100024272, 38.840326999791266], [-77.51371800041858, 38.84032799965518], [-77.51383300004632, 38.84033299967435], [-77.51395699989486, 38.84031000000316], [-77.51405300015433, 38.84027599971506], [-77.514248000148, 38.84022799989808], [-77.51441600037748, 38.840189000241615], [-77.51445300018742, 38.84017800031672], [-77.51466999992239, 38.84011500033235], [-77.51496100017553, 38.840048000121186], [-77.51520100037504, 38.83995800006196], [-77.5152969997362, 38.83991599994869], [-77.51538399977483, 38.839877999991465], [-77.51543800020151, 38.839854000302644], [-77.51572299970854, 38.83973899969891], [-77.51607099986308, 38.83958999969289], [-77.51613399961228, 38.839565999906924], [-77.51621800017618, 38.83953500028805], [-77.51633399962883, 38.83949100017379], [-77.5163529998954, 38.839484000343944], [-77.51652500032284, 38.83941300003166], [-77.5165999997676, 38.83938200034608], [-77.51671600011856, 38.83932600020279], [-77.5169510002952, 38.839212999904376], [-77.51703599978569, 38.83917700003172], [-77.5173529999781, 38.8390450003427], [-77.51740099965868, 38.83902599978424], [-77.5174579995601, 38.839004000272844], [-77.51775600038422, 38.83888799981071], [-77.51790699999697, 38.83882400019863], [-77.51794200015708, 38.83880799993679], [-77.51817700033372, 38.8387080001428], [-77.51881599984308, 38.83851300028035], [-77.51908000033204, 38.83843200009427], [-77.51916700037067, 38.838406000135926], [-77.5192889996711, 38.8383680000721], [-77.51934700029572, 38.838350999816015], [-77.51958599977202, 38.83826799965981], [-77.51987700002515, 38.83813999996265], [-77.52015200038475, 38.838007999749564], [-77.52020900028617, 38.83798099973942], [-77.5204779998997, 38.83786499970887], [-77.52079900029005, 38.83774599978874], [-77.52109999969062, 38.83764900030638], [-77.52134099971505, 38.83755000018616], [-77.52152400001314, 38.83746699979548], [-77.52172099965664, 38.837391999949375], [-77.52195099981041, 38.83731099988678], [-77.52211300019212, 38.83726599988997], [-77.52218599998706, 38.837246000348735], [-77.5224570001487, 38.83716999966166], [-77.52263299987581, 38.8371280000021], [-77.5226539997922, 38.83712299975778], [-77.52270700039396, 38.837110000240415], [-77.5229369996494, 38.83706099977753], [-77.52310099968095, 38.83703099967741], [-77.52318500024485, 38.83701499971213], [-77.52340100015492, 38.83697100013898], [-77.52356400036153, 38.83693699965502], [-77.52369700043093, 38.836927999750564], [-77.5237159997992, 38.836925999927125], [-77.52373400024085, 38.836927999750564], [-77.52386099956414, 38.83693900017784], [-77.52412900025107, 38.83697800021601], [-77.52422600033543, 38.83699500010035], [-77.52439200001677, 38.83702299969524], [-77.52441999960587, 38.83702999976716], [-77.52454900037563, 38.83706099977753], [-77.5246730002242, 38.837090999865], [-77.5247519998669, 38.83711399987685], [-77.52481700016423, 38.83713300024613], [-77.52492599994417, 38.83714800027624], [-77.52501700018077, 38.83715999987825], [-77.5250690000593, 38.8371669999367], [-77.52516500031876, 38.83716999966166], [-77.52532500015235, 38.837173999994455], [-77.52556700000167, 38.837175999810924], [-77.5255970001389, 38.83717699971912], [-77.52578000043701, 38.837191999740014], [-77.52595100014122, 38.83720599984993], [-77.52599299997402, 38.837211000088416], [-77.52618600031786, 38.83723599987627], [-77.52634799980126, 38.83725600012006], [-77.5266879995599, 38.83730100012319], [-77.52676600027601, 38.83731099988678], [-77.52698100036118, 38.83733600033924], [-77.52730900042422, 38.83739000013897], [-77.52736399977749, 38.83739399975967], [-77.5274190000291, 38.83740500011496], [-77.5274690002578, 38.837418000278134], [-77.52751600011345, 38.837429999834626], [-77.52762700044156, 38.83744000027983], [-77.52765800040369, 38.837435999961976], [-77.5277379998713, 38.83742600021594], [-77.5277649996355, 38.83742199989731], [-77.52779499977271, 38.837416999673586], [-77.52792000034451, 38.837394999664845], [-77.52811799981292, 38.83735300013808], [-77.52813799990439, 38.83734899981534], [-77.52829500026323, 38.83731799993043], [-77.52835700018751, 38.83730599965532], [-77.52883199966534, 38.83719300034772], [-77.52897200030576, 38.83716199969512], [-77.52912700011645, 38.837115999695015], [-77.52922500002573, 38.83708900004618], [-77.52929299979779, 38.837066999935985], [-77.52938099966136, 38.837042000088765], [-77.52951299990583, 38.83701499971213], [-77.52961599983799, 38.837011000070135], [-77.52971799994523, 38.837021999784845], [-77.52977499984665, 38.83703899965872], [-77.52982699972517, 38.837059999867705], [-77.53004199981032, 38.8371469996679], [-77.53014499974249, 38.8372279999171], [-77.53026299974327, 38.8373029999361], [-77.53055900001928, 38.837492000193144], [-77.53107399968009, 38.83782999975303], [-77.53138900022269, 38.838027999776386], [-77.5316169998283, 38.8381630003352], [-77.53194499989135, 38.83836100013178], [-77.53222000025097, 38.83850200009632], [-77.53246200010031, 38.8386299998421], [-77.5329180002099, 38.83883000020845], [-77.53319500021932, 38.83894299971559], [-77.53360100010019, 38.83908999991432], [-77.53376699978155, 38.839134000276516], [-77.5339469997066, 38.83916300030955], [-77.53418799973102, 38.83915900008851], [-77.53431300030282, 38.8391379997992], [-77.53447700033435, 38.83914899988492], [-77.53460600020576, 38.83918300001172], [-77.53472800040451, 38.839247999879795], [-77.53482999961344, 38.839295999658106], [-77.53488800023808, 38.83933499980398], [-77.5349109998043, 38.839350000069686], [-77.53500000039107, 38.839453999865874], [-77.53513099991233, 38.83959300001542], [-77.53531099983738, 38.839789000288505], [-77.5355519998618, 38.840116000199245], [-77.53563600042571, 38.84022500030202], [-77.5357069996725, 38.84033500010171], [-77.5357769999927, 38.84040600019377], [-77.5358559996354, 38.84048599967062], [-77.53595400044303, 38.84054400002228], [-77.53604599960622, 38.84061900004496], [-77.53612000012438, 38.84068599971855], [-77.53618399969848, 38.84077200012604], [-77.53623399992718, 38.840861999855434], [-77.53630000004944, 38.840988999699725], [-77.53635899960067, 38.841117999722734], [-77.53643800014169, 38.841239999854714], [-77.5365169997844, 38.84136699972405], [-77.53658999957935, 38.84147000022293], [-77.53665300022686, 38.84156499970174], [-77.5367069997552, 38.84169300023513], [-77.53677100022762, 38.84183399989472], [-77.5368399998246, 38.841970000070845], [-77.53689000005332, 38.842131000154275], [-77.53698100028991, 38.84233499981932], [-77.5369949996353, 38.8423880001888], [-77.53702399994762, 38.84247799997327], [-77.53702599959743, 38.84256900017599], [-77.5369949996353, 38.8426579999003], [-77.53697600026703, 38.84275200006217], [-77.53691900036563, 38.84301399978349], [-77.5368880004035, 38.843141999809255], [-77.53685499989321, 38.84327299977213], [-77.5368049996645, 38.84341500031932], [-77.53669300040983, 38.84372100002278], [-77.53660399982306, 38.84393399974597], [-77.53638200006519, 38.84447800032671], [-77.5363400002324, 38.84456100023607], [-77.53624499979784, 38.844704999916566], [-77.53621399983571, 38.84476400012901], [-77.53614699988856, 38.8448790003077], [-77.53607300026871, 38.844996999695525], [-77.53602700023795, 38.84507999969909], [-77.5359460000471, 38.845254999667446], [-77.53586999987913, 38.84538399965239], [-77.5357839996654, 38.84551099982126], [-77.5357069996725, 38.845637999763476], [-77.5356299996796, 38.8457710003028], [-77.53556399955737, 38.84587199975188], [-77.53548300026482, 38.84597400024152], [-77.53540600027193, 38.84606399968779], [-77.5353550002183, 38.846143000017506], [-77.53526399998172, 38.846261999888], [-77.5351929998366, 38.84636699985535], [-77.53515900039973, 38.846455999726324], [-77.53509199955427, 38.84657300022059], [-77.53503800002589, 38.84664999973528], [-77.5349960001931, 38.846717000026636], [-77.53495799965995, 38.84678700027404], [-77.53494000011662, 38.84686700027253], [-77.53493799956848, 38.84687799986301], [-77.53495500018524, 38.84699399989303], [-77.5349889996221, 38.847042999812714], [-77.53501299991154, 38.84707699966572], [-77.53506200031535, 38.84711100020215], [-77.53512500006455, 38.84715499980217], [-77.53526900000459, 38.84721100008059], [-77.53560299991543, 38.84727499984512], [-77.53563499970248, 38.847280999841935], [-77.53570800039573, 38.847295000065806], [-77.53593600000136, 38.84734600000842], [-77.53595899956757, 38.847354999994494], [-77.53599100025293, 38.84736799973919], [-77.53602899988778, 38.847382999710725], [-77.53617200000292, 38.8474500000113], [-77.53630199969925, 38.84751599978629], [-77.53647800032466, 38.847606999842036], [-77.53664099963297, 38.84765399981756], [-77.53679999964162, 38.84768299987631], [-77.53681200023551, 38.84768500009702], [-77.53696899969603, 38.84769600026066], [-77.53712400040504, 38.847709999703234], [-77.53726400014712, 38.84773500000024], [-77.53739700021652, 38.847761000047925], [-77.53755500040026, 38.847793000039786], [-77.53767099985289, 38.84780199996935], [-77.53779499970145, 38.84778900030395], [-77.53795000041046, 38.84775400033205], [-77.53808799960443, 38.84773400024036], [-77.53824300031343, 38.847705999962685], [-77.53838300005552, 38.84768500009702], [-77.53849000018563, 38.84771400014309], [-77.53858300007207, 38.84777899991396], [-77.53865099984412, 38.847830000209235], [-77.53869600004997, 38.84786200017006], [-77.53876600037016, 38.84790200027575], [-77.53879899998213, 38.84792099986333], [-77.53888799967058, 38.847975000025855], [-77.53891399960985, 38.8479899998694], [-77.53905199970211, 38.84805599984304], [-77.53915200015953, 38.84808499973787], [-77.53918399994659, 38.84808999991153], [-77.53927299963506, 38.84808799970221], [-77.53935600037404, 38.848057000297985], [-77.53939200035906, 38.8480359998363], [-77.5394169995751, 38.84802199975825], [-77.53948199987242, 38.84799500004974], [-77.53952399970521, 38.84799299983774], [-77.53955200019261, 38.84799200008153], [-77.53961800031485, 38.84801700027944], [-77.53965900032274, 38.84805299987736], [-77.5397050003535, 38.848132999851465], [-77.53971399967602, 38.84814900011534], [-77.53974899983612, 38.84818600009964], [-77.53978200034639, 38.848220999858995], [-77.53986199981402, 38.848273000289296], [-77.53997899998987, 38.8483300001388], [-77.54008399957188, 38.848372000182756], [-77.54016999978559, 38.84840600010026], [-77.54023900028088, 38.84843600030202], [-77.54033600036526, 38.84847800028343], [-77.54036899997722, 38.84849200027169], [-77.54061400019962, 38.84858799991726], [-77.54084000015541, 38.84867699980816], [-77.54105000021771, 38.84875300009853], [-77.54127899964824, 38.8488369996622], [-77.54130799996057, 38.84884399997118], [-77.54151700019794, 38.84889399975937], [-77.54167899968132, 38.84894299976957], [-77.54170299997078, 38.848950999810874], [-77.54174300015376, 38.848963000220934], [-77.54176300024523, 38.84896900007543], [-77.54183400039034, 38.848996000113836], [-77.54196200043685, 38.84904400031237], [-77.54199900024679, 38.84905800018929], [-77.54204899957719, 38.84907900034926], [-77.54219300041554, 38.84914200009243], [-77.54236499994467, 38.849219000324545], [-77.54246100020414, 38.84928100020564], [-77.54250499968676, 38.84931900003831], [-77.54253999984687, 38.84934899985508], [-77.54256699961104, 38.84937899965915], [-77.54259699974827, 38.84941299979494], [-77.54263500028141, 38.84946299988286], [-77.54263899958106, 38.84949199990374], [-77.54264600015208, 38.84952200034712], [-77.54267499956607, 38.84958000032894], [-77.54270399987838, 38.84960400023521], [-77.54273800021357, 38.84963199976584], [-77.54287899978057, 38.84970799973553], [-77.54290700026799, 38.84972299991323], [-77.54303899961415, 38.849790000108776], [-77.54310100043674, 38.849818000265806], [-77.54316300036102, 38.84984599971219], [-77.54322799976003, 38.849876000006276], [-77.54344299984518, 38.849968999998076], [-77.54369599956519, 38.85008600031151], [-77.54391400002339, 38.850184000055236], [-77.54399600003914, 38.85021700008133], [-77.54407999970473, 38.85025000009211], [-77.54413199958327, 38.85025899971079], [-77.54420500027652, 38.8502709999002], [-77.54431499988138, 38.850278000068066], [-77.54438199982853, 38.85027300004819], [-77.54445899982142, 38.85026599987984], [-77.54448899995865, 38.85026300000735], [-77.54456699977646, 38.85025500011359], [-77.54460100011164, 38.85024899966802], [-77.54469099962499, 38.85022900027783], [-77.5448229998695, 38.850204999882806], [-77.54496199978666, 38.85016699982383], [-77.54507999978743, 38.85012200026163], [-77.54520500035922, 38.850064000022115], [-77.54524999966675, 38.850040999998505], [-77.54530900011629, 38.85001000004611], [-77.54540299982763, 38.849958000185914], [-77.5454560004294, 38.84991999999498], [-77.54548099964543, 38.849901999971124], [-77.54553199969905, 38.84983600031097], [-77.5455690004073, 38.84975499972214], [-77.5455989996462, 38.84967700033762], [-77.54564600040018, 38.84960299980204], [-77.5456539998978, 38.849596000267354], [-77.54570999997429, 38.849542999670504], [-77.5457819999443, 38.849484999658515], [-77.5458299996249, 38.84945299972815], [-77.54584800006656, 38.849441000100356], [-77.54586999980785, 38.84942500012707], [-77.54588900007442, 38.84941100032243], [-77.5459650002424, 38.849335000035424], [-77.5459860001588, 38.84931399995102], [-77.54603300001448, 38.84926599993469], [-77.54604800008309, 38.84924799974533], [-77.54606599962644, 38.84922700033481], [-77.54610300033467, 38.84918500009604], [-77.54615299966508, 38.84913400007261], [-77.54620700009175, 38.84906300029457], [-77.54622999965798, 38.8489839997094], [-77.54627599968872, 38.84892500019811], [-77.54636199990244, 38.84886200026276], [-77.54646499983461, 38.84881499968614], [-77.54660999959957, 38.848772000158455], [-77.54664999978255, 38.84876499984237], [-77.5467379996461, 38.848748999717046], [-77.54683999975333, 38.848758999970734], [-77.54689500000492, 38.84880599988473], [-77.54690500005066, 38.84882700011916], [-77.54692099994419, 38.848857999887414], [-77.54694699988345, 38.84890199980618], [-77.54697799984558, 38.84895500018099], [-77.54700499960977, 38.848988999819866], [-77.54702899989923, 38.84902099995896], [-77.54705400001357, 38.84903900020576], [-77.54709599984636, 38.84906499977691], [-77.54712199978565, 38.8490800000902], [-77.54722700026595, 38.84905500026586], [-77.54724200033456, 38.84905200034231], [-77.54728800036531, 38.84899999978187], [-77.54729900023595, 38.848987000335384], [-77.54735699996228, 38.848895000202525], [-77.54743200030535, 38.848777000283825], [-77.54750299955215, 38.848648999901656], [-77.54759600033688, 38.84850400005956], [-77.5476330001468, 38.848437999801995], [-77.54765599971302, 38.84839799999768], [-77.54766800030691, 38.848336000046636], [-77.54765900008609, 38.8482969999369], [-77.54764400001746, 38.84827100008511], [-77.54761800007819, 38.84823900030827], [-77.54759600033688, 38.84822699977607], [-77.547519000344, 38.84818199968627], [-77.54746300026748, 38.84815899975374], [-77.54739299994729, 38.84812900013474], [-77.54724099961133, 38.84808199977341], [-77.54722300006799, 38.84808100001845], [-77.54717299983926, 38.84807700029881], [-77.54710900026517, 38.84807400033402], [-77.5470470003409, 38.84807899980888], [-77.54694500023363, 38.84808999991153], [-77.54684899997417, 38.84808699994733], [-77.54677199998127, 38.84806699994931], [-77.54662899986614, 38.848023999969485], [-77.54649400014694, 38.847986000144644], [-77.54634900038197, 38.84794600008618], [-77.54616500025895, 38.847914000163144], [-77.54609800031182, 38.84790200027575], [-77.54602399979365, 38.84788899992905], [-77.54583299999794, 38.847853000248136], [-77.54563999965409, 38.847810999897725], [-77.54554699976767, 38.84777699969589], [-77.54549800026219, 38.847735999760054], [-77.54547700034578, 38.847717999883194], [-77.54545200023144, 38.84764799985221], [-77.54544600038366, 38.84756200005969], [-77.54544600038366, 38.8474760001632], [-77.54545300005633, 38.84731000005274], [-77.5454849998434, 38.84716900005084], [-77.54551599980553, 38.84705300030617], [-77.54557799972982, 38.846917000051015], [-77.54559199997351, 38.84689599995246], [-77.54565999974558, 38.84679700010384], [-77.5456820003852, 38.846770999703836], [-77.5457879997921, 38.84667799972899], [-77.54589900012017, 38.846592000163106], [-77.54602399979365, 38.84652300020039], [-77.54616799973368, 38.84646499982503], [-77.54631000002392, 38.84640300028822], [-77.54646099963665, 38.846347999852746], [-77.54657199996474, 38.84630900005246], [-77.54661799999549, 38.846293999854474], [-77.54675100006489, 38.84625100020229], [-77.54681800001204, 38.84623900003438], [-77.54688300030935, 38.84622699986445], [-77.54700200013505, 38.84621300013005], [-77.54716699999148, 38.846220999778694], [-77.54719499958057, 38.84622999990713], [-77.54727099974856, 38.84625800006609], [-77.54738299990154, 38.846338999739295], [-77.54746900011527, 38.84641199969399], [-77.54756799984946, 38.84652600023054], [-77.54766699958367, 38.84664099966003], [-77.5477739997138, 38.84675700007649], [-77.54786199957735, 38.846841999670495], [-77.54796799988256, 38.8469239998493], [-77.54806699961675, 38.84696800026461], [-77.54815600020353, 38.846990999882564], [-77.54823599967116, 38.846999999913585], [-77.54829599994561, 38.847006999703645], [-77.5484139999464, 38.846981000080035], [-77.54851600005364, 38.84695000019344], [-77.548605999567, 38.84688499966513], [-77.54865900016877, 38.84680999995051], [-77.54870900039748, 38.84671199975642], [-77.54873899963641, 38.8466390001096], [-77.5487520000552, 38.84660899984963], [-77.5488159996293, 38.84655400027305], [-77.54889599999524, 38.846536999873734], [-77.54900099957722, 38.84655299979693], [-77.54916700015688, 38.846592999939034], [-77.54934200005908, 38.84664399968525], [-77.54944099979328, 38.84670400016299], [-77.54951100011348, 38.8467919998393], [-77.54957300003777, 38.846887999680064], [-77.54960999984769, 38.84695799975922], [-77.54962200044156, 38.846981000080035], [-77.5496459998327, 38.84706000009107], [-77.54962200044156, 38.84712699999624], [-77.54961499987057, 38.84714400025452], [-77.5495839999084, 38.847214000081784], [-77.54956999966471, 38.84728999983627], [-77.54959399995417, 38.84739300015638], [-77.54966900029723, 38.847538000164114], [-77.54974399974198, 38.847699000241406], [-77.54979800016865, 38.84778400010914], [-77.54985800044312, 38.847879000252696], [-77.54997300007084, 38.84804499973508], [-77.55010199994226, 38.848242000266104], [-77.55022900016388, 38.84838999989419], [-77.55030500033186, 38.84847999978217], [-77.55040300024115, 38.84866799998934], [-77.55042300033263, 38.84872899990514], [-77.5504419997009, 38.848813999941434], [-77.55042400015755, 38.848895000202525], [-77.55041300028688, 38.84892699968434], [-77.55036399988309, 38.84902800024979], [-77.55032100022538, 38.849096999881816], [-77.55029699993594, 38.84913499981277], [-77.55027099999668, 38.84916999980489], [-77.55022099976796, 38.849236999821684], [-77.5501110001631, 38.84937200010243], [-77.55000200038316, 38.84950200005292], [-77.54991299979638, 38.84959700000102], [-77.54987299961343, 38.849638999996586], [-77.54974899976486, 38.84978400032359], [-77.5495749996876, 38.84997600019566], [-77.54948699982404, 38.850064000022115], [-77.54941700040216, 38.85013399977454], [-77.54926599989109, 38.850285000235246], [-77.54919899994394, 38.85037499982452], [-77.5491110000804, 38.85049200016982], [-77.54897100033833, 38.85065499999516], [-77.54882900004809, 38.85084000020279], [-77.54867300041248, 38.85102200008879], [-77.5485400003431, 38.85118500009884], [-77.54842999983991, 38.8513230000085], [-77.54834699999925, 38.85144200030874], [-77.54823700039438, 38.85163699971776], [-77.54819800003634, 38.85170099969788], [-77.54812400041648, 38.851824000274114], [-77.54798200012627, 38.85204200011872], [-77.54790900033133, 38.85213900026804], [-77.54783300016334, 38.85223999977082], [-77.54773799972878, 38.85235199997303], [-77.54763399997172, 38.852447000312374], [-77.54756200000169, 38.85255099985352], [-77.5475279996665, 38.852604999999286], [-77.54745400004667, 38.85267799982022], [-77.54739999961998, 38.852783000111664], [-77.54735299976433, 38.85291399981154], [-77.54732699982506, 38.85301300024176], [-77.54732199980218, 38.8530679997216], [-77.54731599995439, 38.85313500026437], [-77.54732500017522, 38.85326800007927], [-77.5473369998708, 38.85339500016484], [-77.54736299981008, 38.853532999984196], [-77.5474080000159, 38.8536580002434], [-77.54744499982583, 38.85375500028759], [-77.54746900011527, 38.853794000203166], [-77.54750099990233, 38.85384800010477], [-77.54755799980373, 38.85393699971066], [-77.54765700043625, 38.85402900031802], [-77.54776299984314, 38.8541069998273], [-77.54783399998826, 38.85414499988009], [-77.54792299967671, 38.85419199973325], [-77.54800999971536, 38.85423599985043], [-77.54807400018777, 38.854269000095314], [-77.54813199991409, 38.85429200015094], [-77.54824300024218, 38.8543369998733], [-77.54843499986279, 38.85441800014127], [-77.54853299977208, 38.854462999783905], [-77.54866699966638, 38.85452299996269], [-77.54880700030678, 38.85458100006409], [-77.54889199979728, 38.85461699983788], [-77.54912399960088, 38.854718000019325], [-77.54935499957955, 38.85482799979743], [-77.5495820002586, 38.85494299979693], [-77.54984800039739, 38.85506900003308], [-77.54997899991862, 38.85512499967771], [-77.55006699978216, 38.85516299988621], [-77.55031899967724, 38.855272999675634], [-77.5504690003634, 38.85532099983566], [-77.55062900019695, 38.855360000291654], [-77.55075200022061, 38.85536499995394], [-77.55087000022138, 38.85538700000287], [-77.55099499989487, 38.85542599972307], [-77.55109899965193, 38.85547799978316], [-77.55117599964483, 38.85552100015387], [-77.55127000025448, 38.85559199978175], [-77.55128299977495, 38.85560100012364], [-77.55140499997367, 38.85566500003469], [-77.55152499962428, 38.85572899988815], [-77.55163500012745, 38.85578600005889], [-77.55178099971731, 38.85585999975838], [-77.5519139997867, 38.85592800011383], [-77.55204000018341, 38.85600199966552], [-77.55212300002408, 38.8560799998092], [-77.5522159999105, 38.85613699969863], [-77.55232300004062, 38.85618899993837], [-77.55240500005638, 38.85624100014009], [-77.55246100013288, 38.8562789997523], [-77.55249600029298, 38.856317999682894], [-77.55250899981345, 38.85636700017525], [-77.55251200018651, 38.85637900003373], [-77.55250999963837, 38.85641399995908], [-77.55250899981345, 38.85644699989298], [-77.55249600029298, 38.85648399975817], [-77.55247799985132, 38.856533000136196], [-77.55246500033084, 38.8565629997085], [-77.5524350001936, 38.856629999757025], [-77.55239099981267, 38.856738000109445], [-77.55233200026146, 38.85687599973823], [-77.55231399981979, 38.85690999978813], [-77.55225400044365, 38.85702600024753], [-77.55223400035216, 38.85705399965466], [-77.55222199975829, 38.85706899968233], [-77.55217200042789, 38.85713900023574], [-77.55212999969677, 38.857175999740946], [-77.55211200015341, 38.8571920000693], [-77.55203199978749, 38.857207999694545], [-77.55192100035771, 38.8572220000632], [-77.55183400031908, 38.85724299991145], [-77.55175599960296, 38.85728300033813], [-77.55171499959509, 38.85732399966787], [-77.55167500031042, 38.85738800012695], [-77.55166000024181, 38.857432999989015], [-77.55165100002098, 38.857470999663796], [-77.55164900037114, 38.857540999821516], [-77.55167500031042, 38.85760199982286], [-77.55168799983089, 38.857673999791515], [-77.55167500031042, 38.857752999818956], [-77.55163699977727, 38.85784200013441], [-77.55162599990662, 38.857913999860074], [-77.55160599981514, 38.85799700018204], [-77.55161400021106, 38.858095000218334], [-77.55162199970866, 38.85818700034367], [-77.55162799955643, 38.858281999884376], [-77.55163500012745, 38.85838200014737], [-77.55164199980014, 38.85848900032904], [-77.55163799960218, 38.858580000337206], [-77.55163799960218, 38.858591000215036], [-77.55161500003597, 38.8586969997769], [-77.55159599976938, 38.858760000095], [-77.55157599967791, 38.858816000330876], [-77.55155700030964, 38.85885900008236], [-77.551538999868, 38.85890100020491], [-77.55150999955566, 38.85895099991881], [-77.55148799981436, 38.8589910000843], [-77.55143699976072, 38.859066000246486], [-77.5514130003696, 38.85910100024847], [-77.55133600037671, 38.85919700026542], [-77.55124099994215, 38.85926200003571], [-77.55118499986565, 38.85931200019526], [-77.55104199975051, 38.859451000020385], [-77.55089299978759, 38.85956899971909], [-77.55073200012912, 38.859702999684835], [-77.55044599989886, 38.85994499977671], [-77.55040499989097, 38.8599810003328], [-77.55028299969223, 38.86008899979321], [-77.55012600023173, 38.860199999942026], [-77.54997999974354, 38.86028299969437], [-77.54996600039814, 38.86029000027583], [-77.54985900026801, 38.860342999859476], [-77.5497300003966, 38.86041799999473], [-77.5496380003351, 38.86048300004797], [-77.54957200021285, 38.860573000023535], [-77.54947299958033, 38.860705000341305], [-77.54937100037141, 38.86086700026916], [-77.54931500029491, 38.86097999974992], [-77.54924699962453, 38.86110899989713], [-77.54919999976885, 38.861227999912145], [-77.54917999967738, 38.86131800034377], [-77.54916899980671, 38.86136499965341], [-77.54911500027836, 38.8614989997322], [-77.54905800037695, 38.86162099988704], [-77.5489980001025, 38.86171500017314], [-77.54891600008673, 38.861814999805354], [-77.54882900004809, 38.86189700021026], [-77.54870600002445, 38.86201099971176], [-77.54862599965851, 38.86209100007503], [-77.54850099998504, 38.862211999657795], [-77.54828300042514, 38.86242399971947], [-77.54824999991486, 38.86246400002973], [-77.54820300005922, 38.86252399975347], [-77.548132999739, 38.86262600014694], [-77.54808500005842, 38.86270099997258], [-77.54806400014203, 38.86277599971911], [-77.54808199968538, 38.86285200033286], [-77.54814100013492, 38.8629170002595], [-77.54822099960255, 38.862971000228704], [-77.54828599989987, 38.86300899974203], [-77.54836299989276, 38.86305499978837], [-77.54849699978706, 38.86313200034678], [-77.54860800011517, 38.8631879999375], [-77.54885900018533, 38.86330599972999], [-77.54905800037695, 38.863411999957535], [-77.54911600010327, 38.86344599968036], [-77.54921900003544, 38.86350599997434], [-77.5493570001277, 38.86357899979752], [-77.5494480003643, 38.863620999930056], [-77.5494979996947, 38.86364399975897], [-77.54954799992339, 38.863667000279925], [-77.54970500028224, 38.86374899994788], [-77.54987199978851, 38.86384699975115], [-77.55002099975141, 38.86393199990649], [-77.55009600009448, 38.86401200020672], [-77.55010399959208, 38.86401999995204], [-77.55015399982082, 38.86405500031344], [-77.55022199959288, 38.86410399967134], [-77.55036999973089, 38.86419500018786], [-77.55056499972454, 38.864272999738525], [-77.55059400003687, 38.864281000153895], [-77.55067400040281, 38.86430200001595], [-77.55075899989329, 38.86432500032404], [-77.55089600016066, 38.86434999967734], [-77.5509560004351, 38.864359999835834], [-77.55103599990274, 38.864368999767485], [-77.55118599969057, 38.864383999651025], [-77.5513780002095, 38.8643920000539], [-77.55149200001232, 38.86439699978066], [-77.55162500008171, 38.86439300027905], [-77.55180500000677, 38.864362999813196], [-77.5519489999468, 38.86433499978663], [-77.55208100019128, 38.86429499982948], [-77.55223199980402, 38.86424700013096], [-77.55234399995702, 38.86420299991259], [-77.55242400032297, 38.86415599968098], [-77.5524350001936, 38.86414499996459], [-77.55246600015576, 38.86411300033482], [-77.55252300005718, 38.86407600024225], [-77.55259199965414, 38.86405599984387], [-77.55266699999721, 38.864061000293724], [-77.55272399989862, 38.8640829997508], [-77.55273599959418, 38.86408699996932], [-77.55275200038602, 38.86410900011782], [-77.552784999998, 38.864152000165824], [-77.55282500018096, 38.864214999847675], [-77.55285199994515, 38.864296000056], [-77.55285199994515, 38.864383999651025], [-77.55285000029531, 38.864474999809175], [-77.55284899957208, 38.86455999991319], [-77.55282400035604, 38.864672000298256], [-77.55279800041677, 38.86476000012736], [-77.55278699964781, 38.86478900020613], [-77.55275400003583, 38.864850999804254], [-77.5527370003174, 38.864882000282485], [-77.55269600030952, 38.86496999985165], [-77.55269100028664, 38.86498100013988], [-77.55263199983712, 38.86508899969988], [-77.55254599962339, 38.86519900022288], [-77.55252899990495, 38.86522100002728], [-77.5524760002015, 38.865288000311715], [-77.55241199972907, 38.86538300015779], [-77.55239599983555, 38.86540700032707], [-77.55237300026933, 38.865430999788835], [-77.5523010002993, 38.86550399973381], [-77.55219800036716, 38.86558799979818], [-77.5521029999326, 38.86566700012616], [-77.5520410000083, 38.865728000151165], [-77.55202299956665, 38.86574599966694], [-77.55199699962738, 38.86577099991944], [-77.55190499956588, 38.86585100024877], [-77.55187600015188, 38.865876999969174], [-77.5518429996416, 38.86590699979618], [-77.55176099962584, 38.865984000063634], [-77.55164199980014, 38.866092999700136], [-77.5515050004311, 38.86620599996822], [-77.55140400014878, 38.866278000317706], [-77.55132600033096, 38.86632400034739], [-77.551286000148, 38.86634700000135], [-77.55115700027658, 38.86642300029506], [-77.5511170000936, 38.86644499972071], [-77.55098200037438, 38.866512999746405], [-77.55085199977972, 38.86660100009446], [-77.55071899971033, 38.86668699994792], [-77.55061300030344, 38.866739000166646], [-77.55045699976951, 38.86684399998132], [-77.55039800021827, 38.8668879999641], [-77.55034600033974, 38.866926000181664], [-77.55032399970013, 38.866941999715024], [-77.55025000008028, 38.86698500014792], [-77.55020400004953, 38.86701100015305], [-77.5501399995771, 38.86704100020097], [-77.55011199998802, 38.86705399984477], [-77.55008000020096, 38.86706899986127], [-77.54992700004009, 38.86718300016281], [-77.54983400015367, 38.86726700034159], [-77.5497310002215, 38.86737700029245], [-77.54968699984057, 38.86744699979107], [-77.54966400027435, 38.86746999978115], [-77.5495760004108, 38.86755099977816], [-77.54948599999912, 38.86761399994516], [-77.54941499985401, 38.86767000020218], [-77.54933100018843, 38.867728000072184], [-77.54926900026413, 38.867796000269486], [-77.5492159996624, 38.867871999713586], [-77.54919700029413, 38.86793100029355], [-77.54919399992107, 38.86795599977768], [-77.54918999972311, 38.86798899995061], [-77.54922300023338, 38.86807400004982], [-77.54928199978463, 38.8681129998063], [-77.54936899982326, 38.86816300003663], [-77.54940999983113, 38.86819700028506], [-77.54945199966393, 38.868231999988986], [-77.5494779996032, 38.86825800023749], [-77.54954200007562, 38.868320999777936], [-77.5496380003351, 38.868403999842194], [-77.54971500032798, 38.868502999691025], [-77.54974799993994, 38.86859000020731], [-77.54976499965838, 38.868692999756455], [-77.54978700029801, 38.86880300029844], [-77.5498090000393, 38.86890200029097], [-77.54981599971201, 38.86892400034834], [-77.54981900008505, 38.86893399986351], [-77.54982999995572, 38.86897000006471], [-77.54988799968201, 38.8690209998523], [-77.54997100042102, 38.86906899982471], [-77.55007900037604, 38.86911600030538], [-77.5501460003232, 38.86916199989751], [-77.550180999585, 38.86920499968701], [-77.55022999998879, 38.86927900010959], [-77.55027900039259, 38.86938999989966], [-77.55032000040049, 38.869487000166586], [-77.55036399988309, 38.86956599965891], [-77.55042099978449, 38.86965099997069], [-77.55047900040914, 38.86973399988089], [-77.55055200020406, 38.86981399994697], [-77.55058200034131, 38.86983400012427], [-77.55063699969456, 38.8698720001659], [-77.55069699996902, 38.86992599974835], [-77.55074399982469, 38.869986000168836], [-77.55078300018276, 38.870055999896024], [-77.55081099977184, 38.87013100027656], [-77.55083400023638, 38.87019800012999], [-77.5508500001299, 38.87027799967386], [-77.55086699984834, 38.87040699973662], [-77.55091899972687, 38.87049699973934], [-77.55094700021428, 38.87054399997525], [-77.55098700039726, 38.87060200029795], [-77.5510190001843, 38.87065700016227], [-77.55104099992562, 38.87071099984779], [-77.55106600003997, 38.87078799980765], [-77.55107500026081, 38.870843999662455], [-77.55107899956045, 38.87086499968406], [-77.55109199997923, 38.870938999777366], [-77.55113600036017, 38.87099799990998], [-77.55117900001787, 38.87106500034492], [-77.55122699969844, 38.871129999756654], [-77.55127100007937, 38.87120400027347], [-77.55131700011012, 38.87129199971034], [-77.55137200036172, 38.87138699992583], [-77.55141400019451, 38.87145799979791], [-77.55148100014166, 38.87158300002089], [-77.55153499967001, 38.871682000338026], [-77.55153600039324, 38.87169499983252], [-77.551538999868, 38.871727000245826], [-77.55151299992872, 38.871769999882495], [-77.5514550002024, 38.871825999663045], [-77.55140499997367, 38.871870000059126], [-77.55135800011801, 38.87191200018929], [-77.55107699991062, 38.87215999998561], [-77.551033000428, 38.872204000174946], [-77.55095100041224, 38.87228499967344], [-77.55086600002342, 38.87239799989023], [-77.5508569998026, 38.872414000290135], [-77.55080499992405, 38.87250999981643], [-77.55078400000765, 38.87256400019234], [-77.55075200022061, 38.87264600008901], [-77.55073299995404, 38.87270199987874], [-77.55072899975607, 38.87271599999413], [-77.55071399968746, 38.87276200005415], [-77.55069500031921, 38.872829000225096], [-77.55068299972531, 38.872869999682706], [-77.55067000020485, 38.87296800020087], [-77.55067199985467, 38.87308800005191], [-77.55067299967958, 38.87320899980142], [-77.55070000034206, 38.87336600011736], [-77.5507379999769, 38.873494000073705], [-77.55078599965748, 38.87362899976697], [-77.55081199959675, 38.87370299978016], [-77.5508500001299, 38.87377300004309], [-77.55090700003132, 38.87386600025571], [-77.55094999968901, 38.87396300000944], [-77.55099400006995, 38.874059000241026], [-77.55100599976552, 38.87408800002322], [-77.55103599990274, 38.87416399973388], [-77.55105799964406, 38.8742000000838], [-77.55112899978916, 38.87429700008103], [-77.5511809996677, 38.874351999883714], [-77.55122599987354, 38.87443700006719], [-77.55128799979781, 38.87452799994526], [-77.55133600037671, 38.874581000104925], [-77.55139400010303, 38.87462999990064], [-77.55144400033174, 38.87466100031061], [-77.55153300002019, 38.87471399967171], [-77.55160099979226, 38.874775999705484], [-77.55166100006672, 38.87482999975851], [-77.55167699996024, 38.874847999767105], [-77.55176399999888, 38.87494999996259], [-77.55194700029699, 38.875141999727724], [-77.55199900017551, 38.8752109998991], [-77.55201699971887, 38.875266999765955], [-77.55203199978749, 38.87534000010064], [-77.55202799958951, 38.87540900007974], [-77.5520269997646, 38.87542599987179], [-77.5520040001984, 38.87548499977654], [-77.55195800016764, 38.87552499973154], [-77.55190000044132, 38.87556300022743], [-77.55183799961873, 38.87559200009525], [-77.55176200034906, 38.87564300002711], [-77.55171499959509, 38.87569399992232], [-77.55164599999812, 38.87576899994862], [-77.55160300034039, 38.87582400001083], [-77.55158800027178, 38.87584399989572], [-77.55152799999733, 38.875932999944744], [-77.55146299970001, 38.87602800025129], [-77.55138499988219, 38.87617299992219], [-77.55134499969923, 38.876239999675], [-77.55122000002576, 38.87644800034229], [-77.55108699995635, 38.876687999979254], [-77.550921000275, 38.87695500011775], [-77.55089799981047, 38.87699499994473], [-77.55089100013778, 38.87700799986613], [-77.550877999719, 38.87702299988012], [-77.55084599993195, 38.87705199985158], [-77.55079800025136, 38.87707899971786], [-77.55072600028134, 38.87710600027324], [-77.55064099989254, 38.87712699984333], [-77.55050299980026, 38.87716800031824], [-77.55038399997458, 38.877217999773734], [-77.55027699984446, 38.87725600006371], [-77.55020300022461, 38.87728900011499], [-77.55014700014812, 38.87731900002114], [-77.55009000024671, 38.877352000043174], [-77.55002599977429, 38.87744299968545], [-77.54998999978928, 38.8775149998424], [-77.54995800000222, 38.877580999689116], [-77.54993100023805, 38.87764300001905], [-77.54991799981926, 38.877669999660796], [-77.54987799963628, 38.877791000001444], [-77.54983800035163, 38.877899999715794], [-77.54981700043523, 38.878022999731584], [-77.5497809995519, 38.87821200019383], [-77.54975399978773, 38.87835999969053], [-77.54975600033585, 38.878546999903776], [-77.54974799993994, 38.878704000316105], [-77.54974999958976, 38.87885300020848], [-77.54974999958976, 38.87887399996166], [-77.54975499961265, 38.879027000273986], [-77.54976399983347, 38.87914100027884], [-77.54978700029801, 38.87920700001399], [-77.54980700038949, 38.87929199998524], [-77.549823000283, 38.879384999968956], [-77.54982599975776, 38.87945200019013], [-77.54985400024516, 38.879542999940455], [-77.54988000018442, 38.87963700030564], [-77.54991100014655, 38.87972299977204], [-77.54994600030666, 38.879799999758866], [-77.5499839999415, 38.87985600020548], [-77.55004400021595, 38.87992600000234], [-77.55014100030033, 38.88004599999325], [-77.55022999998879, 38.8801629997718], [-77.55032100022538, 38.88027800005366], [-77.5503570002104, 38.88032400011432], [-77.55040400006605, 38.88038400014867], [-77.55049299975452, 38.880508000059145], [-77.55058599964096, 38.88065399967638], [-77.5506960001441, 38.880818000287206], [-77.55081699961963, 38.88099799968622], [-77.55092899977261, 38.88119099988331], [-77.551025999857, 38.88135100000799], [-77.55110600022294, 38.88149699999096], [-77.55116999979704, 38.8815929998354], [-77.55124000011723, 38.88168900024944], [-77.55128699997292, 38.88177500002948], [-77.55133100035384, 38.88186199968473], [-77.55140400014878, 38.881983999857844], [-77.55147100009593, 38.88213099991427], [-77.55152999964716, 38.8822469997822], [-77.55155999978436, 38.88234000009406], [-77.55156700035538, 38.882361000215326], [-77.55158800027178, 38.88242499981399], [-77.55161400021106, 38.88251999983313], [-77.55164699982302, 38.88261499972525], [-77.55167500031042, 38.882691000106895], [-77.55168700000598, 38.88272199979758], [-77.55168600018108, 38.88274699967366], [-77.55168199998312, 38.88284799975462], [-77.55180400018185, 38.88294799972794], [-77.5518219997252, 38.88296199992279], [-77.55186100008325, 38.8830259996794], [-77.55188299982457, 38.8830900000776], [-77.5518910002205, 38.8831240001783], [-77.55189799989319, 38.88315399971891], [-77.55191700015975, 38.88322700034296], [-77.55192700020551, 38.88330000019268], [-77.55192499965736, 38.88335899985363], [-77.55192100035771, 38.883433000224244], [-77.55191799998467, 38.88349500034318], [-77.55190999958874, 38.88353599994096], [-77.55190600028911, 38.883561000229854], [-77.55190200009115, 38.88364000016192], [-77.55190100026623, 38.883648999750285], [-77.5518910002205, 38.88371099968073], [-77.55187199995392, 38.88377700006599], [-77.55185799971021, 38.883825999814455], [-77.55184099999178, 38.883885999688694], [-77.55180599983167, 38.8839839997007], [-77.55179099976306, 38.8840379997494], [-77.55177700041767, 38.884106999674245], [-77.55176399999888, 38.88417600023136], [-77.55175300012823, 38.88424599996799], [-77.5517449997323, 38.884291000311684], [-77.55174300008247, 38.884325999782334], [-77.55174200025758, 38.88437499985139], [-77.55174399990739, 38.88444799992018], [-77.55174200025758, 38.884521999855835], [-77.55173800005961, 38.884587000245986], [-77.55174700028043, 38.88464800011703], [-77.55175300012823, 38.88467200007485], [-77.55175700032619, 38.88469300020606], [-77.5517869995651, 38.884728000177944], [-77.55180500000677, 38.88475000023137], [-77.55188600019761, 38.884786000113365], [-77.55190499956588, 38.88479500025584], [-77.5519840001069, 38.884834999865156], [-77.55206399957453, 38.88489400034917], [-77.5521170001763, 38.88495499995658], [-77.55214399994047, 38.884985000122605], [-77.55216099965891, 38.88500400029108], [-77.5522159999105, 38.88510699982804], [-77.5522300001542, 38.88517500018051], [-77.55224500022281, 38.88522500029531], [-77.55224799969756, 38.885235000314005], [-77.55224799969756, 38.88524500033134], [-77.55224799969756, 38.88532399978944], [-77.5522229995832, 38.885404999717906], [-77.55221500008558, 38.885483999697364], [-77.5522159999105, 38.885539999859674], [-77.55221400026068, 38.88560400009105], [-77.55221300043576, 38.88566700033898], [-77.55221300043576, 38.8856929998035], [-77.55220699968966, 38.88576300014319], [-77.55220199966678, 38.8858440002704], [-77.55219800036716, 38.88591299983978], [-77.552195999819, 38.885964999977666], [-77.55219499999411, 38.885992999874766], [-77.55218599977327, 38.88609400023606], [-77.55217900010057, 38.88616600001827], [-77.55217599972752, 38.88620099996369], [-77.55217400007771, 38.88622200034226], [-77.5521730002528, 38.8862619998474], [-77.5521730002528, 38.886292000160715], [-77.5521530001613, 38.88636399974226], [-77.55212999969677, 38.88642199974058], [-77.55212800004696, 38.88645700025912], [-77.55212700022204, 38.886469999847996], [-77.55213300006982, 38.886481000305096], [-77.5521590000091, 38.88653699968152], [-77.55220599986477, 38.88656799979188], [-77.55224000019994, 38.88658800014908], [-77.55230899979692, 38.88660099971398], [-77.55237599974407, 38.88660400015111], [-77.55247500037657, 38.88660200032587], [-77.55256300024013, 38.88659799997598], [-77.55264199988285, 38.88658800014908], [-77.55270299998223, 38.88657699970856], [-77.55275999988363, 38.88659799997598], [-77.55280599991438, 38.886653999959435], [-77.55284699992227, 38.88670399973257], [-77.55289399977794, 38.88677299986514], [-77.55296800029608, 38.88685400023927], [-77.55305399961149, 38.88692799976659], [-77.5531599999167, 38.88699399996026], [-77.55330100038202, 38.88708499984076], [-77.55343399955309, 38.887157999921854], [-77.55354099968321, 38.88721300025909], [-77.5535890002621, 38.88723999976072], [-77.55360500015563, 38.88724900029151], [-77.5537080000878, 38.88729799974304], [-77.55383699995922, 38.8873310000253], [-77.55395900015796, 38.88736299969106], [-77.55408999967922, 38.887381999922844], [-77.55419199978647, 38.887400000248114], [-77.55430499976437, 38.88741699996842], [-77.55443100016106, 38.88744200029013], [-77.55454599978879, 38.88748099990734], [-77.55463299982743, 38.88752700019927], [-77.55473499993468, 38.887591000039095], [-77.55476099987395, 38.887610000209854], [-77.55478000014052, 38.887624000185234], [-77.55485200011054, 38.88765399992339], [-77.55492099970752, 38.88766899978771], [-77.55501500031717, 38.887672000179734], [-77.55509399995988, 38.887681999854046], [-77.55516400028007, 38.887723999729324], [-77.55520199991491, 38.88776700017526], [-77.55522000035657, 38.88782900000811], [-77.5552239996562, 38.88784800011528], [-77.55523399970197, 38.88789900034085], [-77.55524100027297, 38.887954000104386], [-77.5552429999228, 38.88797099969212], [-77.55526399983918, 38.88805299999098], [-77.55528999977847, 38.8881430000224], [-77.55532400011366, 38.8882260000125], [-77.55534599985496, 38.88827699996671], [-77.55535800044883, 38.88830199998575], [-77.55537299961912, 38.88832299974324], [-77.55539400043384, 38.88835299988544], [-77.5554689998786, 38.88841400001897], [-77.5555459998715, 38.88844900025532], [-77.55563700010808, 38.88849099967713], [-77.55573300036757, 38.888529000231365], [-77.55583399975158, 38.88855699981713], [-77.55595799960014, 38.888591999983085], [-77.55605800005758, 38.88861299965479], [-77.5561729996853, 38.88863599978761], [-77.55630499992978, 38.888640999906684], [-77.55644700022, 38.88863599978761], [-77.5566249995969, 38.88862000024319], [-77.55680899971995, 38.888605999764934], [-77.55689900013162, 38.88860200022707], [-77.55697799977433, 38.88859799998979], [-77.5570880002775, 38.88857900008329], [-77.55720200008031, 38.88855099980696], [-77.5572980003398, 38.88852499998998], [-77.55731599988314, 38.88851999986275], [-77.5573989997238, 38.88847599998637], [-77.55741399979243, 38.88846800019659], [-77.55744200027983, 38.888451999915155], [-77.55751199970172, 38.88840799999666], [-77.55753799964099, 38.88839099981426], [-77.55758299984683, 38.88836099968811], [-77.55762700022777, 38.88832999966099], [-77.55769199962677, 38.8882680002654], [-77.55778100021354, 38.88819499992647], [-77.55781600037365, 38.8881470002853], [-77.55782100039652, 38.888124999885406], [-77.5578359995668, 38.88806799977105], [-77.55785099963543, 38.888059999935386], [-77.55795799976555, 38.888003999661784], [-77.5581079995534, 38.887950999724275], [-77.55826999993508, 38.887908000088956], [-77.55843399996661, 38.88785699986978], [-77.55853699989878, 38.887826000321965], [-77.558567000036, 38.88781599996874], [-77.55858899977731, 38.88781300028199], [-77.5587279996945, 38.88779300026967], [-77.5589250002363, 38.88776800007149], [-77.55907099982618, 38.887748000046486], [-77.55910000013849, 38.887741000071344], [-77.55919899987269, 38.88771800034803], [-77.55929400030723, 38.88768700004026], [-77.55939200021655, 38.887637000259794], [-77.55946800038451, 38.88757000006522], [-77.55953399960845, 38.88750000010753], [-77.55961399997439, 38.887423999975496], [-77.55962400002012, 38.887414000264876], [-77.5597129997086, 38.8873160000896], [-77.5597839998537, 38.8872609998321], [-77.55980200029535, 38.88724699978519], [-77.55981099961788, 38.88723999976072], [-77.5598979996565, 38.88717600030393], [-77.56002099968016, 38.88707899970625], [-77.56014500042703, 38.88697999986073], [-77.5602779995981, 38.88689599990484], [-77.56030100006264, 38.886880999877285], [-77.56040900001769, 38.88681299975929], [-77.56047599996484, 38.88677999993566], [-77.5605449995618, 38.88678099984578], [-77.5606290001257, 38.88681000003024], [-77.56073700008075, 38.88685199972182], [-77.56080499985279, 38.886880999877285], [-77.56092399967848, 38.88692300022615], [-77.56106799961853, 38.88697500032399], [-77.5611990000381, 38.887011999684646], [-77.56128199987877, 38.88706099999884], [-77.56132600025971, 38.88710400014685], [-77.56143300038983, 38.887152999698394], [-77.56155300004043, 38.8871830003347], [-77.56166299964528, 38.88719499988643], [-77.56176599957743, 38.88719200017352], [-77.56187000023284, 38.88719100026918], [-77.56200300030221, 38.887181999731], [-77.56209000034086, 38.88715099988862], [-77.56212600032588, 38.88709800001396], [-77.56214600041734, 38.88706000009266], [-77.56215100044022, 38.88705100023718], [-77.56216099958765, 38.88703999986834], [-77.56218599970201, 38.88701300029075], [-77.56225099999934, 38.88696399994339], [-77.56232899981715, 38.88691099992921], [-77.56242400025168, 38.88683100022873], [-77.56253399985656, 38.886753000259205], [-77.56265199985734, 38.88668200028423], [-77.56266600010103, 38.88667299968161], [-77.56271499960653, 38.886651000223665], [-77.5627969996223, 38.88661399997575], [-77.56295300015621, 38.886550999868355], [-77.56309399972321, 38.88650399972969], [-77.56324400040936, 38.88645399981579], [-77.56342400033441, 38.88639200018136], [-77.56360199971132, 38.88630399986296], [-77.56376499991794, 38.8862330001385], [-77.5638889997665, 38.886181000196785], [-77.56399000004883, 38.88615400029273], [-77.56408299993527, 38.88613599965174], [-77.56416699960084, 38.88614000002765], [-77.56425399963948, 38.886171000311194], [-77.56429899984533, 38.88620099996369], [-77.56432200030986, 38.88621799997097], [-77.5643390000283, 38.88624399993304], [-77.56435400009691, 38.88626700013357], [-77.56436300031773, 38.886288999710416], [-77.56437900021128, 38.88633200032571], [-77.56438500005905, 38.886350000217824], [-77.56440900034849, 38.88641800007976], [-77.56442000021914, 38.88645399981579], [-77.56443199991472, 38.88649200006123], [-77.5644870001663, 38.88658800014908], [-77.56452899999908, 38.88662800014741], [-77.56462799973329, 38.88666800012321], [-77.56480900038159, 38.88672499996239], [-77.56500699984998, 38.88677100004466], [-77.56519000014808, 38.88681299975929], [-77.56537699974584, 38.88684399974916], [-77.56539199981445, 38.886847000176026], [-77.56553800030262, 38.88686699975549], [-77.56570300015908, 38.88690900011262], [-77.56582899965746, 38.886949999837945], [-77.56593999998555, 38.88699200014601], [-77.56595400022924, 38.887000000102], [-77.56604299991771, 38.88704699991251], [-77.56618799968264, 38.88709999982523], [-77.56622299984276, 38.887112000090234], [-77.56634400021657, 38.88712999978467], [-77.56650999989793, 38.88715700001704], [-77.56666300005881, 38.88717999992203], [-77.56682299989238, 38.88719699969498], [-77.56699100012187, 38.88720800003951], [-77.5671769998947, 38.88723500024223], [-77.56720500038212, 38.887240999664364], [-77.56729800026852, 38.88725900002536], [-77.56746999979765, 38.88730200005352], [-77.56758000030084, 38.887329000220525], [-77.56762399978346, 38.88733899994311], [-77.56777600011942, 38.887388000031756], [-77.56794199980075, 38.88743700008666], [-77.56803700023532, 38.88747599970662], [-77.56806700037255, 38.88748799990806], [-77.56810400018247, 38.887502999807445], [-77.56818700002316, 38.88754000029159], [-77.56827999990958, 38.88758900024159], [-77.56830699967375, 38.887604000119694], [-77.56834299965875, 38.887627999778104], [-77.56838200001683, 38.8876549998212], [-77.56844899996398, 38.88771599985491], [-77.5684790001012, 38.887742999864514], [-77.56853699982753, 38.88780900000029], [-77.56857600018559, 38.88788499972043], [-77.5686060003228, 38.88797599985805], [-77.56861499964533, 38.88799900019706], [-77.56864099958459, 38.888071000146226], [-77.5686769995696, 38.88815099984878], [-77.56872699979832, 38.88823299993981], [-77.56873699984406, 38.88824900027057], [-77.56878399969973, 38.88832999966099], [-77.56883399992844, 38.888408999883865], [-77.56887699958615, 38.888474000213826], [-77.56892500016504, 38.88854599968155], [-77.568957999777, 38.888642999674516], [-77.56895699995209, 38.88870099990982], [-77.56897100019579, 38.888789999937664], [-77.56900600035588, 38.88887100010961], [-77.56906099970915, 38.88895499982781], [-77.56911599996074, 38.889022000114565], [-77.5691970001516, 38.88910700023081], [-77.56925200040318, 38.88916199975829], [-77.56936100018312, 38.889252999658446], [-77.56945800026752, 38.88932100023767], [-77.5695629998495, 38.88938800017916], [-77.56969199972093, 38.88944499993356], [-77.56981399991966, 38.88950499995677], [-77.56997299992831, 38.889565999800276], [-77.57009599995197, 38.88961399988101], [-77.57012299971615, 38.88960899983042], [-77.57015100020357, 38.88960299990905], [-77.57024999993774, 38.88958199983079], [-77.57029199977055, 38.88957300029475], [-77.57029099994564, 38.88965799975172], [-77.57029099994564, 38.889686000290865], [-77.57029000012072, 38.88975600019214], [-77.57045599980208, 38.88976499970499], [-77.57101099964586, 38.8899440003446], [-77.57128000015769, 38.890005999675836], [-77.57131000029491, 38.890013999991574], [-77.57144400018922, 38.89005199973112], [-77.57146000008275, 38.89005599988651], [-77.57151199996127, 38.89007000007906], [-77.57158800012927, 38.890089000285975], [-77.57161099969548, 38.890094000302774], [-77.57167099996994, 38.8901079997886], [-77.57175800000857, 38.89012799984837], [-77.57190100012372, 38.89016700008861], [-77.57199800020808, 38.89020100029848], [-77.57203099982006, 38.890213000039594], [-77.57204400023883, 38.89021899990944], [-77.57213799995019, 38.89026599968786], [-77.57220700044546, 38.89030899999343], [-77.57222900018677, 38.89032300013611], [-77.57230199998169, 38.89037899997992], [-77.57233200011893, 38.89040099968174], [-77.57240400008895, 38.89047799998292], [-77.57247600005897, 38.89057699984793], [-77.57255999972456, 38.89068299996005], [-77.57261999999902, 38.89075599983973], [-77.57264699976321, 38.89078800006028], [-77.57269799981682, 38.890841999831636], [-77.57277499980971, 38.89089300000525], [-77.57287500026715, 38.89093900018533], [-77.57289600018353, 38.89094800024745], [-77.57306100003998, 38.89099500024272], [-77.57308600015435, 38.89100199989722], [-77.57312499961408, 38.89101299965247], [-77.57321300037594, 38.89103800010703], [-77.5733990001488, 38.891080000095656], [-77.57358999994449, 38.89111600026593], [-77.5737599998238, 38.89115300026655], [-77.57391299998469, 38.89119400033918], [-77.57393800009905, 38.8911990002782], [-77.57410899980326, 38.89123600023558], [-77.57423000017708, 38.891255000130606], [-77.57436099969834, 38.891233999841525], [-77.57447399967624, 38.89117899982078], [-77.574519999707, 38.89115099987016], [-77.57456599973776, 38.891122000059454], [-77.57458099980637, 38.891111000321025], [-77.57463000021018, 38.89106500025238], [-77.57463699988287, 38.89103400000689], [-77.57465500032454, 38.89094800024745], [-77.57466100017231, 38.89085500001644], [-77.57466500037027, 38.89074800030672], [-77.57468399973853, 38.890659999790806], [-77.57471499970067, 38.89057699984793], [-77.57472499974641, 38.89055000021623], [-77.57476099973142, 38.89043999977209], [-77.57479900026458, 38.89034700027433], [-77.5748369998994, 38.89028800012389], [-77.57484799977006, 38.89027999983896], [-77.57486500038681, 38.89026700024807], [-77.57488999960286, 38.890248999950074], [-77.57495400007527, 38.89023499979287], [-77.57497300034184, 38.89023300006985], [-77.57505199998457, 38.89023499979287], [-77.5751259996044, 38.89024399994419], [-77.57520599997034, 38.890258000099664], [-77.57524399960518, 38.89026899997019], [-77.57529800003185, 38.89028499984236], [-77.57535599975817, 38.89030700027249], [-77.57538400024558, 38.89031800013537], [-77.57546399971321, 38.89033700027601], [-77.57548700017774, 38.890342000275346], [-77.5756319999427, 38.890363000128936], [-77.57576300036227, 38.89037999983939], [-77.57592099964769, 38.890413999947306], [-77.5759419995641, 38.890418000082306], [-77.5760670001359, 38.89044300004707], [-77.57622000029676, 38.89047799998292], [-77.57630499978725, 38.89049899979629], [-77.57647100036692, 38.89054100010363], [-77.5764830000625, 38.89054399967518], [-77.57661399958374, 38.890584000242775], [-77.57671499986608, 38.89062699965668], [-77.57673999998043, 38.89063999988083], [-77.57684600028566, 38.89070000029308], [-77.57690599966179, 38.89073199983964], [-77.57696500011134, 38.890763000216936], [-77.57710400002851, 38.89083400030832], [-77.57723999957263, 38.890901000221135], [-77.57729700037235, 38.89092299976127], [-77.57739000025877, 38.890959000011115], [-77.57741100017518, 38.89096800007076], [-77.57756400033604, 38.89104099965754], [-77.57764700017673, 38.89108500004269], [-77.57767200029109, 38.89109900003241], [-77.57778299972084, 38.89114699977644], [-77.57790800029262, 38.89120800030742], [-77.57793099985884, 38.89121800018313], [-77.57804200018694, 38.89126400015274], [-77.57808099964669, 38.89128300004028], [-77.578109999959, 38.89129600014442], [-77.57813800044642, 38.89130900024613], [-77.57814900031707, 38.89131300033074], [-77.57823700018061, 38.891341000217544], [-77.57834699978547, 38.891366999703024], [-77.57841899975548, 38.89138300002701], [-77.57848099967977, 38.891396999958], [-77.57850099977125, 38.89140199988272], [-77.57885399994868, 38.89152799982766], [-77.57898100017027, 38.89154599980155], [-77.5790609996379, 38.891522999911814], [-77.57907700042973, 38.89151899983903], [-77.57912699976013, 38.89149800032717], [-77.57918500038477, 38.89141800019888], [-77.57920499957795, 38.89140699980714], [-77.57927900009611, 38.8913659998574], [-77.57943100043208, 38.89127999980078], [-77.57962800007557, 38.89118799985254], [-77.5797650003429, 38.8911199996622], [-77.57986900009999, 38.891080000095656], [-77.5799679998342, 38.89104200020689], [-77.58007499996431, 38.89100500014846], [-77.58019899981286, 38.89097399987678], [-77.5802859998515, 38.890969999773084], [-77.58030199974503, 38.89096899992193], [-77.58036899969218, 38.890978999831276], [-77.58047300034757, 38.89099100014021], [-77.58060600041696, 38.89100199989722], [-77.58068099986173, 38.89100299974792], [-77.58073299974025, 38.89100000019574], [-77.58079899986248, 38.89099500024272], [-77.58086900018269, 38.89099199999106], [-77.5809329997568, 38.890988999739264], [-77.58104900010774, 38.89097799998024], [-77.5811729999563, 38.89098200008348], [-77.58129099995709, 38.890997999795054], [-77.58139399988924, 38.89102300025488], [-77.58159899992864, 38.89108199979483], [-77.58172600015027, 38.89113900028746], [-77.58187199974013, 38.891231000299165], [-77.58193500038763, 38.89127599971432], [-77.58199700031193, 38.89131999995389], [-77.58208099997749, 38.891401000037646], [-77.58210299971881, 38.89146199965135], [-77.58212199998539, 38.89154900002982], [-77.5821229998103, 38.89162999985247], [-77.58214299990178, 38.89175299987259], [-77.58217700023698, 38.891896999778965], [-77.58222400009262, 38.89201900019959], [-77.5822929996896, 38.89215299982398], [-77.58232000035211, 38.892194999852556], [-77.58235200013915, 38.89224800011944], [-77.58239200032213, 38.89228799972742], [-77.58245300042148, 38.89234999980943], [-77.58261800027795, 38.89251200033213], [-77.58267000015647, 38.892554000148365], [-77.5827699997156, 38.89263500022326], [-77.58278800015727, 38.89264899990747], [-77.58287500019588, 38.89270999984771], [-77.58292299987646, 38.89274500006482], [-77.58308699990799, 38.89284800026418], [-77.58314200015958, 38.892865999903556], [-77.58327400040406, 38.892877999893685], [-77.58335800006965, 38.89287300007281], [-77.5834889995909, 38.892877999893685], [-77.58354600039061, 38.89290800020965], [-77.58367199988899, 38.89298400006783], [-77.58389799984481, 38.8931299999167], [-77.58394800007353, 38.89315900030589], [-77.58411799995284, 38.89326100008599], [-77.58428199998436, 38.89334600002389], [-77.58438599974144, 38.893391000196594], [-77.5843969996121, 38.89339599998096], [-77.58451200013813, 38.89343899979004], [-77.58460000000169, 38.89348899968163], [-77.58465899955293, 38.8935440000112], [-77.58468600021541, 38.89358599991636], [-77.58469399971302, 38.893607000209215], [-77.58471999965228, 38.89367100016444], [-77.58471999965228, 38.893713999807034], [-77.58472200020043, 38.893756000310844], [-77.58473100042124, 38.89379899990197], [-77.58475300016256, 38.89386500000423], [-77.58478199957656, 38.89392499978969], [-77.58482900033054, 38.89400800001537], [-77.58490299995037, 38.89409599987908], [-77.58492399986677, 38.89412199975438], [-77.58495999985179, 38.894164999823104], [-77.58504799971533, 38.8943000000973], [-77.58514700034786, 38.89444800034118], [-77.58525500030291, 38.89460499987549], [-77.58537999997635, 38.89475600027581], [-77.5855020001751, 38.89490199997788], [-77.585607999582, 38.89503199988143], [-77.58572800013091, 38.89516300003833], [-77.58580000010093, 38.895213000114566], [-77.58587200007096, 38.895244999725364], [-77.58589700018531, 38.89525099986926], [-77.58592200029968, 38.89525600022185], [-77.58599900029256, 38.89527399995013], [-77.5861070002476, 38.89528600023252], [-77.58614599970734, 38.89529000009314], [-77.58618699971521, 38.89530099988354], [-77.58627600030199, 38.89532399994821], [-77.58639299957953, 38.89536499971059], [-77.58647899979327, 38.895404999660634], [-77.58649499968679, 38.89541399985602], [-77.58655300031143, 38.895447999651665], [-77.58668100035796, 38.89552899992184], [-77.58677900026724, 38.89558000022581], [-77.58692700040525, 38.89565600002131], [-77.58734499998168, 38.89583900032678], [-77.58739299966226, 38.89590100010556], [-77.58741600012678, 38.89593000006244], [-77.58746499963226, 38.89597899981805], [-77.58755599986887, 38.89603299983772], [-77.58768100044064, 38.8961050000331], [-77.58778799967246, 38.89615800017886], [-77.58791200041934, 38.896197999682215], [-77.58804600031362, 38.896234999832], [-77.58814199967479, 38.896247999728914], [-77.58818600005571, 38.896253000011306], [-77.58836400033096, 38.896272999739075], [-77.58855000010378, 38.89627899979612], [-77.58865300003595, 38.89628300029998], [-77.58889200041055, 38.896286000328146], [-77.58909400007691, 38.89629300016031], [-77.58930199959106, 38.896315000127814], [-77.5895150000264, 38.89633799986408], [-77.58971199966989, 38.89635900004231], [-77.58986999985363, 38.89636500009209], [-77.58989999999088, 38.89636400031688], [-77.58995799971719, 38.89636400031688], [-77.59008099974082, 38.896362999842495], [-77.59024599959727, 38.89636400031688], [-77.5903109998946, 38.89636999966713], [-77.5904099996288, 38.8963930000847], [-77.59056699998764, 38.89642700011081], [-77.59081999970762, 38.89647900024267], [-77.59108800039455, 38.896535999899754], [-77.59137200007667, 38.89659099996702], [-77.59144300022177, 38.89660999982786], [-77.5915710002683, 38.896657000271226], [-77.5915999996823, 38.89668399967885], [-77.59161800012397, 38.89670699999477], [-77.59165199956085, 38.89676499993754], [-77.5916840002462, 38.89685200011252], [-77.59168800044418, 38.896978000176915], [-77.591690000094, 38.89700699969401], [-77.59168900026908, 38.89702499967763], [-77.59168099987316, 38.89708500028914], [-77.59165400010899, 38.89713399994697], [-77.5915999996823, 38.89717500006271], [-77.59157999959082, 38.897177000289425], [-77.59151600001672, 38.897184000033775], [-77.59145200044262, 38.89719599999342], [-77.5914309996279, 38.897199999746526], [-77.59130699977935, 38.897210000176884], [-77.59123099961137, 38.89722800010901], [-77.59119200015162, 38.89727299991946], [-77.59120700022024, 38.897345000255896], [-77.59124300020524, 38.89739099975298], [-77.59130699977935, 38.89743900013869], [-77.5914020002139, 38.897451999815154], [-77.59148800042763, 38.897448000076295], [-77.5915579998495, 38.897454999793936], [-77.59157399974305, 38.897462000210034], [-77.59160700025332, 38.89747900031882], [-77.59161999977378, 38.89752300021127], [-77.59162599962157, 38.897549000230256], [-77.59162300014685, 38.897579999729544], [-77.59158999963655, 38.8979089997835], [-77.59149500010032, 38.898065000304854], [-77.59147400018394, 38.898128999738425], [-77.59145999994023, 38.89817500012589], [-77.59144599969652, 38.89822000003533], [-77.59143400000096, 38.8982659996647], [-77.5914230001303, 38.8983129997112], [-77.59141300008456, 38.898358999979465], [-77.59140499968862, 38.89840500021794], [-77.59139700019102, 38.89845200017243], [-77.59138999962003, 38.898497999651525], [-77.59138399977223, 38.89854500024361], [-77.59137899974938, 38.898592000105445], [-77.59137200007667, 38.89860099989692], [-77.59136200003094, 38.898614999803335], [-77.59135500035823, 38.89862899970706], [-77.59135000033537, 38.898643000307075], [-77.59134699996233, 38.89866200031798], [-77.59133799974148, 38.89867199984338], [-77.59132900041898, 38.89868299980901], [-77.59131699982508, 38.89870000032459], [-77.59130500012952, 38.89871700013695], [-77.59129500008379, 38.8987339999453], [-77.59128699968787, 38.89875000000791], [-77.5912809998401, 38.89876399988494], [-77.59127599981721, 38.89877900019963], [-77.59127099979433, 38.8987950002521], [-77.59126499994655, 38.89882099980537], [-77.5912619995735, 38.8988380002879], [-77.5912599999237, 38.89886500026453], [-77.5912599999237, 38.89889099979217], [-77.59126099974858, 38.8989009999844], [-77.59126300029672, 38.89892299984309], [-77.59126599977147, 38.89893599994702], [-77.59127099979433, 38.89895400014078], [-77.59127599981721, 38.898973000068466], [-77.59128400021314, 38.898991999991125], [-77.59129199971072, 38.89901000017069], [-77.59130199975647, 38.89902699990889], [-77.59132500022102, 38.89905399981365], [-77.59134299976436, 38.89907600032401], [-77.59138200012241, 38.89911700001765], [-77.59141700028252, 38.8991519998738], [-77.5914649999631, 38.899196999863236], [-77.59150900034403, 38.89923500028262], [-77.59155500037478, 38.899272000248324], [-77.59160700025332, 38.8993099999285], [-77.59165199956085, 38.899341999790536], [-77.5916769996752, 38.899359000148344], [-77.59177700013262, 38.89941199996288], [-77.5918030000719, 38.89943799998937], [-77.59182599963812, 38.89945999968163], [-77.5918730003921, 38.899503000013866], [-77.59192199989758, 38.899544999890516], [-77.59197299995122, 38.89958600001243], [-77.59202599965465, 38.89962499995299], [-77.59205300031716, 38.899642999972095], [-77.59208000008134, 38.899661999715484], [-77.59215799989914, 38.899740999918485], [-77.59225599980843, 38.899840999881256], [-77.59239300007579, 38.89993099965747], [-77.59251000025164, 38.900010999984204], [-77.59257800002369, 38.9000499996913], [-77.59266800043538, 38.900101999966616], [-77.5928109996522, 38.9001920001111], [-77.59284699963722, 38.90021900027205], [-77.59288299962223, 38.90024500000301], [-77.59291799978233, 38.90027099972444], [-77.59302599973736, 38.90033499996623], [-77.59305800042273, 38.90034499995511], [-77.59310600010332, 38.900359000216795], [-77.59312899966953, 38.90036200007277], [-77.59316800002759, 38.90036600034661], [-77.59323999999762, 38.90037400019455], [-77.59325300041641, 38.90037900018642], [-77.59328799967818, 38.90038999988763], [-77.59333399970893, 38.900416000255085], [-77.59336100037143, 38.90043299965664], [-77.59342400012062, 38.90048600006778], [-77.59348299967186, 38.90056299992186], [-77.59352399967973, 38.900621999926074], [-77.59353799992344, 38.90064100010656], [-77.59363500000782, 38.90070900026938], [-77.59376300005434, 38.900773000116345], [-77.59383599984928, 38.900802000180995], [-77.59385799959057, 38.900810999692375], [-77.59394200015447, 38.90082499986219], [-77.59397499976643, 38.90082999982229], [-77.59405299958424, 38.90083299965836], [-77.594182000354, 38.90082400014977], [-77.59431000040051, 38.90081499994092], [-77.59432299992099, 38.90081599965347], [-77.59439300024118, 38.90081999990173], [-77.5944650002112, 38.90083299965836], [-77.59449600017335, 38.90083999974145], [-77.59469100016702, 38.90090700000245], [-77.5947880002514, 38.90091900003207], [-77.59497499984914, 38.900943999795984], [-77.59498800026795, 38.90094599991654], [-77.59512999965985, 38.900967999840695], [-77.59530499956205, 38.90099499970658], [-77.59545500024817, 38.90102599979881], [-77.5955349997158, 38.90105400005089], [-77.59561199970868, 38.90109599970925], [-77.59567199998315, 38.901133999811485], [-77.5957389999303, 38.90118500028467], [-77.59583299964163, 38.90125700015017], [-77.59595099964241, 38.90135099974814], [-77.59613499976543, 38.90148200013307], [-77.5962810002536, 38.90158500024463], [-77.59643199986634, 38.90168400000745], [-77.59658300037738, 38.90178100023435], [-77.5966059999436, 38.90179599991166], [-77.59669200015735, 38.901849999702456], [-77.59671700027171, 38.90186599976204], [-77.59680299958711, 38.901911000128834], [-77.59686799988445, 38.90194199982113], [-77.59693200035684, 38.901969999711994], [-77.59702400041836, 38.902003999864235], [-77.5970770001218, 38.9020380000002], [-77.5971189999546, 38.902072999814735], [-77.59716900018331, 38.902138999917454], [-77.59720400034342, 38.90222099993836], [-77.59722899955948, 38.902309999802775], [-77.59724500035131, 38.902375999685155], [-77.59726899974243, 38.90246999989894], [-77.5972870001841, 38.902519999723964], [-77.59731499977319, 38.90256399998828], [-77.59737199967459, 38.90262800026052], [-77.59741000020773, 38.902662999784255], [-77.59745100021563, 38.90267700028795], [-77.59748700020063, 38.90268999970464], [-77.5975619996454, 38.902695000232455], [-77.59770099956258, 38.90270499988901], [-77.59788100038594, 38.90271799999962], [-77.59803000034884, 38.90274900003868], [-77.59824600025891, 38.902791000092556], [-77.59826999965003, 38.90285799991069], [-77.59826200015245, 38.90290899984465], [-77.59825399975652, 38.90299800024479], [-77.5982599996043, 38.903058999684816], [-77.59828600044189, 38.90311099985372], [-77.59832699955145, 38.903145999838415], [-77.59835199966581, 38.903162999984545], [-77.59846700019186, 38.90326500007674], [-77.59856199972809, 38.903403000256105], [-77.59861600015476, 38.90351900034121], [-77.59863100022338, 38.90359900012069], [-77.59863100022338, 38.903654999982635], [-77.59862600020053, 38.903712000171275], [-77.59862299982746, 38.90382500004199], [-77.59862700002542, 38.90394799991332], [-77.59864200009403, 38.90410100005272], [-77.59867899990395, 38.904284000266124], [-77.59870300019341, 38.90437600002713], [-77.59875000004908, 38.90447799977482], [-77.59879799972965, 38.904559999890594], [-77.5988649996768, 38.904641999911725], [-77.5989140000806, 38.904684999901946], [-77.59903399973119, 38.904748999660406], [-77.59908499978484, 38.90477600018566], [-77.59917099999855, 38.90482199976226], [-77.59929900004506, 38.904910000206684], [-77.59940700000008, 38.90497799977626], [-77.59946300007661, 38.905007000220586], [-77.59955000011523, 38.905066000027276], [-77.59965200022249, 38.90517000018328], [-77.59966499974296, 38.90521800020394], [-77.5996530000474, 38.90527699983527], [-77.59964999967436, 38.905290000174006], [-77.59961299986442, 38.90534200010701], [-77.59958899957499, 38.905395000349024], [-77.5995829997272, 38.905407000319194], [-77.59956500018384, 38.90548999970777], [-77.59958100007738, 38.90554099984829], [-77.59961200003951, 38.9055959999313], [-77.59962899975797, 38.90561799981278], [-77.59967700033685, 38.9056800001411], [-77.5997869999417, 38.90580500027761], [-77.59995900036914, 38.90597799970082], [-77.6000549997303, 38.906070000062876], [-77.60017000025634, 38.9061499997641], [-77.60029199955677, 38.90621299996342], [-77.60038899964114, 38.90625199975922], [-77.60049099974839, 38.90629900011199], [-77.60053099993137, 38.90633500025702], [-77.60056400044164, 38.906377000286696], [-77.60060600027444, 38.90644200025031], [-77.60065999980279, 38.90658199980847], [-77.60068499991715, 38.906649999873736], [-77.6006959997878, 38.906728999991074], [-77.60068900011511, 38.90677400007177], [-77.60067700041954, 38.90684399990747], [-77.60066800019871, 38.90694100007511], [-77.60066999984852, 38.90701900024343], [-77.60067800024446, 38.907069999984515], [-77.60070800038169, 38.907151999902666], [-77.60075500023734, 38.90722700027336], [-77.60079500042032, 38.90727099971768], [-77.60080600029099, 38.90727900018561], [-77.60085499979645, 38.90729699966243], [-77.60091800044397, 38.90731800009485], [-77.60104599959217, 38.90735399972313], [-77.60116299976804, 38.907481999962485], [-77.60121399982165, 38.9075519997991], [-77.6011529997223, 38.90765199994532], [-77.60106400003384, 38.90774099999192], [-77.60110099984375, 38.907860999831016], [-77.6012449997838, 38.90801999968976], [-77.60143300010478, 38.90818900017358], [-77.60154600008268, 38.908248999739826], [-77.60164399999198, 38.90830100030153], [-77.60185900007714, 38.90837200033477], [-77.60195600016151, 38.90843399965595], [-77.60199899981922, 38.908507999767], [-77.60200800004006, 38.908600000345345], [-77.60199999964414, 38.90865399985431], [-77.60199999964414, 38.908821000328146], [-77.6020549998957, 38.90898500021851], [-77.60213000023879, 38.9090989996804], [-77.60224700041465, 38.90922700026836], [-77.60241100044618, 38.90939000032794], [-77.60260600043985, 38.90968399994364], [-77.60282900002261, 38.909948000344016], [-77.60288199972605, 38.910052000338105], [-77.6029269999319, 38.91013699974963], [-77.60294399965034, 38.91023499989047], [-77.6029400003507, 38.91033999974151], [-77.60290199981755, 38.910478000148274], [-77.6028990003428, 38.910514000271064], [-77.60289699979468, 38.910575000243256], [-77.60291799971107, 38.91065100006648], [-77.6029550004193, 38.910695999757934], [-77.60296700011487, 38.910711999920935], [-77.60300899994768, 38.910788000296535], [-77.6030750000699, 38.91089199975884], [-77.60318899987273, 38.9110600001277], [-77.60330699987351, 38.91108999975229], [-77.60334100020869, 38.91109799978987], [-77.60340200030804, 38.9110970002221], [-77.60347099990501, 38.9110940001207], [-77.60355700011874, 38.911131000197315], [-77.6040269995737, 38.91140600020043], [-77.60422099974248, 38.911480000009156], [-77.6043980001928, 38.911508000332304], [-77.60449399955395, 38.91154399993268], [-77.60460800025508, 38.911602999898435], [-77.60477399993643, 38.91164200022795], [-77.60484099988358, 38.91162800009422], [-77.60503300040251, 38.91161899985697], [-77.60542099984173, 38.911626999834915], [-77.60552299994897, 38.91162899965451], [-77.60576700034643, 38.91169499996037], [-77.60589000037011, 38.911737999872436], [-77.6062359999765, 38.911861000013566], [-77.60646500030536, 38.91191199977089], [-77.6066309999867, 38.91190500008053], [-77.60673399991887, 38.911892999810775], [-77.6069110003692, 38.911884999862814], [-77.60708000042358, 38.91191499983771], [-77.60724600010494, 38.91191900015962], [-77.60733200031866, 38.91193800011278], [-77.60741299961121, 38.91196399974614], [-77.60752599958911, 38.912001000068294], [-77.60759099988645, 38.912023000061765], [-77.60766899970426, 38.91207199989563], [-77.60771700028315, 38.91213900004166], [-77.6077630003139, 38.9122950000532], [-77.60779099990297, 38.912391999762015], [-77.60781099999448, 38.91252000000355], [-77.60791599957646, 38.91266600022666], [-77.60802000023183, 38.91275599982194], [-77.60816099979884, 38.912780000067556], [-77.60838299955668, 38.91284400021681], [-77.60861100006065, 38.91298099970887], [-77.60877699974199, 38.91308599969159], [-77.60894300032166, 38.91314900002605], [-77.60900500024593, 38.9132099998306], [-77.60902699998724, 38.9133840003143], [-77.60903700003298, 38.91347300016381], [-77.60917699977507, 38.91371599982069], [-77.60927999970723, 38.91389200021765], [-77.60928499973011, 38.91390299992214], [-77.60933199958578, 38.914003000207785], [-77.60932599973799, 38.91402700003171], [-77.60930099962364, 38.9141340003129], [-77.6092980001489, 38.91423700024169], [-77.60929700032399, 38.91425800001882], [-77.60932400008817, 38.914360000245885], [-77.6093540002254, 38.914385000169545], [-77.60946600037839, 38.91447800033938], [-77.60952900012758, 38.91456799973381], [-77.60957500015833, 38.91474599984658], [-77.60964600030343, 38.914791999952364], [-77.60973800036494, 38.914777000225016], [-77.60986700023638, 38.914754999687304], [-77.60993900020641, 38.91478300011634], [-77.61001200000133, 38.91484699985733], [-77.61004999963617, 38.91493400024269], [-77.61006700025293, 38.91502600018068], [-77.6101850002537, 38.91522799996041], [-77.61021299984279, 38.91533700024286], [-77.61021700004075, 38.91537899983886], [-77.61023299993427, 38.91554700007137], [-77.61028999983567, 38.91579200001785], [-77.61037299967636, 38.916146000255274], [-77.61031800032309, 38.916196999729316], [-77.61024499962984, 38.91626599986393], [-77.61021200001788, 38.91633600012441], [-77.61021000036806, 38.91642400027398], [-77.61024499962984, 38.91657800027322], [-77.61031599977495, 38.91661400009777], [-77.61038699992007, 38.91661000004049], [-77.61043499960063, 38.9166089998514], [-77.61047099958564, 38.9166079996623], [-77.61059899963217, 38.91661000004049], [-77.61069900008958, 38.91663899992632], [-77.61076299966369, 38.916678000284385], [-77.61086200029622, 38.91674500027588], [-77.61093000006828, 38.916797999692356], [-77.61096500022838, 38.91683599977714], [-77.61097399955088, 38.916904999989356], [-77.61097899957376, 38.916941000346974], [-77.61098299977172, 38.91697699998739], [-77.6110020000383, 38.917047999729405], [-77.61102700015265, 38.91710400016497], [-77.61107700038136, 38.91713199966721], [-77.61114099995547, 38.91715999985735], [-77.61133199975119, 38.9172930000855], [-77.61159700006505, 38.917510000253586], [-77.61159100021726, 38.91757000032791], [-77.61156100008004, 38.91766699981658], [-77.61154500018651, 38.91778200018424], [-77.61154500018651, 38.917860000321475], [-77.611565000278, 38.91796900005602], [-77.61159799988997, 38.918078000322005], [-77.61165899998933, 38.918199999792805], [-77.61174500020306, 38.91838800012491], [-77.61181499962493, 38.91855799984767], [-77.61182300002086, 38.91857800028161], [-77.61183499971644, 38.91864399971676], [-77.61180399975429, 38.91869500019126], [-77.61175500024879, 38.918722000304314], [-77.61173500015732, 38.91873299995911], [-77.61163600042312, 38.91878099989432], [-77.61154900038446, 38.91884299990817], [-77.61157899962339, 38.91889900032498], [-77.61157899962339, 38.918967999929166], [-77.61157000030086, 38.91903499985536], [-77.61152699974485, 38.91912499976096], [-77.61147400004141, 38.91920900003584], [-77.61142200016288, 38.91929499981488], [-77.61135500021571, 38.91938200033858], [-77.61131599985764, 38.919462999862674], [-77.61130099978904, 38.91953000002041], [-77.61130800036005, 38.91960800033298], [-77.61131699968257, 38.91966599973922], [-77.6113200000556, 38.91968599986087], [-77.61134000014711, 38.9197660002912], [-77.6113610000635, 38.91981800010317], [-77.61139899969834, 38.919863999716945], [-77.61142899983555, 38.91988200019579], [-77.61144899992705, 38.91989499995638], [-77.61151400022437, 38.91995600025281], [-77.61152900029299, 38.919979000018664], [-77.61154500018651, 38.92000299991833], [-77.61158500036947, 38.92006400012187], [-77.61160899976062, 38.920101999855504], [-77.61167300023303, 38.920224000039966], [-77.61167700043099, 38.92023299988483], [-77.61169800034739, 38.920297000302064], [-77.61170599984499, 38.92035999982642], [-77.61171699971564, 38.92041900015119], [-77.61174299965492, 38.92047100018355], [-77.61178700003585, 38.92050499986155], [-77.61183600043965, 38.92057500013393], [-77.61183700026456, 38.920689999982244], [-77.61183800008948, 38.92071700003508], [-77.61184099956421, 38.9207810000157], [-77.61182800004372, 38.92085999978119], [-77.61179500043177, 38.92091200018928], [-77.61178799986075, 38.92091999981856], [-77.61174500020306, 38.920971000055054], [-77.6116780002559, 38.92105199986193], [-77.61167700043099, 38.92109800007355], [-77.61168199955556, 38.92115400010851], [-77.61170599984499, 38.92121100022353], [-77.61174199983, 38.9212500001655], [-77.61179700008158, 38.92129199975648], [-77.61184300011234, 38.921308999750224], [-77.61187300024957, 38.92131999970291], [-77.61196799978582, 38.92136199995136], [-77.61204899997666, 38.92142200026312], [-77.61210699970297, 38.92148799984854], [-77.61216699997746, 38.92156600010544], [-77.6121850004191, 38.92159000016724], [-77.61223599957442, 38.92166200030386], [-77.6123479997274, 38.921783999902715], [-77.61239399975817, 38.92184100021053], [-77.61240700017694, 38.92190200023174], [-77.6124099996517, 38.92191500032114], [-77.61240700017694, 38.92192600017987], [-77.61239499958307, 38.92198800024124], [-77.61239200010836, 38.92200199972908], [-77.6123820000626, 38.92207799989584], [-77.61244800018484, 38.92211900028302], [-77.61246900010124, 38.92212699977627], [-77.61250300043643, 38.9221389997133], [-77.61253500022347, 38.92218700013997], [-77.61254699991905, 38.92221599984333], [-77.61257100020849, 38.922272999804086], [-77.61260200017063, 38.922368999744805], [-77.61261100039147, 38.92241200017846], [-77.61261999971397, 38.92245599999392], [-77.61262599956176, 38.92250099988808], [-77.61261499969109, 38.92253999981984], [-77.61260899984332, 38.92255999983029], [-77.6125860002771, 38.922667999929196], [-77.61258399972895, 38.922678999671184], [-77.61258799992692, 38.92273800016428], [-77.61258999957676, 38.922769999949274], [-77.61262200026212, 38.92280899973317], [-77.61268699966112, 38.922850999799046], [-77.61273400041512, 38.92286399971457], [-77.61278200009569, 38.92287600022585], [-77.61288800040089, 38.92291899965334], [-77.61289199970054, 38.922927999855276], [-77.61292199983778, 38.92299799983388], [-77.61292600003573, 38.92300900022361], [-77.61292799968555, 38.92306799974344], [-77.61292500021081, 38.923128000010266], [-77.61293000023369, 38.92316299990955], [-77.61293699990638, 38.923208000054196], [-77.61295500034804, 38.92327299997976], [-77.61298100028732, 38.92334900018279], [-77.61293799973129, 38.923422000025255], [-77.61290900031729, 38.92343200025632], [-77.61286800030942, 38.92344700025085], [-77.612811000408, 38.923470999676375], [-77.61277899972264, 38.923515000232754], [-77.612763999654, 38.92353600005983], [-77.6127620000042, 38.923557999971855], [-77.61275699998133, 38.92363800022981], [-77.61275399960827, 38.92391199990545], [-77.61275799980623, 38.924054000116826], [-77.6127910003165, 38.92413800014745], [-77.61286400011146, 38.92417400032984], [-77.61293400043165, 38.92423100011527], [-77.61293699990638, 38.924277999744554], [-77.61293299970843, 38.92438600002369], [-77.61297100024159, 38.92443400032793], [-77.61300999970132, 38.924450000189196], [-77.61305699955697, 38.92446999966123], [-77.61310900033384, 38.92446099965491], [-77.61316299986218, 38.92445200034633], [-77.61328599988583, 38.92443900002289], [-77.61337100027465, 38.92446199973333], [-77.61348400025256, 38.92453000014015], [-77.61350000014608, 38.92461000000089], [-77.61350699981878, 38.92466700013496], [-77.6135090003669, 38.92468099979301], [-77.61353799978092, 38.92470600027384], [-77.6135779999639, 38.92474000001904], [-77.61366800037557, 38.924754999736976], [-77.61372899957662, 38.924742000167946], [-77.61380100044495, 38.9247289998977], [-77.61384599975248, 38.92472400022317], [-77.61394000036213, 38.92471600032391], [-77.61397600034715, 38.92471500024908], [-77.61400599958606, 38.92471400017423], [-77.61408799960182, 38.92474599976682], [-77.61410600004349, 38.92479900019596], [-77.61411699991413, 38.92485500010526], [-77.6141279997848, 38.92493100001136], [-77.61413000033293, 38.924947999832064], [-77.61413899965545, 38.924995999756064], [-77.61415799992203, 38.925098999993], [-77.61419499973195, 38.9252120000605], [-77.61424599978558, 38.925302999885105], [-77.61428900034159, 38.925335999976994], [-77.6143539997406, 38.92535900009545], [-77.61439499974848, 38.9253710001847], [-77.61444099977923, 38.925384000337345], [-77.61454799990936, 38.92538699983465], [-77.61460099961282, 38.92538799989997], [-77.61466099988726, 38.92538799989997], [-77.6147620001696, 38.925395999723506], [-77.61478399991091, 38.925397999853914], [-77.61488600001817, 38.92541600032655], [-77.61498599957729, 38.92544199991409], [-77.61510100010331, 38.92550100020607], [-77.61513999956307, 38.92555500013413], [-77.61514299993611, 38.925604999772055], [-77.61524099984541, 38.9256949997304], [-77.6152819998533, 38.92572500015706], [-77.61531500036355, 38.92577000007435], [-77.615332000082, 38.92581499996311], [-77.6153739999148, 38.92586199994075], [-77.61543300036433, 38.92591400017704], [-77.61553499957327, 38.92600699991328], [-77.615592000373, 38.9260640003226], [-77.6156330003809, 38.926134000002456], [-77.61565799959693, 38.926176000196556], [-77.61567799968842, 38.92620999993607], [-77.61573399976491, 38.92630700019285], [-77.6158250000015, 38.92641200002591], [-77.61586299963633, 38.92641300007679], [-77.61592000043606, 38.926416000229445], [-77.61598999985796, 38.9264489998036], [-77.61601800034535, 38.92648799966171], [-77.6160369997136, 38.9265440003343], [-77.61604199973648, 38.92659299992569], [-77.61603300041396, 38.92664200018207], [-77.61600499992655, 38.926688000263596], [-77.61596200026885, 38.9267170002237], [-77.61587799970495, 38.92676699974152], [-77.61584199971993, 38.926823000193856], [-77.61587500023022, 38.92688400012471], [-77.61593799997941, 38.92692599987471], [-77.61599700042895, 38.926965000169446], [-77.61600499992655, 38.92702099976669], [-77.61600900012452, 38.92704700016367], [-77.61598999985796, 38.92710299969618], [-77.61596800011664, 38.927193999890484], [-77.61598400001016, 38.92727400024135], [-77.61602199964499, 38.92730700011518], [-77.61605299960715, 38.92733499978433], [-77.6160860001174, 38.92734900031364], [-77.61610399966075, 38.92735699991599], [-77.61615800008744, 38.9273640001788], [-77.61617499980586, 38.92736600025377], [-77.61623400025542, 38.92735599987838], [-77.61629100015682, 38.92733599982223], [-77.61631600027118, 38.92732300002734], [-77.61635899992889, 38.927299999846745], [-77.61641099980743, 38.927279999774804], [-77.6164579996631, 38.92727300020256], [-77.61656899999117, 38.927276000318855], [-77.61660499997618, 38.92728800008379], [-77.61666000022775, 38.92730700011518], [-77.61668100014415, 38.927313000344746], [-77.61673200019779, 38.9273270001795], [-77.61681599986338, 38.92738000007805], [-77.61696200035155, 38.927483999684846], [-77.61701300040518, 38.92756599977799], [-77.61703799962122, 38.927660000177205], [-77.61705100004002, 38.9277349998414], [-77.6170569998878, 38.927821999799754], [-77.61706799975846, 38.927905000230865], [-77.61710799994144, 38.928006999709964], [-77.61712100036023, 38.92806099982699], [-77.61712499965986, 38.92812700022478], [-77.61712999968273, 38.92820500017101], [-77.61711999963698, 38.92826500028632], [-77.61712100036023, 38.92832200027895], [-77.61713300005579, 38.92837000001659], [-77.61713800007865, 38.92841799972174], [-77.61713899990357, 38.92843700014925], [-77.61727399962278, 38.92849900011135], [-77.61728000036888, 38.928513999733326], [-77.61728600021665, 38.92854100030285], [-77.6172950004375, 38.92858399979095], [-77.61729999956204, 38.928612999674804], [-77.61730399976, 38.928630000010855], [-77.61722500011729, 38.92874300004456], [-77.6171280000329, 38.928786000109], [-77.61709700007077, 38.92879900033468], [-77.6170769999793, 38.92881499991027], [-77.61700300035945, 38.92889399981477], [-77.61697400004714, 38.92892500030169], [-77.61696900002426, 38.929064000221985], [-77.6169780002451, 38.92908499980413], [-77.61700099981131, 38.92911600020758], [-77.61709200004789, 38.92923500023286], [-77.61720000000294, 38.92935800009617], [-77.61723400033813, 38.92940699984026], [-77.61728000036888, 38.929478999730826], [-77.6173740000802, 38.92961999997455], [-77.61742500013384, 38.92970699971744], [-77.6174090002403, 38.92976799996355], [-77.61738300030105, 38.92986100023774], [-77.61740099984439, 38.92989700031118], [-77.61745400044616, 38.930007999723735], [-77.61746500031681, 38.930029999725164], [-77.61748899970793, 38.930055999718086], [-77.6175220002182, 38.930090999693455], [-77.61757900011962, 38.930154000304476], [-77.61757999994454, 38.930288999927946], [-77.61758900016535, 38.93037700024297], [-77.61759400018823, 38.9304220000045], [-77.6175980003862, 38.93043699991866], [-77.6176279996251, 38.930564999756065], [-77.61773899995319, 38.93067700021047], [-77.61775999986959, 38.93069200007072], [-77.61789899978677, 38.930772999960055], [-77.61791399985538, 38.9307789998964], [-77.61807700006199, 38.9308469998385], [-77.61828299992632, 38.93088900003731], [-77.61829899981984, 38.930901999877555], [-77.61838000001069, 38.93096699974163], [-77.61840699977489, 38.93098800015807], [-77.61841799964552, 38.93101599977184], [-77.61845299980564, 38.931109999792056], [-77.61846700004934, 38.93114699991452], [-77.61847999956981, 38.93115599977142], [-77.61865399964708, 38.9312930002472], [-77.61877800039396, 38.93133700014498], [-77.61879900031036, 38.931349999903055], [-77.61886799990732, 38.93139399976542], [-77.61888999964863, 38.93140800019241], [-77.61909499968806, 38.93142299989806], [-77.61934099973533, 38.9314400002594], [-77.61943000032211, 38.93145399997851], [-77.61957300043724, 38.93147600023025], [-77.61979299964696, 38.931487999983496], [-77.61984399970059, 38.93145399997851], [-77.61986100031734, 38.93144300019945], [-77.61991999986856, 38.93140300028979], [-77.6199490001809, 38.93137500012998], [-77.62004200006729, 38.93128599967332], [-77.62019299968004, 38.93125400023561], [-77.620232999863, 38.93124599967517], [-77.62026999967294, 38.93123999977827], [-77.62042399965871, 38.931217000168964], [-77.62044899977307, 38.93120199972094], [-77.62047700026048, 38.93118400001768], [-77.62057199979672, 38.93112500025954], [-77.62069399999547, 38.93102600033005], [-77.62083399973754, 38.93094300005676], [-77.62086700024783, 38.930923000313186], [-77.62093199964683, 38.93088400009815], [-77.621006000165, 38.930864000337905], [-77.6210270000814, 38.930864000337905], [-77.62107999978485, 38.93086199966279], [-77.62110800027224, 38.930868000290424], [-77.62113099983847, 38.93087200024267], [-77.62115000010503, 38.93087600019474], [-77.6212029998085, 38.930898999914625], [-77.62127200030378, 38.93093000022409], [-77.62132400018231, 38.930958999847576], [-77.62134199972566, 38.93096899971501], [-77.62135299959631, 38.93097299966161], [-77.62142700011448, 38.93099600004886], [-77.62146200027458, 38.93100399993874], [-77.62151800035107, 38.931017999743844], [-77.62160799986445, 38.9310310002592], [-77.62162399975796, 38.931032000245], [-77.62169499990307, 38.931037000173724], [-77.62171699964439, 38.93103500020231], [-77.62177199989597, 38.93103000027338], [-77.62186200030766, 38.93102199968763], [-77.62195900039204, 38.93100999985554], [-77.62205499975319, 38.931001999966334], [-77.6221459999898, 38.93101099984163], [-77.62220299989119, 38.93101599977184], [-77.62222899983047, 38.931017999743844], [-77.62232400026502, 38.93101199982771], [-77.62240000043299, 38.93100699989717], [-77.62247300022794, 38.93100099998012], [-77.62255100004573, 38.931001999966334], [-77.6226179999929, 38.93099800002137], [-77.622653000153, 38.93099600004886], [-77.62268400011513, 38.930995000062545], [-77.62270599985645, 38.930995000062545], [-77.62276500030599, 38.93099800002137], [-77.62284200029887, 38.93099800002137], [-77.62290199967501, 38.93100399993874], [-77.62299299991162, 38.93102199968763], [-77.62303899994237, 38.93106199981216], [-77.6230830003233, 38.93109600000511], [-77.62313799967657, 38.931102999898926], [-77.62315100009538, 38.93110499986849], [-77.62322800008826, 38.93109000009558], [-77.62333000019551, 38.931101999914134], [-77.62339999961739, 38.93112000033702], [-77.62346499991473, 38.93114299997778], [-77.62355000030352, 38.931168000277616], [-77.62363399996912, 38.93118599998494], [-77.62372299965759, 38.93118699996855], [-77.62381300006926, 38.931183000034075], [-77.6239079996055, 38.9311740001806], [-77.62398799997146, 38.93115699975545], [-77.624083000406, 38.93115499978737], [-77.6241179996678, 38.93116700029378], [-77.62414299978215, 38.93117500016438], [-77.62418499961495, 38.93119899977075], [-77.62424099969144, 38.93123099993203], [-77.62426199960784, 38.93123999977827], [-77.62427300037682, 38.93124499969238], [-77.62429099992015, 38.931253000252994], [-77.62430900036183, 38.931260000131324], [-77.62433699995091, 38.93126999995627], [-77.62440899992093, 38.93129600019347], [-77.6244700000203, 38.93132499966732], [-77.62450900037835, 38.93134400001502], [-77.6245260000968, 38.931346999959125], [-77.62457999962515, 38.931353999828175], [-77.6246390000747, 38.93133000027425], [-77.62469900034915, 38.931366000300876], [-77.62472799976317, 38.93141700001615], [-77.62475700007548, 38.93147300029158], [-77.62476200009834, 38.9314850000454], [-77.62478899986253, 38.93155200003097], [-77.62480300010623, 38.93157100031779], [-77.62482499984755, 38.93160500026674], [-77.6248509997868, 38.931656999787144], [-77.62488199974894, 38.93170600003949], [-77.62492000028209, 38.93173899994787], [-77.62493799982543, 38.93175500025792], [-77.62504400013064, 38.93182499991233], [-77.62509000016139, 38.9318539998687], [-77.62517700020005, 38.931910999772526], [-77.62536600034593, 38.93203399988698], [-77.62543800031595, 38.93207899999487], [-77.62551100011089, 38.932159999697824], [-77.62546199970708, 38.93221700005448], [-77.62548799964637, 38.932259000140895], [-77.62560399999731, 38.93224599985056], [-77.62566900029462, 38.932234000225556], [-77.62568299964002, 38.932231000318964], [-77.62575600033327, 38.9323450001736], [-77.62581599970942, 38.932458999845004], [-77.62584400019682, 38.93253100013149], [-77.62588100000673, 38.93261200001703], [-77.62593999955797, 38.932732999691034], [-77.62593799990815, 38.932743999968764], [-77.62591799981666, 38.93286400015641], [-77.62597800009112, 38.932919000028996], [-77.6260330003427, 38.93296800010821], [-77.62610299976458, 38.933052000065416], [-77.626195999651, 38.93315399982982], [-77.62631299982687, 38.933229999928884], [-77.62645000009422, 38.93321899972653], [-77.62653600030795, 38.93327400002255], [-77.6265689999199, 38.93329499975588], [-77.62669399959339, 38.933334000042784], [-77.62683500005869, 38.93329499975588], [-77.62697300015095, 38.933291999894166], [-77.62714300003027, 38.93330599994645], [-77.62715999974871, 38.93330899980757], [-77.62729600019114, 38.93333300008944], [-77.62743900030628, 38.93329499975588], [-77.62746600007046, 38.93329099994028], [-77.62754499971317, 38.9332819996555], [-77.62761599985828, 38.93334999999298], [-77.6276309999269, 38.933364999986715], [-77.62764099997263, 38.93337500021373], [-77.62770500044505, 38.93340400023512], [-77.62780900020212, 38.933450000124225], [-77.62789700006567, 38.93347199975688], [-77.62799099977701, 38.93349500003248], [-77.62807799981564, 38.93350999999555], [-77.62812700021945, 38.933518000300666], [-77.62817900009797, 38.93352699985671], [-77.6281949999915, 38.93352999970844], [-77.62835300017525, 38.933562000215666], [-77.62850299996309, 38.933606000103374], [-77.6285330001003, 38.93361399969888], [-77.6285530001918, 38.933620000093676], [-77.62873499976668, 38.9336269997384], [-77.6287580002312, 38.93362100004297], [-77.62890399982108, 38.93358499976334], [-77.62895300022488, 38.93357299966603], [-77.62912899995197, 38.933518000300666], [-77.62931800009785, 38.933477000212385], [-77.62939500009075, 38.93347199975688], [-77.62942699987781, 38.933469999854076], [-77.62945600019012, 38.93346799995122], [-77.62947499955838, 38.93351699965113], [-77.62948200012939, 38.93353500015991], [-77.6294980000229, 38.933577000164576], [-77.6295320003581, 38.933713000208684], [-77.62954900007654, 38.93373599970739], [-77.62964199996297, 38.93386699971767], [-77.62974999991799, 38.934003999848365], [-77.62978400025318, 38.934036000141674], [-77.62982699991089, 38.93407899979248], [-77.6298560002232, 38.934108000224796], [-77.6298779999645, 38.9341299996533], [-77.63001299968373, 38.93421199974994], [-77.63003100012537, 38.93422299979833], [-77.6300539996916, 38.93423900024674], [-77.63019500015692, 38.93433500006657], [-77.63031800018057, 38.93441899980228], [-77.63034099974679, 38.93443500020648], [-77.63037300043214, 38.93444400034494], [-77.63046700014348, 38.93447299992922], [-77.63051499982407, 38.93448699974837], [-77.63068499970338, 38.934524000205485], [-77.63072300023653, 38.93454099982353], [-77.63082699999359, 38.93458599973833], [-77.6309399999715, 38.934660999765754], [-77.63099100002513, 38.93468600022311], [-77.63108899993442, 38.93473499978028], [-77.63124399974511, 38.93479699982745], [-77.63141500034764, 38.93488099971473], [-77.63145499963231, 38.93491700003528], [-77.63152099975454, 38.93497899992333], [-77.63158600005187, 38.93504300031441], [-77.63159899957235, 38.935056000092004], [-77.63163299990755, 38.93510600002067], [-77.63168399996115, 38.93518000026964], [-77.63176900034998, 38.935269000032434], [-77.63181700003057, 38.93531899981094], [-77.63186899990909, 38.93537200002677], [-77.63194599990199, 38.93545100031451], [-77.63204200016146, 38.93556200011904], [-77.63206999975054, 38.93559399970935], [-77.63207899997137, 38.935605000242106], [-77.63212599982704, 38.935662999846855], [-77.6321650001851, 38.935710000286896], [-77.6321939995991, 38.935750999783025], [-77.63225100039881, 38.93582599997593], [-77.63226999976708, 38.935839000308704], [-77.63232400019375, 38.93587099977408], [-77.63237400042249, 38.93590200000661], [-77.63240000036173, 38.935966000263484], [-77.6324329999737, 38.93604499988957], [-77.63260399967793, 38.93608300014712], [-77.63260399967793, 38.93614700024065], [-77.632602999853, 38.93617200017415], [-77.632602999853, 38.936199999837676], [-77.632602999853, 38.93621900027686], [-77.6326020000281, 38.93626499973763], [-77.6326580001046, 38.93628099972539], [-77.63270900015823, 38.9362949998864], [-77.63271900020396, 38.93630999995603], [-77.63277899958011, 38.93639400014745], [-77.63279399964873, 38.936414999655696], [-77.63280600024261, 38.936433000127636], [-77.63282200013613, 38.93645199980561], [-77.6328699998167, 38.936510000115106], [-77.63288700043346, 38.93652899977247], [-77.63297799977175, 38.936631000126155], [-77.63310400016844, 38.93676300028392], [-77.63316299971967, 38.93682699976375], [-77.63319000038217, 38.93685699967478], [-77.6332000004279, 38.936867000108094], [-77.63322499964396, 38.93689400029284], [-77.63323600041292, 38.936904999925176], [-77.63329999998702, 38.93696800007353], [-77.6333130004058, 38.93698000029513], [-77.63333299959898, 38.93699500021981], [-77.63344300010215, 38.93707599989823], [-77.63348900013291, 38.937115000202105], [-77.63357399962341, 38.937186999954186], [-77.6336230000272, 38.9372279999939], [-77.63369599982214, 38.937289000060176], [-77.63384499978505, 38.937319999672894], [-77.63385300018098, 38.937330999937906], [-77.633925000151, 38.937429000254504], [-77.6339329996486, 38.937439999803914], [-77.63398399970222, 38.93745399973611], [-77.63406999991595, 38.937478000012696], [-77.63416899965016, 38.93749399972672], [-77.63420399981025, 38.93755099998885], [-77.63423899997035, 38.93760800020516], [-77.63432099998613, 38.93767499999633], [-77.63434299972742, 38.937693000148435], [-77.63436500036705, 38.93770199987338], [-77.63442899994116, 38.937726000066085], [-77.63444099963671, 38.93773599967811], [-77.63446300027634, 38.93775600029547], [-77.63452500020061, 38.937814000237175], [-77.63458299992695, 38.93786699998577], [-77.63464200037649, 38.937954000093704], [-77.6346640001178, 38.93797700031325], [-77.6346719996154, 38.937985000114395], [-77.63469199970689, 38.93800599985025], [-77.63470199975262, 38.93802499980554], [-77.63471699982125, 38.93805300013492], [-77.63474399958542, 38.938104999818826], [-77.63478299994347, 38.93819499998795], [-77.63479200016431, 38.93821900001374], [-77.63480300003498, 38.938247000266465], [-77.63481700027867, 38.93828799969331], [-77.63482099957831, 38.93829899980816], [-77.63483099962406, 38.93833499979101], [-77.63483499982203, 38.93835199989306], [-77.63484400004285, 38.93839700018447], [-77.6348549999135, 38.93843800022332], [-77.63489199972342, 38.9384860001023], [-77.63492699988353, 38.93852700008964], [-77.63492900043167, 38.938544000145605], [-77.63493399955621, 38.93860599965759], [-77.63491500018797, 38.93868100032466], [-77.63491900038593, 38.93872200019925], [-77.63492000021083, 38.93874000008564], [-77.63492199986065, 38.93875600021366], [-77.63493199990639, 38.93879999967375], [-77.63494699997501, 38.93885800015895], [-77.63495299982279, 38.9388719998112], [-77.6349810003102, 38.93893000023751], [-77.63500600042455, 38.93897199984203], [-77.63503400001365, 38.93901800031192], [-77.63507800039459, 38.93904700012193], [-77.63509699976284, 38.93905899999166], [-77.63518200015164, 38.939082999725024], [-77.63522599963427, 38.9390950002874], [-77.63534299981013, 38.93912800025132], [-77.6356709998732, 38.93922100013045], [-77.63571500025412, 38.93927699983357], [-77.63574600021626, 38.939336999666025], [-77.63578100037637, 38.93940499978744], [-77.63580800014054, 38.939445999942144], [-77.6358540001713, 38.93952200028551], [-77.63588099993548, 38.939584000339835], [-77.63591400044575, 38.939648999932835], [-77.63595999957819, 38.93969400009993], [-77.6359949997383, 38.93974900026529], [-77.6360299998984, 38.93979299980794], [-77.63607400027932, 38.93984399975184], [-77.63609199982267, 38.939904999663874], [-77.63610400041655, 38.93996100022425], [-77.63615499957186, 38.94001000032893], [-77.63626000005216, 38.94010799973794], [-77.63631600012866, 38.940151999756544], [-77.63636200015942, 38.94019700030308], [-77.6363889999236, 38.940247000100484], [-77.63639999979425, 38.940262000032874], [-77.63645800041888, 38.94034499988071], [-77.63650299972642, 38.940392000012416], [-77.6365599996278, 38.94043800025981], [-77.63659800016096, 38.940473000002754], [-77.63664800038968, 38.94054200028384], [-77.63667400032894, 38.940600000042856], [-77.63665699971219, 38.94065299980527], [-77.6366640002832, 38.9407240003082], [-77.6366850001996, 38.94078600001018], [-77.63667699980368, 38.94084199987469], [-77.63665099986441, 38.9408879998302], [-77.6366349999709, 38.940945000158905], [-77.63662099972719, 38.94100400013213], [-77.63667099995591, 38.94106300005632], [-77.63674399975083, 38.94109700034559], [-77.63679999982733, 38.94113000007645], [-77.636846999683, 38.94115799987844], [-77.63689500026189, 38.94118800005321], [-77.63693600026976, 38.94121900005749], [-77.63696899988173, 38.94125900002041], [-77.63699999984387, 38.94131500021007], [-77.6370149999125, 38.94136099985866], [-77.63704300039988, 38.94145400030257], [-77.63706199976815, 38.941521999791114], [-77.63709000025557, 38.94156800000412], [-77.6371489998068, 38.941615000023795], [-77.63722400014986, 38.94164800021233], [-77.63729799976971, 38.94167199976811], [-77.63738099961037, 38.94168899976877], [-77.63744599990771, 38.94169600001442], [-77.6375019999842, 38.941700000054674], [-77.63756800010644, 38.94170300025943], [-77.6376779997113, 38.94170099989003], [-77.6377410003588, 38.94170800013455], [-77.63779999991003, 38.94172100008774], [-77.63788799977358, 38.94173899991147], [-77.63795399989583, 38.94175199985892], [-77.63802599986586, 38.94176499980404], [-77.63808600014029, 38.94177100020788], [-77.63816099958505, 38.9417819997824], [-77.63823299955509, 38.941793999887985], [-77.63834100040843, 38.94180400032375], [-77.63840199960947, 38.94180400032375], [-77.63845600003616, 38.941793999887985], [-77.63847500030273, 38.94178999985303], [-77.6385289998311, 38.94178000011395], [-77.63857300021202, 38.94181300022563], [-77.63860499999907, 38.94185200002028], [-77.63861500004482, 38.94186400011396], [-77.63865199985473, 38.94189800001913], [-77.63870299990836, 38.941923999853444], [-77.63878400009921, 38.9419399999617], [-77.63879900016782, 38.941942000324296], [-77.63886699993989, 38.94194099979367], [-77.63892300001638, 38.94193100007594], [-77.63897599971983, 38.9419149999656], [-77.6390579997356, 38.9418970001866], [-77.63912600040598, 38.94189599965529], [-77.63921000007156, 38.9418989998517], [-77.63927899966852, 38.94189099979342], [-77.63932100039966, 38.94188299973418], [-77.63936900008022, 38.94187300000827], [-77.63946399961645, 38.94186199974916], [-77.6395719995715, 38.941874999674106], [-77.63961799960227, 38.94189800001913], [-77.6396429997166, 38.94191099993748], [-77.63974499982385, 38.941923999853444], [-77.6398030004485, 38.94196199975531], [-77.63984799975601, 38.94200799968284], [-77.63992099955095, 38.94204799989936], [-77.63997499997762, 38.94209200011144], [-77.6400009999169, 38.942104999994214], [-77.64002699985618, 38.94211799987456], [-77.64008100028283, 38.94210400016455], [-77.64009600035145, 38.94210000014704], [-77.64014599968185, 38.94207799969754], [-77.64023799974336, 38.942066000338734], [-77.64029100034513, 38.94205000025891], [-77.64032399995708, 38.94201099987452], [-77.64035099972128, 38.94195299987235], [-77.64036699961478, 38.941927999880825], [-77.64037800038376, 38.94191099993748], [-77.64045200000359, 38.9418380002577], [-77.64048799998861, 38.94180299979113], [-77.64063199992866, 38.941915999797935], [-77.64067499958637, 38.94195900026022], [-77.64069800005089, 38.941988000264814], [-77.64077400021888, 38.942072999848506], [-77.64081199985371, 38.94211300002835], [-77.64087499960291, 38.942116000215634], [-77.6409299998545, 38.942129000093956], [-77.6409869997559, 38.94216799971474], [-77.64104399965731, 38.942212999680486], [-77.6410849996652, 38.942246000289344], [-77.64116400020622, 38.942271000168724], [-77.64118699977244, 38.94228800002577], [-77.64123399962811, 38.94232000007439], [-77.6412830000319, 38.94234499992768], [-77.64130800014627, 38.94238400012829], [-77.64132300021487, 38.94244599977611], [-77.64132200038998, 38.942464000114484], [-77.64131900001692, 38.94250199972694], [-77.64131999984183, 38.942572999775734], [-77.64135699965176, 38.94262500033706], [-77.64143299981974, 38.94263099996942], [-77.64153900012494, 38.942654999891154], [-77.64161799976767, 38.942745999695184], [-77.6417049998063, 38.94275399965704], [-77.64178099997429, 38.942755000176184], [-77.64181899960911, 38.94275699981714], [-77.64184000042383, 38.942758000336305], [-77.64191800024163, 38.94275900015675], [-77.64203000039463, 38.94276099979754], [-77.64210200036464, 38.94276300013703], [-77.64218299965718, 38.94276399995741], [-77.64234599986382, 38.94276700011708], [-77.64243299990244, 38.94277299973742], [-77.64250800024553, 38.94277800023578], [-77.64262000039851, 38.94278200021505], [-77.64269999986612, 38.942784999675276], [-77.64278799972968, 38.94279400015132], [-77.64284299998127, 38.942784999675276], [-77.64288599963898, 38.942755000176184], [-77.64292599982194, 38.94273399975073], [-77.64297600005065, 38.94270800021351], [-77.6430709995869, 38.94267399999807], [-77.64314599992997, 38.94263199979165], [-77.64322100027304, 38.94259999988385], [-77.64328900004509, 38.94256700013842], [-77.6433440002967, 38.942543000186944], [-77.64344499968071, 38.94247200010817], [-77.64347099961998, 38.94245699994462], [-77.64351500000093, 38.94243100030581], [-77.64356000020676, 38.9424169999589], [-77.64358899962076, 38.942408000133646], [-77.64365999976586, 38.94239699995753], [-77.64373699975877, 38.942412999959046], [-77.64377600011682, 38.94244700029965], [-77.64380799990388, 38.94249100026412], [-77.64384600043702, 38.94253200003178], [-77.64392099988177, 38.942543000186944], [-77.64399200002688, 38.94252099987491], [-77.64407599969248, 38.94254599965728], [-77.6441190002485, 38.94257500012047], [-77.64418500037074, 38.94257900011114], [-77.64422300000557, 38.94253200003178], [-77.6442539999677, 38.94249100026412], [-77.64429099977764, 38.94246700028686], [-77.64432400028791, 38.942444999951306], [-77.64436100009783, 38.94240199978372], [-77.64441899982417, 38.94233600009328], [-77.6444649998549, 38.942285999672876], [-77.64451199971056, 38.94223299973376], [-77.64454699987067, 38.942189000307835], [-77.64457399963486, 38.942149999999955], [-77.64468800033598, 38.942106999653454], [-77.64476399960564, 38.942105999823816], [-77.64483300010093, 38.942116000215634], [-77.6448869996293, 38.94214599998504], [-77.64493199983514, 38.94217499991315], [-77.64501200020108, 38.94217000007095], [-77.64507800032332, 38.94214900017092], [-77.64509500004175, 38.942104999994214], [-77.64515299976809, 38.942089999753016], [-77.64521999971524, 38.94208599973477], [-77.64531299960164, 38.942066000338734], [-77.64536799985322, 38.942046000238406], [-77.64542300010481, 38.94201899991931], [-77.64546900013556, 38.941993999951066], [-77.64549800044789, 38.941968000142474], [-77.64551500016633, 38.94195299987235], [-77.64552199983902, 38.941903999713], [-77.6455269998619, 38.94184899982183], [-77.64555000032642, 38.94184099975791], [-77.64559200015923, 38.941826000159566], [-77.64564499986265, 38.94179700008871], [-77.64564400003775, 38.94174799982161], [-77.64566900015211, 38.94169699984984], [-77.6457119998098, 38.941645999841384], [-77.6457329997262, 38.94160399972471], [-77.64577700010715, 38.94157299988876], [-77.64583099963552, 38.941550999974446], [-77.64593000026801, 38.941520000115325], [-77.64598299997147, 38.94149999986097], [-77.6460549999415, 38.94148500019049], [-77.64615799987365, 38.94148600002889], [-77.64629900033897, 38.94149099991932], [-77.64636700011101, 38.941489000242704], [-77.64646900021829, 38.94149900002278], [-77.64654299983812, 38.94151000033822], [-77.64660800013544, 38.94150300007415], [-77.64668400030344, 38.94146300024887], [-77.64674000037992, 38.94144700003297], [-77.64684900015986, 38.94144499965641], [-77.64693200000055, 38.941455999980164], [-77.6470340001078, 38.94146400008758], [-77.6471119999256, 38.94146099987276], [-77.6471889999185, 38.94145400030257], [-77.64728900037592, 38.94144399981744], [-77.64738999975995, 38.94144499965641], [-77.64745099985933, 38.94145000024839], [-77.64753799989795, 38.94148699986728], [-77.64759200032462, 38.941521999791114], [-77.64764199965502, 38.941545000250706], [-77.64772899969367, 38.94157900030885], [-77.64778599959507, 38.941609000305476], [-77.64781099970944, 38.941627000157645], [-77.64784900024259, 38.94165499976337], [-77.64788100002964, 38.94170499993006], [-77.64791899966445, 38.94176399996959], [-77.64798899998466, 38.941819999760376], [-77.64804500006115, 38.941860000082954], [-77.64808799971887, 38.94188800029533], [-77.64814700016841, 38.94193500010294], [-77.64822499998621, 38.94199099975868], [-77.64829100010844, 38.9420330003448], [-77.64835999970542, 38.942067999999125], [-77.64845099994203, 38.94209699995913], [-77.64851000039157, 38.94211399985789], [-77.64856399991993, 38.94213099975257], [-77.64865299960839, 38.942166999885956], [-77.64872499957839, 38.9421980001609], [-77.64877900000509, 38.942223000057155], [-77.6488019995713, 38.94223699974372], [-77.64882599986075, 38.94225100012618], [-77.64888899960994, 38.94230300022502], [-77.64894499968642, 38.9423430002751], [-77.64903500009812, 38.942384999954015], [-77.64909399964935, 38.94239799978307], [-77.64918900008391, 38.94238999978109], [-77.64925600003106, 38.942380999952405], [-77.64928600016829, 38.94238800012978], [-77.64930200006181, 38.94239100030537], [-77.6493439998946, 38.94240099995824], [-77.64939999997111, 38.94243399978093], [-77.64943099993326, 38.94248099992525], [-77.64946000024555, 38.94254400001042], [-77.64951399977392, 38.94256700013842], [-77.6495820004443, 38.94259599989432], [-77.64962599992691, 38.942627999803975], [-77.64967000030785, 38.94266200004142], [-77.6497449997526, 38.94268000032497], [-77.64985100005782, 38.9426770001616], [-77.64990999960904, 38.94267300017642], [-77.65002099993713, 38.94269600026262], [-77.65009100025732, 38.94272000016236], [-77.65016900007512, 38.94270999985579], [-77.65026299978646, 38.942705000051326], [-77.65032800008377, 38.94270699969365], [-77.6504000000538, 38.94273399975073], [-77.65047899969653, 38.942741999713945], [-77.65054499981876, 38.942755000176184], [-77.65065500032193, 38.942745999695184], [-77.65074099963734, 38.94271799982166], [-77.65080599993466, 38.94269499974259], [-77.6508860003006, 38.94265400006924], [-77.65094999987471, 38.94261599983955], [-77.65101500017205, 38.94258600026897], [-77.65109200016494, 38.94258399992448], [-77.65114200039365, 38.94260399987311], [-77.65118099985341, 38.94263599977909], [-77.65122000021147, 38.94267099983445], [-77.65129100035657, 38.9427149996599], [-77.65137699967197, 38.94273799973248], [-77.65144199996931, 38.942758000336305], [-77.651560999795, 38.94277400025635], [-77.65163299976501, 38.942775000076566], [-77.65173700042041, 38.94277100009697], [-77.65179900034468, 38.94275999997718], [-77.65186999959147, 38.94274000007256], [-77.65194099973658, 38.94270999985579], [-77.65200600003392, 38.94267899980471], [-77.65207999965376, 38.942650000082814], [-77.65214400012619, 38.942626000159386], [-77.65221199989824, 38.942603000050475], [-77.65228800006622, 38.94258600026897], [-77.65236199968606, 38.94256600031532], [-77.65239199982331, 38.94255900015551], [-77.65243100018137, 38.94255000034833], [-77.65250999982406, 38.94252599969235], [-77.65258400034223, 38.94249100026412], [-77.65264399971836, 38.94245699994462], [-77.65272300025941, 38.94240599978419], [-77.65278400035879, 38.94236400011767], [-77.65284299991, 38.94232199972761], [-77.65287100039741, 38.94230199969944], [-77.6528970003367, 38.94228400001863], [-77.65297599997939, 38.94229399968664], [-77.65320199993519, 38.9421860001237], [-77.65326800005744, 38.942166999885956], [-77.65333599982951, 38.9421540000146], [-77.6534060001497, 38.94214800034188], [-77.6534759995716, 38.94214900017092], [-77.65354500006688, 38.94215800002901], [-77.65361299983896, 38.94217300025577], [-77.65494900038063, 38.94260499969572], [-77.6550049995588, 38.94262299999368], [-77.65508099972679, 38.942634999956915], [-77.65516899959034, 38.942655999713054], [-77.65524599958323, 38.942535000201275], [-77.65567099973067, 38.941881000068584], [-77.65571400028668, 38.941811999693186], [-77.65573400037819, 38.94176700017163], [-77.65574299970069, 38.94174899965629], [-77.65579100027959, 38.94168700009769], [-77.65583099956423, 38.94162499978616], [-77.65586900009738, 38.94157200005159], [-77.65592000015101, 38.94146099987276], [-77.65595299976297, 38.941386999889886], [-77.65598999957291, 38.94129899996077], [-77.65603599960366, 38.94119200012217], [-77.65606300026616, 38.94114200029238], [-77.65612900038839, 38.94103399967339], [-77.65614100008396, 38.94097999965158], [-77.65621100040416, 38.940794000193186], [-77.65624400001612, 38.940735000045166], [-77.65626599975742, 38.94065799975444], [-77.65629099987179, 38.940591999838006], [-77.6563279996817, 38.940501000064145], [-77.65638799995617, 38.94036399990797], [-77.65642499976607, 38.94028199993776], [-77.65650599995693, 38.94012000012684], [-77.65656100020851, 38.94002100017666], [-77.65660399986622, 38.93995600022595], [-77.65665999994272, 38.9398629999133], [-77.65669699975265, 38.93980699997431], [-77.65675799985202, 38.939673000165236], [-77.65678299996638, 38.93955800034618], [-77.6567920001872, 38.939471000110075], [-77.65680100040802, 38.939403999919705], [-77.65680399988278, 38.939343000275336], [-77.65682499979917, 38.939228999791304], [-77.65684099969269, 38.939157000016344], [-77.65683999986777, 38.93910800002093], [-77.65683200037017, 38.93902299967764], [-77.65682999982202, 38.9389980000505], [-77.65681999977629, 38.93888899978445], [-77.65682200032444, 38.93874899967769], [-77.65682999982202, 38.93862899966566], [-77.65683700039304, 38.93848299976142], [-77.65684999991353, 38.938321000032744], [-77.656870000005, 38.93822199966705], [-77.65688599989855, 38.93810200016062], [-77.65690500016511, 38.938022000143896], [-77.65691500021084, 38.9379199996948], [-77.6569190004088, 38.93785800028178], [-77.6569190004088, 38.93781199975806], [-77.65690699981494, 38.93776599990326], [-77.65689299957121, 38.93770799992235], [-77.65687800040092, 38.937655000054875], [-77.6568349998449, 38.93759699998312], [-77.65678100031656, 38.93752800032993], [-77.65674699998137, 38.93747100004931], [-77.65670400032366, 38.93738900022723], [-77.65667800038439, 38.937316000084245], [-77.65667099981337, 38.937269000009906], [-77.65664900007208, 38.93717000027165], [-77.65664800024716, 38.93710800020288], [-77.65666800033864, 38.93693499980319], [-77.65670199977552, 38.936859000180775], [-77.65673000026293, 38.936786000191006], [-77.65675899967692, 38.93673400023859], [-77.6567920001872, 38.936699000047554], [-77.65682899999713, 38.93665900030721], [-77.65690900036307, 38.93657399982329], [-77.65695899969347, 38.936532000196024], [-77.6570239999908, 38.93645500023238], [-77.65706900019663, 38.93640100021714], [-77.65712699992295, 38.936326999844724], [-77.65722700038039, 38.936216999752794], [-77.65728799958144, 38.9361419999734], [-77.65735200005385, 38.936054999738644], [-77.65740999978017, 38.935987999814394], [-77.65746900022972, 38.93591399970978], [-77.65750699986457, 38.93585700022813], [-77.65753299980382, 38.93581500017618], [-77.65755799991817, 38.93577200018044], [-77.65760099957589, 38.9356709999091], [-77.65761399999468, 38.93562200029986], [-77.65762700041346, 38.93556699972842], [-77.65763300026126, 38.935515000279686], [-77.6576309997131, 38.935447999845266], [-77.65761099962162, 38.935403999702814], [-77.65758700023049, 38.935352000134564], [-77.65756700013901, 38.935299999829404], [-77.65755100024549, 38.93524600033216], [-77.65754000037484, 38.935192000095036], [-77.65753299980382, 38.93513699988888], [-77.65753199997891, 38.93508300026748], [-77.65753399962874, 38.935027999976846], [-77.65754200002466, 38.93497600013284], [-77.6576220003906, 38.93472399981136], [-77.65766199967526, 38.93468999996008], [-77.65768000011691, 38.93466400026829], [-77.65771799975175, 38.93461799976904], [-77.65775899975962, 38.9345729998746], [-77.65780499979039, 38.93453199969744], [-77.65785300036929, 38.93449200013232], [-77.65790500024782, 38.93445499965856], [-77.65795999960109, 38.93441999974031], [-77.65801800022572, 38.93438900025746], [-77.65807799960186, 38.93436099987892], [-77.65814000042445, 38.93433600000578], [-77.65820399999855, 38.934313000002874], [-77.6582709999457, 38.934294999691616], [-77.65833799989286, 38.934279999894564], [-77.6584109996878, 38.93426799991485], [-77.65864199966647, 38.934212999690885], [-77.65888199986598, 38.93416800023825], [-77.6590800002327, 38.934122000116005], [-77.65918499981468, 38.93409299968941], [-77.65931899970899, 38.934051999933544], [-77.659430999862, 38.9340000000727], [-77.65959599971843, 38.93391599984072], [-77.65970200002363, 38.933835000046905], [-77.65977399999365, 38.93376199973933], [-77.65978300021449, 38.93375300021311], [-77.6598619998572, 38.933674000130196], [-77.6599320001774, 38.93359400000963], [-77.66002000004096, 38.933461000290805], [-77.66008100014032, 38.93335900026912], [-77.66012399979802, 38.93327899979324], [-77.66015800013321, 38.93324100012953], [-77.66018999992028, 38.93314400027049], [-77.66024000014897, 38.93303300017532], [-77.66032499963947, 38.93285099997703], [-77.66033499968523, 38.93283000011224], [-77.66045600005904, 38.93259300000908], [-77.66054300009769, 38.93244099976193], [-77.66058599975538, 38.93238600021753], [-77.66062400028854, 38.932324000158985], [-77.66065799972542, 38.93226200004625], [-77.66068799986263, 38.93216700018544], [-77.66069700008347, 38.9321119997297], [-77.66069700008347, 38.93204700021612], [-77.6607349997183, 38.93192999996318], [-77.66078900014497, 38.9318319997342], [-77.66081599990915, 38.931788000143555], [-77.66086399958974, 38.93171499982545], [-77.66096700042021, 38.931560999836464], [-77.66103699984208, 38.93146799969479], [-77.66112399988073, 38.9313589997342], [-77.66118400015519, 38.93130100010359], [-77.66123600003372, 38.93124499969238], [-77.66128500043753, 38.931177000131854], [-77.6613749999509, 38.93105699988519], [-77.66146299981445, 38.93095499990023], [-77.6614879999288, 38.9309280002496], [-77.6615649999217, 38.93081600019152], [-77.66160900030263, 38.93075200017882], [-77.66165799980811, 38.93067200025637], [-77.6617199997324, 38.93059700020343], [-77.66179000005259, 38.93050500018864], [-77.66188700013697, 38.93037700024297], [-77.66200900033571, 38.93023500010937], [-77.66206700006202, 38.93016900027531], [-77.6621769996669, 38.9300389997238], [-77.66223799976625, 38.92997199970664], [-77.66232099960693, 38.92988800029454], [-77.66240500017084, 38.929802000077956], [-77.66244899965344, 38.92976099993798], [-77.66249700023234, 38.92968300030507], [-77.66254200043818, 38.9295899997975], [-77.66258500009589, 38.92949399984441], [-77.66261799970786, 38.9294039998141], [-77.66265500041608, 38.929249999699266], [-77.66266700011165, 38.929193999765154], [-77.66267399978435, 38.92916100007032], [-77.66268100035536, 38.92913199971173], [-77.66270200027176, 38.92904599997617], [-77.66275900017314, 38.92890700002059], [-77.6627840002875, 38.92882700011376], [-77.66279199978513, 38.92880499973916], [-77.66281699989948, 38.92872399969897], [-77.66285100023468, 38.92862899999119], [-77.66288999969441, 38.928539000261004], [-77.66291399998386, 38.92849199996055], [-77.66291999983164, 38.928480999722154], [-77.66297699973305, 38.928346000151855], [-77.66300100002249, 38.92828200000693], [-77.66303100015973, 38.928206000196646], [-77.66304600022833, 38.92812100006411], [-77.66308600041131, 38.92798699983735], [-77.66313999993967, 38.9279010001113], [-77.66321799975748, 38.92779200025991], [-77.66324600024488, 38.92775699984896], [-77.66329999977323, 38.92768999977287], [-77.66336599989548, 38.9276230003323], [-77.66342799981975, 38.92756399970866], [-77.66344200006345, 38.92754999992063], [-77.66351999988126, 38.92746899984502], [-77.6635640002622, 38.92740999979214], [-77.66361500031581, 38.92732300002734], [-77.66367399986704, 38.92722899988037], [-77.66370800020223, 38.92711600023023], [-77.66372999994356, 38.927041999953694], [-77.66373199959337, 38.927021999809014], [-77.66373499996641, 38.9269850003302], [-77.66373699961625, 38.92691199996083], [-77.66372999994356, 38.92683600008043], [-77.66371800024798, 38.926760000118605], [-77.6637120004002, 38.9266819999812], [-77.66369099958548, 38.92657599980031], [-77.66365799997352, 38.92651300020455], [-77.66364000043016, 38.926498000159405], [-77.66358699982841, 38.92645400005537], [-77.66355000001847, 38.926404999669124], [-77.66341600012419, 38.926293000156754], [-77.66340799972826, 38.92628599978826], [-77.66330399997119, 38.92619599988088], [-77.66325299991757, 38.926138000221705], [-77.66320699988682, 38.926091999783544], [-77.66315699965811, 38.9260640003226], [-77.66309200025908, 38.92604900018256], [-77.66307700019048, 38.926044999958286], [-77.66301699991601, 38.92604800012651], [-77.66290599958793, 38.92603400003935], [-77.66284299983874, 38.92601100013969], [-77.66279900035612, 38.92597400013357], [-77.66275300032537, 38.92592999970453], [-77.66268300000517, 38.925865000116666], [-77.66264799984508, 38.925821999679265], [-77.6626150002331, 38.92576399971432], [-77.6625780004232, 38.925696999852434], [-77.66254300026308, 38.92563899978529], [-77.66253400004227, 38.92561799988182], [-77.6625220003467, 38.925591999659964], [-77.66252800019447, 38.92552699976241], [-77.66255699960848, 38.92547900019768], [-77.6626069998372, 38.92542799970729], [-77.6626649995635, 38.92537499974811], [-77.66269800007379, 38.925334999910895], [-77.66274599975438, 38.92528199988217], [-77.66277400024177, 38.925238999790274], [-77.66288800004459, 38.92505499972008], [-77.66296900023544, 38.924918999847684], [-77.6630439996802, 38.92478700000995], [-77.66310700032771, 38.92466600005943], [-77.66316000003114, 38.924588999792824], [-77.66321000025987, 38.92451499967576], [-77.66324100022202, 38.92446800020349], [-77.66329200027562, 38.92438100032503], [-77.66333400010842, 38.92431800017772], [-77.66337599994121, 38.92423300027857], [-77.66341500029928, 38.92416300012075], [-77.66345299993412, 38.924068999979845], [-77.6634799996983, 38.92400099982999], [-77.6636410002551, 38.92347700023035], [-77.66364499955473, 38.92345799987207], [-77.66364000043016, 38.92336899996519], [-77.66362399963833, 38.92330999999678], [-77.66360500027008, 38.92325099997936], [-77.66357699978266, 38.92318999972022], [-77.66358000015572, 38.92310299967232], [-77.66360299972195, 38.923026999904614], [-77.66361199994277, 38.92296700025127], [-77.66363200003426, 38.92286700001732], [-77.66365899979843, 38.92278000027224], [-77.66368999976058, 38.922665999721765], [-77.66372300027086, 38.92256099993551], [-77.66375099985996, 38.92245200026595], [-77.66379299969273, 38.92231699970568], [-77.66381799980711, 38.92224699975409], [-77.6638460002945, 38.922183999808524], [-77.66388300010442, 38.92209699992479], [-77.66391300024165, 38.922039999822644], [-77.66392499993722, 38.922017000025946], [-77.66396099992222, 38.92194699977838], [-77.6639810000137, 38.921909000333905], [-77.6639950002574, 38.92187999980622], [-77.66406600040251, 38.921728999783014], [-77.66408899996874, 38.92164800005008], [-77.66409499981653, 38.9216240000079], [-77.66410800023532, 38.92155199983269], [-77.66410599968718, 38.92149700023199], [-77.66406800005234, 38.92144099976883], [-77.6640289996943, 38.92142299968548], [-77.66399899955705, 38.921407999961936], [-77.66395000005157, 38.92138999987016], [-77.66390900004369, 38.92137400001778], [-77.6638820002795, 38.921359000283886], [-77.66380600011152, 38.92131599991095], [-77.66374599983708, 38.92127599988194], [-77.66369700033158, 38.921228000236724], [-77.66368700028585, 38.92120199980379], [-77.66367600041518, 38.921172999686036], [-77.6636570001486, 38.921112999862565], [-77.66365299995064, 38.92103599993332], [-77.66365299995064, 38.92094900003977], [-77.66366100034656, 38.9208750003195], [-77.66367999971483, 38.920815999674986], [-77.66369099958548, 38.920757999810895], [-77.66370300017935, 38.92069200024537], [-77.66372800029373, 38.92062900031687], [-77.66374400018725, 38.92058799976755], [-77.66377500014939, 38.920503000292065], [-77.6637910000429, 38.92045899996441], [-77.66382700002792, 38.92038400029614], [-77.66383500042386, 38.920364999808484], [-77.66386999968563, 38.92028799976639], [-77.66391999991434, 38.92019799993804], [-77.6639590002724, 38.92011400013501], [-77.66397000014305, 38.920090000272886], [-77.66400299975501, 38.92002500022693], [-77.66405899983151, 38.919958999979556], [-77.66411699955783, 38.91990600012828], [-77.66415099989302, 38.919867000146496], [-77.66416000011387, 38.91985700011189], [-77.66422000038831, 38.91973899987647], [-77.66424200012963, 38.91966599973922], [-77.66425399982519, 38.91961200022126], [-77.6642759995665, 38.91954199969772], [-77.66432900016827, 38.919450000022934], [-77.66437000017615, 38.919408000040576], [-77.66442100022977, 38.91936600003335], [-77.66445499966663, 38.91934000031597], [-77.66448399997896, 38.919318999945894], [-77.66451300029128, 38.91930600007978], [-77.66455599994899, 38.91928000034042], [-77.66459600013195, 38.919243999771545], [-77.66467599959958, 38.91919100008515], [-77.6646970004143, 38.91916999967098], [-77.66471599978254, 38.919151999710394], [-77.66476099998839, 38.91910699978895], [-77.66482100026286, 38.919027000013514], [-77.66483200013349, 38.919012999938694], [-77.66493300041584, 38.918942000065904], [-77.66498199992134, 38.918885000224904], [-77.66502600030226, 38.91883899997653], [-77.66506200028728, 38.918800000107254], [-77.66507099960978, 38.91877599980064], [-77.6650859996784, 38.9187359997376], [-77.6651130003409, 38.91867400032925], [-77.6651340002573, 38.918625000160986], [-77.66516199984639, 38.91857599995895], [-77.66518100011295, 38.9185340001582], [-77.66520700005223, 38.91848799968225], [-77.66523800001437, 38.91842499989365], [-77.66527300017447, 38.918329000208146], [-77.66528099967206, 38.918279999801655], [-77.665289000068, 38.91821699982845], [-77.66528700041816, 38.91815600013389], [-77.665289000068, 38.91811199974875], [-77.6652899998929, 38.91806599969817], [-77.66529400009085, 38.91799000012667], [-77.6653030003117, 38.917941999656456], [-77.66530999998439, 38.91790500033477], [-77.66530599978643, 38.91784799966078], [-77.6653040001366, 38.917787999821506], [-77.66528700041816, 38.91770799995688], [-77.66527700037243, 38.917670999814284], [-77.66526599960345, 38.917633000176636], [-77.66527599964921, 38.91757099980452], [-77.66529499991577, 38.917514999737534], [-77.66529800028881, 38.91744200010805], [-77.66529900011373, 38.917389999952746], [-77.66529999993864, 38.91736099967486], [-77.66528700041816, 38.917294999745444], [-77.66527800019735, 38.91722700009277], [-77.66527300017447, 38.91717899980536], [-77.66525899993076, 38.91710000013532], [-77.66523499964131, 38.91702099967837], [-77.6652189997478, 38.916945999871004], [-77.66522100029593, 38.91689699990743], [-77.66521799992287, 38.91681299969146], [-77.66522100029593, 38.916735999988624], [-77.66548599971149, 38.91645399972821], [-77.66562499962866, 38.91631599975747], [-77.66565399994099, 38.91624099990393], [-77.66567499985739, 38.91618500018531], [-77.6657329995837, 38.91603500012211], [-77.6657970000561, 38.91586700034587], [-77.66625399999062, 38.91573499974347], [-77.66628400012782, 38.91572099971814], [-77.66639200008285, 38.91552899989073], [-77.66648400014437, 38.91536499974329], [-77.66649599983992, 38.915344999801675], [-77.66656699998504, 38.91521799997097], [-77.6667679998265, 38.91491100023954], [-77.66680700018456, 38.91484200018543], [-77.6668459996443, 38.91481200004977], [-77.66694500027681, 38.91473800022019], [-77.66705499988169, 38.914661999880394], [-77.66715899963874, 38.91457199990619], [-77.66719399979885, 38.91454500031103], [-77.66726599976887, 38.91448799973411], [-77.66738999961743, 38.91438800013184], [-77.66748099985404, 38.91431500008154], [-77.66760499970259, 38.91421100004307], [-77.66761999977119, 38.91419699971709], [-77.66772899955114, 38.914096999704796], [-77.6677899996505, 38.91403299998643], [-77.66787500003932, 38.91394899987534], [-77.6679379997885, 38.91388099981242], [-77.66803200039816, 38.913775000077834], [-77.66812399956135, 38.913678999693644], [-77.66816700011738, 38.91362799980808], [-77.66819800007951, 38.91358899987079], [-77.6682240000188, 38.91354999991213], [-77.66824900013313, 38.91349899993387], [-77.66830900040759, 38.91341999966215], [-77.66833799982159, 38.91337599983545], [-77.66838999970012, 38.91330499991459], [-77.66842300021041, 38.913264000026395], [-77.66845099979949, 38.91321299984256], [-77.66847500008895, 38.91317099966368], [-77.66851500027192, 38.913136999966675], [-77.66854000038627, 38.91308599969159], [-77.66853000034054, 38.91303200005936], [-77.66848799960943, 38.91298799999212], [-77.66844900014968, 38.91296999986144], [-77.66842300021041, 38.912957999771805], [-77.66839100042336, 38.91291199987529], [-77.6683880000503, 38.91285600032572], [-77.66834700004243, 38.91281599972172], [-77.66829900036186, 38.91277500025004], [-77.66827199969936, 38.91272499995868], [-77.6682750000724, 38.912671000051795], [-77.66830900040759, 38.912623000177796], [-77.66838200020253, 38.91260099967131], [-77.66844900014968, 38.91256900019331], [-77.66849199980739, 38.912529000126554], [-77.66850600005108, 38.91247500007054], [-77.6685000002033, 38.91239600005698], [-77.66850199985313, 38.91237599997768], [-77.66850400040126, 38.912346000197616], [-77.66850500022618, 38.91232900015355], [-77.66852399959444, 38.91226299973823], [-77.66852799979239, 38.91225100022801], [-77.66857800002111, 38.912179999880735], [-77.66861300018121, 38.91213700023644], [-77.6686199998539, 38.91212800006378], [-77.66865300036417, 38.91207800001563], [-77.66868500015123, 38.91201800019093], [-77.66869199982393, 38.912005999940334], [-77.66871399956524, 38.9119570000609], [-77.66873000035707, 38.91190800014759], [-77.66875999959599, 38.91185199980591], [-77.66879200028134, 38.9117699997251], [-77.66883099974109, 38.911679000018964], [-77.66888599999268, 38.911564000246436], [-77.66890600008418, 38.911508000332304], [-77.66891299975686, 38.91148999982628], [-77.66892700000056, 38.91143599967879], [-77.66893500039649, 38.91138799966854], [-77.6689360002214, 38.91132400030337], [-77.6689360002214, 38.91127399968883], [-77.66894399971899, 38.91122899966486], [-77.66894999956679, 38.91118499987784], [-77.66896499963539, 38.911092999853864], [-77.66897899987912, 38.911016000235925], [-77.66898800009993, 38.91095900031973], [-77.66899099957466, 38.91094399978235], [-77.66900599964329, 38.91084799976297], [-77.66902999993272, 38.91077500026564], [-77.66905400022218, 38.910718999729], [-77.66906799956756, 38.91069000022013], [-77.66911600014645, 38.91058800031073], [-77.66916999967482, 38.91048300012759], [-77.66919499978917, 38.9104350001719], [-77.66924900021584, 38.910334999752116], [-77.66932700003365, 38.91019300004641], [-77.66937700026236, 38.91011300000831], [-77.66943499998867, 38.910017000263], [-77.66948400039247, 38.90993800030971], [-77.66954999961642, 38.90983200027844], [-77.66960700041612, 38.90974699980271], [-77.66964300040114, 38.909697000174305], [-77.66965400027179, 38.90968299965694], [-77.66973399973944, 38.90958500015193], [-77.66981300028044, 38.909486000222195], [-77.66989600012114, 38.90939400009312], [-77.66996700026625, 38.90931199996872], [-77.67000699955089, 38.90926399992018], [-77.67004199971099, 38.90922400008792], [-77.67011000038138, 38.90913799998775], [-77.67016499973464, 38.90906599972624], [-77.6701909996739, 38.909030000267116], [-77.67023900025279, 38.90896499987709], [-77.67028899958319, 38.90889300013914], [-77.6703229999184, 38.908839000112955], [-77.67035499970545, 38.90878800024474], [-77.67038200036794, 38.90874800014425], [-77.67041199960686, 38.90869799981217], [-77.67042000000276, 38.90864899974615], [-77.67041300033007, 38.90858699991377], [-77.67042500002565, 38.90849899983318], [-77.67042800039869, 38.90847300032862], [-77.67046299966047, 38.908358000255056], [-77.67049899964549, 38.90826299984104], [-77.67055700027014, 38.90815399987893], [-77.67063599991283, 38.908015999847166], [-77.67066199985211, 38.907977999933145], [-77.67071999957842, 38.90789499995824], [-77.6708359999294, 38.9077370001336], [-77.67095300010524, 38.907591999874484], [-77.67102900027324, 38.907509999765594], [-77.6710700002811, 38.907467000088346], [-77.67113700022826, 38.90739399991008], [-77.67122500009181, 38.907312000271524], [-77.67123799961229, 38.90729900030306], [-77.6712669999246, 38.90727000009603], [-77.67131200013046, 38.907240000255], [-77.67136999985676, 38.90720700013567], [-77.67143299960595, 38.90717500032301], [-77.67148299983467, 38.907144000119416], [-77.67151200014698, 38.90711400022521], [-77.67240599992448, 38.90590999969094], [-77.67246799984876, 38.90579200003323], [-77.67256300028332, 38.90560399988899], [-77.67262199983453, 38.905475999758735], [-77.67267999956087, 38.9053329997718], [-77.67271300007114, 38.90527400018695], [-77.67278000001829, 38.90523000020403], [-77.67284199994258, 38.90522099985461], [-77.67290899988973, 38.905198999850114], [-77.6729430002249, 38.905146999812416], [-77.67295200044575, 38.90512200013024], [-77.67296199959317, 38.90509099972916], [-77.67293999985186, 38.905031999943255], [-77.67289800001907, 38.90497300010826], [-77.67287799992758, 38.904914999879125], [-77.67292499978325, 38.904839999862034], [-77.67294999989761, 38.9048139997165], [-77.67297400018705, 38.90478800026047], [-77.6730479998069, 38.90474199996271], [-77.67311300010421, 38.90469800034909], [-77.67316499998277, 38.9046689997786], [-77.67320599999064, 38.90462500011974], [-77.67323299975482, 38.90459699987776], [-77.67335900015152, 38.90447900013486], [-77.67343000029662, 38.904403999657184], [-77.67346600028164, 38.90436700026852], [-77.67357800043465, 38.90423600031307], [-77.67362500029029, 38.90419100002177], [-77.67367799999374, 38.90413899994484], [-77.67374599976581, 38.90406900023817], [-77.6737950001696, 38.904008000267716], [-77.67382500030685, 38.9039730000089], [-77.6738570000939, 38.903935999696586], [-77.67391300017039, 38.90386500012016], [-77.67394499995744, 38.90377899981936], [-77.67396599987384, 38.90372700013971], [-77.67399000016329, 38.90367200000689], [-77.67401699992746, 38.90361699983146], [-77.67407200017905, 38.90353599969895], [-77.6741030001412, 38.9034790000681], [-77.67412999990538, 38.90342900021934], [-77.67421699994401, 38.90326900018703], [-77.67424899973106, 38.903221000246845], [-77.67428999973893, 38.903158999868275], [-77.67434900018847, 38.90308499977404], [-77.6743919998462, 38.90304400027434], [-77.67443100020425, 38.902983000122326], [-77.6744980001514, 38.90288499975692], [-77.67455599987773, 38.902815000212065], [-77.67462899967265, 38.902722000140734], [-77.67467899990137, 38.90264600021745], [-77.6747640002902, 38.902548000085986], [-77.6747929997042, 38.90250799996492], [-77.67481399962058, 38.902478999898], [-77.67486200019947, 38.90240499979412], [-77.6748930001616, 38.90233899993872], [-77.67492400012374, 38.90228200004595], [-77.67493800036745, 38.902257999746276], [-77.67497400035246, 38.902195000231856], [-77.67506999971363, 38.9020359999104], [-77.67507800010954, 38.90201900019353], [-77.67511200044473, 38.90195000019057], [-77.67514199968363, 38.901876000234395], [-77.67517900039188, 38.90177999983629], [-77.67519600011032, 38.901747999674754], [-77.6752229998745, 38.9016950002056], [-77.67525600038476, 38.901627000287995], [-77.67530900008822, 38.9015159998199], [-77.67531900013395, 38.90148799975], [-77.67534000005035, 38.90142800006235], [-77.67535900031693, 38.9013490003381], [-77.6754060001726, 38.901271000232036], [-77.67543799995966, 38.901212999775], [-77.67545800005114, 38.90117699982905], [-77.67550599973171, 38.90109799982553], [-77.6755550001355, 38.90101800002438], [-77.67558199989969, 38.90095799993957], [-77.67560799983895, 38.90089999992596], [-77.67568999985473, 38.90078800000659], [-77.67574599993121, 38.90070700014215], [-77.6757579996268, 38.9006889996936], [-77.67581100022855, 38.90061999979638], [-77.67590699958971, 38.900513000116895], [-77.67593900027506, 38.90047600009877], [-77.67597299971193, 38.9004360002086], [-77.67605499972771, 38.900329000251894], [-77.6761109998042, 38.90024500000301], [-77.67617500027663, 38.90017299981046], [-77.67622799998007, 38.90010799970015], [-77.67626599961491, 38.90006199986581], [-77.67630199959991, 38.90001300013104], [-77.67632699971426, 38.899980000147906], [-77.6763779997679, 38.899911000260786], [-77.67646499980654, 38.89982299991234], [-77.67647499985227, 38.89980900024409], [-77.67649400011885, 38.899784000080516], [-77.67658799983018, 38.89965599994422], [-77.67668300026475, 38.899546000320065], [-77.67671699970161, 38.89950099985266], [-77.67672799957225, 38.899485999690555], [-77.67675400040984, 38.89945199973076], [-77.67690500002259, 38.89926200010835], [-77.67697399961956, 38.89918599997717], [-77.67704200028993, 38.89911100020038], [-77.67719000042793, 38.898898000066715], [-77.67723899993344, 38.898804000017854], [-77.67726900007067, 38.89872200024549], [-77.67729800038298, 38.89865299983509], [-77.6773009998577, 38.89862099966256], [-77.67730300040584, 38.89858799973166], [-77.67733099999494, 38.89846999978975], [-77.67735799975912, 38.89831799984819], [-77.6773639996069, 38.8982800003363], [-77.67737100017791, 38.898242999853714], [-77.67739799994209, 38.898180000272596], [-77.67743599957693, 38.898116000185844], [-77.67747400011007, 38.89807100021049], [-77.67750099987424, 38.8980389997757], [-77.67751000009508, 38.89802699995845], [-77.67755899960056, 38.89798499988314], [-77.67761300002725, 38.89795800027101], [-77.67766800027883, 38.89792599978524], [-77.67771199976143, 38.89789499973785], [-77.67774699992155, 38.89787100005276], [-77.67776600018811, 38.89784800011384], [-77.67778200008165, 38.897828999885135], [-77.67781800006665, 38.89777700004266], [-77.67783899998307, 38.89772299995087], [-77.67787499996807, 38.89763300017273], [-77.6778780003411, 38.89762400025857], [-77.6779610001818, 38.897448000076295], [-77.67797500042549, 38.89741900004015], [-77.67809300042626, 38.89719399976724], [-77.67814799977954, 38.897106000246524], [-77.67821499972669, 38.89699699993421], [-77.67825400008475, 38.89692400017671], [-77.67827800037419, 38.89687699991005], [-77.67831799965886, 38.89680100002286], [-77.67837999958313, 38.89668800015989], [-77.67845599975112, 38.896541999934584], [-77.67855600020853, 38.896352000216645], [-77.67867800040727, 38.89612400002396], [-77.67871199984415, 38.89607000007348], [-77.67875200002713, 38.896003000142606], [-77.67879200021011, 38.89596699965275], [-77.67887300040094, 38.89590599971327], [-77.67893299977707, 38.89586900009118], [-77.67899399987645, 38.8958319997507], [-77.67908900031101, 38.89577200017797], [-77.67920700031179, 38.89568400029346], [-77.67930500022108, 38.89560799982876], [-77.67937200016823, 38.895537000314654], [-77.67942099967371, 38.8954780002804], [-77.67943200044269, 38.895455000265606], [-77.67946900025261, 38.89538499968843], [-77.67949400036697, 38.895303999953185], [-77.67951000026048, 38.89523399992629], [-77.67952899962874, 38.895175000339485], [-77.67953799984957, 38.895088000207565], [-77.6795670001619, 38.8950079999279], [-77.67961300019265, 38.89492100029058], [-77.67964099978174, 38.894880000271826], [-77.67968599998758, 38.894823999781686], [-77.6797010000562, 38.89474000001243], [-77.67970400042925, 38.894670999927875], [-77.67971299975177, 38.89462699966673], [-77.67971500029991, 38.894573999776746], [-77.67973000036852, 38.89450200012668], [-77.67974899973676, 38.89445099974774], [-77.67977600039929, 38.894407000049426], [-77.67983199957746, 38.89433600003382], [-77.67986799956248, 38.89428500023486], [-77.67993100020998, 38.89421300029181], [-77.67997899989055, 38.894148000319355], [-77.68002699957113, 38.894112000287535], [-77.6800740003251, 38.89407700004489], [-77.68014299992208, 38.894011000139635], [-77.68017999973199, 38.89397100010363], [-77.68021700044024, 38.89391900023294], [-77.68024699967914, 38.89387699982552], [-77.68026699977065, 38.89378700006744], [-77.68027000014368, 38.89372700016541], [-77.68025199970202, 38.893660000121635], [-77.68025400025016, 38.89360899983724], [-77.68025300042524, 38.89354700015506], [-77.68026000009795, 38.89347599997892], [-77.68028100001435, 38.89342500026154], [-77.68028699986212, 38.89341000021436], [-77.6803129998014, 38.8933629997196], [-77.68036700022806, 38.89328999972256], [-77.68040200038816, 38.89323499989549], [-77.68053700010738, 38.89316700026656], [-77.68084599990387, 38.89300999965102], [-77.68476599986873, 38.89102099985484], [-77.6850019998703, 38.890901000221135], [-77.68860800001582, 38.88905799992943], [-77.68880300000947, 38.888957000286034], [-77.68901499972159, 38.888848999933955], [-77.68913400044558, 38.88878800017392], [-77.68962700036509, 38.88853600012887], [-77.69262199969204, 38.887003999730005], [-77.6935420003071, 38.88508599981915], [-77.6944920001611, 38.88310700013], [-77.6949780004079, 38.882094000109504], [-77.69504600017997, 38.881921999818985], [-77.69510800010424, 38.88178399985408], [-77.69525700006716, 38.88152900018662], [-77.69530599957265, 38.88139700007332], [-77.69537599989285, 38.88126299973923], [-77.69540500020516, 38.881199999781884], [-77.69542899959629, 38.88115000033097], [-77.69545799990861, 38.881100000145565], [-77.69548700022092, 38.88104999992498], [-77.69551800018307, 38.88099999966921], [-77.69553300025169, 38.880978999845], [-77.69555300034317, 38.880953000054035], [-77.69558099993226, 38.880902999730004], [-77.69560699987153, 38.880852000076544], [-77.6956339996357, 38.880800999687175], [-77.69565999957497, 38.88074999996046], [-77.69568600041256, 38.88069900019719], [-77.69571200035182, 38.880647999698006], [-77.6957380002911, 38.880596999861524], [-77.69576300040546, 38.880545999988385], [-77.69579099999456, 38.8804950000787], [-77.69582100013177, 38.88044600013098], [-77.69585000044408, 38.880396000149496], [-77.695879999683, 38.880346000132846], [-77.69590899999531, 38.880296000080946], [-77.6959349999346, 38.880244999991824], [-77.69596000004894, 38.8801939998661], [-77.6959840003384, 38.88014199970017], [-77.69600500025479, 38.880090000195565], [-77.69602399962305, 38.880035999943466], [-77.69604700008757, 38.87998499966774], [-77.69606800000396, 38.879932000041684], [-77.69608600044565, 38.87987899967684], [-77.69610200033915, 38.87982599997172], [-77.69611300020982, 38.879772000218324], [-77.69611099966168, 38.87971699971504], [-77.69609300011834, 38.879664999899425], [-77.69604299988961, 38.8796260001875], [-77.69602399962305, 38.87957500031683], [-77.69602699999609, 38.87951999966107], [-77.69603799986676, 38.87946599967513], [-77.69605100028555, 38.879412000347486], [-77.69605999960805, 38.879357000264896], [-77.69607800004972, 38.87930400017044], [-77.6961059996388, 38.879254000084714], [-77.69613400012621, 38.87918999972781], [-77.6961480003699, 38.87914899972022], [-77.69615400021772, 38.879094000133335], [-77.69614900019484, 38.87903999982372], [-77.696139999974, 38.87898800021196], [-77.69612900010334, 38.87893099976003], [-77.69611700040778, 38.87887700002583], [-77.69610300016407, 38.87882300025055], [-77.69609200029342, 38.878768999734994], [-77.69609200029342, 38.87871399985399], [-77.69610499981391, 38.8786599999549], [-77.69611999988253, 38.878606000014756], [-77.69613900014909, 38.87855300005951], [-77.69615900024057, 38.87850100009138], [-77.6961890003778, 38.878451000139975], [-77.69622399963959, 38.87840400023743], [-77.6962599996246, 38.87835700030385], [-77.69629300013487, 38.8783080002805], [-77.6963230002721, 38.87825800019324], [-77.6963509998612, 38.87820800007081], [-77.69637099995268, 38.87815599985023], [-77.69639799971687, 38.87810500032315], [-77.69642299983121, 38.87805300002725], [-77.69644700012067, 38.87800199972692], [-77.69647200023502, 38.87795000005493], [-77.69649800017429, 38.87789899968068], [-77.69652499993848, 38.87784900000499], [-77.69655300042587, 38.87779800025759], [-77.69658400038801, 38.87774899984879], [-77.69661600017506, 38.877700000105484], [-77.69664799996211, 38.877651999667656], [-77.69667899992425, 38.87760199981818], [-77.69670800023657, 38.87755199993358], [-77.69673500000076, 38.87750200001375], [-77.69676299958984, 38.87745100001732], [-77.69678600005437, 38.87740400015274], [-77.69681399964347, 38.877348999914666], [-77.69683999958272, 38.877297999808434], [-77.69686600042031, 38.877246999665616], [-77.6968920003596, 38.87719600018552], [-77.6969290001695, 38.877137000302525], [-77.69695299956065, 38.877096999856136], [-77.69696699980435, 38.87704300012693], [-77.69698799972075, 38.87698999970531], [-77.69700299978935, 38.87695500011775], [-77.69700899963715, 38.876937999992165], [-77.69703200010167, 38.87688600024096], [-77.69705700021603, 38.87683499980246], [-77.6970830001553, 38.87678400002666], [-77.69710900009456, 38.87673300021431], [-77.69713500003384, 38.876681999666005], [-77.69716199979801, 38.87663099978046], [-77.69719000028542, 38.87658099991198], [-77.69722000042265, 38.87653100000831], [-77.69724899983666, 38.876481000069475], [-77.69727899997388, 38.876431000095415], [-77.69731099976093, 38.87638200014269], [-77.6973440002712, 38.87633400021338], [-77.69737400040843, 38.8762840001359], [-77.6974010001726, 38.87623400002328], [-77.6974299995866, 38.87618399987549], [-77.69745800007402, 38.87613300033191], [-77.69748400001329, 38.87608200005238], [-77.6975140001505, 38.87603299985902], [-77.69754400028775, 38.87598300026912], [-77.69756100000619, 38.87592999975634], [-77.69757699989971, 38.87587599983974], [-77.69759500034138, 38.87582299994646], [-77.69761299988471, 38.875770000013695], [-77.69763499962603, 38.87571800010718], [-77.69765800009057, 38.87566600016267], [-77.69767599963392, 38.87561300011277], [-77.6977030002964, 38.875557999887256], [-77.69773000006057, 38.87551200023817], [-77.69775799964967, 38.875461000212354], [-77.69778699996199, 38.87541100022008], [-77.6978160002743, 38.87536100019258], [-77.69784300003847, 38.875310000058406], [-77.6978649997798, 38.87525799981531], [-77.69788900006924, 38.875207000306595], [-77.69791300035868, 38.87515499998814], [-77.69793099990206, 38.87510200025653], [-77.69794099994779, 38.87504799971081], [-77.69795099999352, 38.87499299974742], [-77.69795600001639, 38.87493899981824], [-77.69795600001639, 38.87488700000311], [-77.69794699979556, 38.87483199991509], [-77.69793799957472, 38.874777999863575], [-77.69793000007714, 38.874722999691244], [-77.69792400022934, 38.87466800017571], [-77.69791900020647, 38.87461299991825], [-77.6979140001836, 38.87455299990672], [-77.69790999998564, 38.87450400005791], [-77.69790599978766, 38.87444899967353], [-77.69790099976481, 38.87439399994591], [-77.69789699956685, 38.87434199973204], [-77.69789499991704, 38.8742849997497], [-77.69789400009212, 38.87422999989522], [-77.6978930002672, 38.87421199973011], [-77.69789200044228, 38.87417499999813], [-77.69789200044228, 38.874120000058525], [-77.69789200044228, 38.874065000076364], [-77.69789099971908, 38.874010000051584], [-77.69789200044228, 38.87395499998429], [-77.69789699956685, 38.873899999874446], [-77.69790199958972, 38.873845999814186], [-77.69790999998564, 38.873791000319315], [-77.6979209998563, 38.87373700017625], [-77.69793900029796, 38.873684000086584], [-77.69796000021435, 38.8736309999574], [-77.69798799980343, 38.87358100007639], [-77.69802100031373, 38.87353299965401], [-77.69805099955262, 38.87348299970406], [-77.69808800026088, 38.87343600001275], [-77.69812800044386, 38.87339099978816], [-77.69817899959915, 38.873337000040564], [-77.69820999956131, 38.87330200005271], [-77.69823899987361, 38.873253000040755], [-77.69823399985074, 38.87319800008705], [-77.69820600026164, 38.873166000335964], [-77.6981960002159, 38.87315299971178], [-77.69814699981211, 38.873113999922964], [-77.69809599975848, 38.87307600021578], [-77.69804999972773, 38.873034000074064], [-77.69801600029085, 38.8729870000859], [-77.69797600010789, 38.87294100017148], [-77.69794500014574, 38.87289600033288], [-77.69793699974983, 38.87287300000028], [-77.69792599987917, 38.87283999999663], [-77.69791599983343, 38.87278499972329], [-77.69791099981055, 38.872731000214614], [-77.69790999998564, 38.87267599985698], [-77.69791699965833, 38.872621000156116], [-77.69793799957472, 38.872569000043775], [-77.69797399955974, 38.87250499996086], [-77.6979779997577, 38.87246699992809], [-77.69797399955974, 38.872410999953175], [-77.69796900043518, 38.87235700016036], [-77.69796699988704, 38.872302000212656], [-77.69796199986419, 38.872247000222394], [-77.69795600001639, 38.87219200018963], [-77.69795299964335, 38.87213700011424], [-77.6979500001686, 38.872081999996304], [-77.69794799962047, 38.872027999953595], [-77.69794699979556, 38.871972999751314], [-77.69794699979556, 38.87191800020586], [-77.69794699979556, 38.87186299991846], [-77.6979490003437, 38.87180800028789], [-77.69795199981843, 38.87175299991538], [-77.69795600001639, 38.8716980001997], [-77.69796000021435, 38.87164299974206], [-77.69796600006214, 38.87159000018914], [-77.69797199990992, 38.87153400022265], [-77.69798000030583, 38.87147999976357], [-77.69798899962836, 38.87142499983664], [-77.69800100022223, 38.87137099999415], [-77.69801700011577, 38.87131700011063], [-77.69803499965911, 38.87126400031457], [-77.69805399992569, 38.87121099977964], [-77.69807099964413, 38.87115799990455], [-77.69808800026088, 38.87110499998993], [-77.698111999652, 38.87105300016731], [-77.69813799959128, 38.871001999739356], [-77.69816400042886, 38.87095099997427], [-77.69820000041386, 38.870904000007485], [-77.69821799995722, 38.87085099990348], [-77.69824100042176, 38.870798999894994], [-77.69825099956918, 38.870777999853885], [-77.6982659996378, 38.87074799998425], [-77.6982880002774, 38.870695999900406], [-77.69830800036891, 38.87064300034073], [-77.69832799956207, 38.87059100018007], [-77.69834600000374, 38.87053699970399], [-77.69836299972218, 38.87048400002575], [-77.6983789996157, 38.870431000307995], [-77.69839399968431, 38.87037699971041], [-77.69840700010312, 38.87032299977111], [-77.69841700014885, 38.87026899979084], [-77.69843300004237, 38.870214999769544], [-77.6984499997608, 38.87016199985122], [-77.69846800020247, 38.870108999893375], [-77.69848599974581, 38.870055999896024], [-77.69850500001239, 38.87000299985915], [-77.69852599992879, 38.86995099992973], [-77.69854299964723, 38.86989699966686], [-77.69855000021825, 38.869839000167744], [-77.69855199986807, 38.86978800026759], [-77.6985689995865, 38.86973399988089], [-77.69858600020325, 38.86968100030335], [-77.69860200009677, 38.86962799998688], [-77.69861399979234, 38.86957300002579], [-77.69862800003604, 38.86952000032816], [-77.69864499975448, 38.86946699989165], [-77.69866099964801, 38.869412999960524], [-77.69867700043984, 38.86935899998837], [-77.698696999633, 38.86930700028721], [-77.69872599994534, 38.86925700016215], [-77.69875600008255, 38.86920700000188], [-77.698772999801, 38.869174999852866], [-77.69878200002182, 38.869156000347715], [-77.6988020001133, 38.86910300033923], [-77.69881600035703, 38.86905000029123], [-77.69882999970241, 38.86899600004328], [-77.69884999979388, 38.8689429999155], [-77.69887499990826, 38.86889200007194], [-77.69888499995399, 38.8688689998425], [-77.69889900019768, 38.86884100019179], [-77.69892400031205, 38.86878900011176], [-77.69895000025133, 38.86873800015771], [-77.69897600019057, 38.868687000167085], [-77.69899999958172, 38.86863600013986], [-77.69902399987117, 38.868583999909866], [-77.69904599961248, 38.86853200034122], [-77.69906999990192, 38.86848000003515], [-77.69909300036645, 38.86842799969104], [-77.6991179995825, 38.86837099986197], [-77.69913799967397, 38.86831799996759], [-77.69915799976548, 38.868265000033745], [-77.69917799985694, 38.86821300023179], [-77.69919799994845, 38.86816000021962], [-77.69921700021501, 38.86810700016798], [-77.69923499975836, 38.868054000076775], [-77.69925099965187, 38.868000999946105], [-77.69926400007067, 38.86794700030016], [-77.69927699959115, 38.867892999913764], [-77.6992950000328, 38.86783999966306], [-77.69928800036013, 38.86778499971739], [-77.6992950000328, 38.86773099990737], [-77.69930000005569, 38.867675999877385], [-77.6993150001243, 38.86762300016433], [-77.69933199984274, 38.867569000231256], [-77.69936399962978, 38.86751699992015], [-77.69938600026941, 38.86746800011679], [-77.6994070001858, 38.86741599973186], [-77.69942899992712, 38.86736299982492], [-77.69943399994999, 38.86730899969435], [-77.6994359995998, 38.867254000037306], [-77.69942999975203, 38.86719999982399], [-77.69943099957695, 38.86714500008257], [-77.6994210004295, 38.86709099978646], [-77.69940800001072, 38.86703700014872], [-77.69938999956905, 38.86698399995923], [-77.69935600013218, 38.86693499978849], [-77.69934799973626, 38.86688100003226], [-77.69933699986561, 38.866827000235006], [-77.6993229996219, 38.8667729996973], [-77.69931199975125, 38.86671899981801], [-77.69929900023078, 38.86666499989771], [-77.69929300038298, 38.866634000196946], [-77.69928900018503, 38.86661099993639], [-77.69927499994134, 38.866556999934055], [-77.69926300024576, 38.8665029998907], [-77.69925300020002, 38.86644899980632], [-77.6992449998041, 38.86639999996629], [-77.6992370003065, 38.86634000001618], [-77.69922899991057, 38.86628500030893], [-77.69921499966688, 38.866231000058974], [-77.69921300001704, 38.86617600026739], [-77.699209999644, 38.86612199993464], [-77.69920100032148, 38.866067000058685], [-77.69919999959826, 38.866012000140216], [-77.6992020001464, 38.86595700017922], [-77.6992029999713, 38.86590200017561], [-77.6992029999713, 38.865848000334196], [-77.69920700016927, 38.86579300024631], [-77.69922100041298, 38.86573900032206], [-77.69922600043583, 38.865715000264856], [-77.69923200028362, 38.865684999657375], [-77.69924399997919, 38.86563099965113], [-77.69925499984983, 38.86557600009484], [-77.69926400007067, 38.865522000005754], [-77.69926999991846, 38.86546699966567], [-77.6992780003144, 38.86541300019326], [-77.69928900018503, 38.86535799976886], [-77.6992940002079, 38.86530300000136], [-77.69928900018503, 38.86524899970492], [-77.6992799999642, 38.86519500006698], [-77.69926999991846, 38.86514099968856], [-77.6992799999642, 38.86508699996854], [-77.69928499998707, 38.8650369996731], [-77.69929699968263, 38.86497800018859], [-77.69931099992635, 38.86492400034482], [-77.699321999797, 38.86486999976051], [-77.69933000019292, 38.86481500031497], [-77.69934299971341, 38.86476199986784], [-77.69935699995709, 38.86470799986001], [-77.69936700000284, 38.86465300028909], [-77.6993779998735, 38.86459900019847], [-77.6993929999421, 38.864546000289785], [-77.69941600040664, 38.864493999865914], [-77.69943300012508, 38.864439999654536], [-77.6994490000186, 38.864387000326786], [-77.69946800028518, 38.86433400026012], [-77.69949400022446, 38.8642829999079], [-77.6995329996842, 38.86423399997389], [-77.6995619999965, 38.86418699976283], [-77.69958799993577, 38.864136000004635], [-77.69960999967708, 38.86408800019876], [-77.69962800011875, 38.86403900013037], [-77.69964800021023, 38.86397900028613], [-77.69965800025597, 38.86394500011877], [-77.69966400010377, 38.86392499968359], [-77.69967599979933, 38.8638880001926], [-77.69968099982218, 38.86387199997195], [-77.69968300037034, 38.863862999977435], [-77.69969199969283, 38.863817999987624], [-77.69969199969283, 38.86376299972822], [-77.69969599989079, 38.86370899966106], [-77.69968099982218, 38.86365500025235], [-77.69965900008089, 38.86360500034879], [-77.69965499988292, 38.86355100016162], [-77.69963999981431, 38.86349800017124], [-77.6996320003167, 38.86346000021979], [-77.69962800011875, 38.86344399990281], [-77.69962899994366, 38.86338900005357], [-77.6996320003167, 38.8633340001618], [-77.69962800011875, 38.863306999970426], [-77.69962399992079, 38.86327999976881], [-77.69962100044606, 38.863224999792706], [-77.69961800007299, 38.863169999774065], [-77.69961399987503, 38.86311499971288], [-77.69961399987503, 38.86306000030863], [-77.69961300005014, 38.8630489997232], [-77.69960999967708, 38.86300599970754], [-77.69960499965421, 38.86295100021898], [-77.69960800002725, 38.862895999988375], [-77.69960899985217, 38.86288300028372], [-77.69961300005014, 38.86284099971524], [-77.69961600042318, 38.86277000032988], [-77.69961499969995, 38.86273099974081], [-77.69961600042318, 38.86267700028877], [-77.69962100044606, 38.86262199984622], [-77.69962899994366, 38.86256700006062], [-77.69963499979144, 38.86251299978459], [-77.69963599961635, 38.862457999914675], [-77.69964499983719, 38.86240300000222], [-77.699654000058, 38.86234900030113], [-77.6996669995785, 38.86229499985953], [-77.6996819996471, 38.86224200033184], [-77.6996950000659, 38.86218799980898], [-77.69970799958638, 38.86213399994456], [-77.69972299965498, 38.86208000003917], [-77.69973699989869, 38.8620279999102], [-77.69975500034036, 38.86196100005109], [-77.69976799986082, 38.86191900033691], [-77.69979299997519, 38.86186799965139], [-77.69981899991447, 38.861817000328216], [-77.69984499985372, 38.861766000268965], [-77.69986699959503, 38.86171399991031], [-77.69989400025753, 38.86166299977724], [-77.69992199984662, 38.86161299987181], [-77.69994799978588, 38.86156199966629], [-77.69998100029615, 38.86151400022117], [-77.70001800010608, 38.86146700031051], [-77.70005699956583, 38.86142099993631], [-77.70009300044916, 38.86137399996418], [-77.70013600010687, 38.86133100033451], [-77.70015500037344, 38.86131700007536], [-77.70018700016048, 38.8612929999244], [-77.7002370003892, 38.86125399992419], [-77.70027900022198, 38.86121100022194], [-77.70031900040496, 38.86116499968213], [-77.70035100019201, 38.86111599969776], [-77.70038299997907, 38.86106900022354], [-77.70041200029138, 38.86101800032729], [-77.70045800032213, 38.86094600024692], [-77.70048199971328, 38.860893999988086], [-77.70050400035288, 38.86084199969128], [-77.70053000029216, 38.86079100033168], [-77.70055100020856, 38.860737999682925], [-77.70057200012495, 38.8606859999715], [-77.70058800001848, 38.86063199966595], [-77.70062800020145, 38.8605880000084], [-77.7006730004073, 38.86054499990345], [-77.70069699979842, 38.860494000330895], [-77.70070900039231, 38.86043999987948], [-77.70071900043806, 38.86038600008663], [-77.70072799976056, 38.860330999970415], [-77.70073500033158, 38.86027700009473], [-77.70074200000427, 38.86022199989427], [-77.70074799985204, 38.86016699965122], [-77.70075200005, 38.860112000065136], [-77.70075799989779, 38.860058000023145], [-77.70076999959335, 38.86000399994019], [-77.70078499966198, 38.85994999981617], [-77.70078899985994, 38.85989500006225], [-77.70080099955551, 38.85984099985552], [-77.70081099960125, 38.85978700030724], [-77.7008159996241, 38.859731999727735], [-77.70082200037021, 38.859676999805195], [-77.700828000218, 38.85962300013238], [-77.70083200041594, 38.85956800012554], [-77.7008359997156, 38.85950100004703], [-77.70083900008866, 38.85945799998424], [-77.70084699958625, 38.85940400014517], [-77.70085199960911, 38.85934899996894], [-77.70085400015725, 38.85929399975018], [-77.70085400015725, 38.85928299998108], [-77.70085400015725, 38.85923900018839], [-77.70085900018013, 38.85918399988454], [-77.70086500002792, 38.85912999983735], [-77.70086500002792, 38.85911000014628], [-77.70086500002792, 38.85907500014872], [-77.70086800040096, 38.85901999971803], [-77.70087400024876, 38.85896499994428], [-77.70087900027161, 38.85891000012803], [-77.70088199974634, 38.85885599987277], [-77.70088299957125, 38.858800999972225], [-77.7008840002945, 38.85874600002913], [-77.7008859999443, 38.858691000043514], [-77.70089000014227, 38.85863600001535], [-77.70089500016515, 38.85858099994464], [-77.7008990003631, 38.85852599983135], [-77.70090299966274, 38.858470999675575], [-77.7009069998607, 38.858416999786485], [-77.70091000023376, 38.85836200024593], [-77.70091299970849, 38.85830699996331], [-77.70091400043172, 38.85825200033763], [-77.70091500025663, 38.85819699996994], [-77.70091899955627, 38.858142000259235], [-77.70091400043172, 38.85808899973462], [-77.70091500025663, 38.85803399994039], [-77.70091299970849, 38.857979999719404], [-77.70091899955627, 38.857924999840876], [-77.70092299975423, 38.857869999919814], [-77.7009269999522, 38.857814999956155], [-77.70092899960203, 38.85775999995001], [-77.70093299979997, 38.85770600022056], [-77.70093199997505, 38.85765100013006], [-77.70093199997505, 38.85759599999708], [-77.70093000032524, 38.857540999821516], [-77.70092399957915, 38.857486000303], [-77.70093500034811, 38.85737700006309], [-77.70094000037098, 38.857321999718195], [-77.70094600021878, 38.85726700003026], [-77.70095600026451, 38.85721299992645], [-77.7009699996099, 38.857158999781596], [-77.70098600040174, 38.85710599992345], [-77.70100800014305, 38.85705300002581], [-77.70102999988434, 38.85700099971827], [-77.70105099980074, 38.85694900007224], [-77.70106500004447, 38.856894999726975], [-77.7010740002653, 38.85683900007694], [-77.70108099993797, 38.85678599998031], [-77.70109000015881, 38.85673099987785], [-77.7011100002503, 38.8566790000344], [-77.7011250003189, 38.85662599981853], [-77.70113199999162, 38.85657100029188], [-77.70115100025818, 38.856517999995525], [-77.7011749996493, 38.85646599999634], [-77.70119200026605, 38.856413000321226], [-77.70119200026605, 38.856357999930346], [-77.7011959995657, 38.85630399983582], [-77.70121300018245, 38.856249999700296], [-77.70121400000737, 38.85619499988291], [-77.7012240000531, 38.85614099966462], [-77.70123599974868, 38.85608700010487], [-77.70123599974868, 38.85603200016142], [-77.70125400019035, 38.85597900016288], [-77.70126900025896, 38.855926000124896], [-77.70128199977943, 38.85587399969286], [-77.70129900039618, 38.85582300026802], [-77.70130799971871, 38.855768000120406], [-77.70130199987092, 38.85571400027745], [-77.70129900039618, 38.85565900004549], [-77.70129900039618, 38.85563199973799], [-77.7013000002211, 38.855603999771], [-77.70130400041906, 38.85554900015352], [-77.70131699993954, 38.85549500014429], [-77.70133700003102, 38.85544300009668], [-77.70137999968873, 38.85539900002665], [-77.7014199998717, 38.85535400027668], [-77.70146000005468, 38.85530899979871], [-77.70149400038986, 38.85526100033009], [-77.70151500030624, 38.85519999971989], [-77.70152500035199, 38.85515400018845], [-77.70154500044347, 38.855101000235166], [-77.70155700013903, 38.85504699988577], [-77.70157700023053, 38.854993999852816], [-77.7015959995988, 38.85494200013841], [-77.70160800019268, 38.85491700027567], [-77.70162099971314, 38.85489100004528], [-77.70164800037564, 38.85483999991558], [-77.7016800001627, 38.85479099977022], [-77.70170799975178, 38.85474200029068], [-77.70173299986614, 38.85469100005414], [-77.70175799998049, 38.85463900011819], [-77.70178300009486, 38.85458799980779], [-77.70179700033856, 38.85453399976847], [-77.70180999985905, 38.85448100005273], [-77.7018709999584, 38.85438799966417], [-77.70189100004988, 38.854294999853515], [-77.70191100014138, 38.85424399999595], [-77.70193299988269, 38.85419199973325], [-77.70196600039296, 38.85414299984102], [-77.70197300006565, 38.85412599985624], [-77.70198800013426, 38.85409100020399], [-77.70200900005067, 38.85403899982937], [-77.7020330003401, 38.853987000116355], [-77.70205799955615, 38.85392300009441], [-77.70209299971626, 38.85383999991469], [-77.70212299985349, 38.85379000010518], [-77.70213500044736, 38.85373099968318], [-77.70218300012795, 38.8536280001453], [-77.70211899965551, 38.85360200014327], [-77.70204800040872, 38.85363299992934], [-77.7020049998527, 38.85365299976155], [-77.70189100004988, 38.85370299966736], [-77.70181300023208, 38.85373800021012], [-77.70175200013271, 38.85374000026058], [-77.70169699988114, 38.85372599990603], [-77.70165699969816, 38.85368800032891], [-77.70161099966741, 38.85364399987272], [-77.70157100038276, 38.8535710003437], [-77.70153799987246, 38.85344199981403], [-77.70154000042061, 38.85339799990523], [-77.70153899969738, 38.853338000176514], [-77.70153799987246, 38.85321199967202], [-77.70154799991822, 38.85307399992943], [-77.70154500044347, 38.85302999979299], [-77.7015460002684, 38.85297599996988], [-77.70153500039774, 38.85290600021594], [-77.70151000028338, 38.852819000095934], [-77.70150199988745, 38.85275800018957], [-77.70149600003967, 38.852670000198074], [-77.70149299966663, 38.85259399989517], [-77.70150100006255, 38.852516000125824], [-77.70148199979597, 38.8524750001231], [-77.70147900032123, 38.85242200027219], [-77.7014900001919, 38.852376000343234], [-77.70150299971236, 38.85228799987907], [-77.70150899956016, 38.85224399995599], [-77.70151399958303, 38.852195000120915], [-77.70151500030624, 38.85212599999607], [-77.70150299971236, 38.85205499970645], [-77.70152399962878, 38.85200799984034], [-77.70154799991822, 38.85194400013645], [-77.701561000337, 38.85188699968491], [-77.70155499959091, 38.85179100029394], [-77.701553999766, 38.85169900028968], [-77.70155499959091, 38.851647000265], [-77.701553999766, 38.85159199968636], [-77.7015820002534, 38.85149399978364], [-77.70159800014693, 38.851440999901406], [-77.70162900010907, 38.851340999672786], [-77.70164300035277, 38.851267999878885], [-77.70165400022343, 38.85121699994966], [-77.70166599991899, 38.851151999822214], [-77.70168400036066, 38.85108099995963], [-77.70170100007908, 38.850995999833756], [-77.70173100021631, 38.850877000186586], [-77.70175299995763, 38.85075999977498], [-77.70176600037642, 38.85069200007519], [-77.70178499974469, 38.8506270001676], [-77.70181300023208, 38.850542000198885], [-77.70183199960033, 38.850421000347964], [-77.70184099982117, 38.85034400001773], [-77.70184599984405, 38.85028099993992], [-77.70186199973757, 38.85023700017451], [-77.70188100000414, 38.85019199995697], [-77.70196100037009, 38.85007199993735], [-77.7020049998527, 38.85001700023967], [-77.7020030002029, 38.849958000185914], [-77.7019970003551, 38.849901999971124], [-77.70201400007352, 38.84980399983889], [-77.70202300029436, 38.8497539999907], [-77.70203199961689, 38.84968699976119], [-77.70204500003568, 38.84964199989534], [-77.70207000015004, 38.84959700000102], [-77.70211399963264, 38.849555999714944], [-77.70216800005932, 38.84954400010453], [-77.70223599983139, 38.84953399996125], [-77.70228799970992, 38.84951500010485], [-77.70233200009086, 38.849456000334406], [-77.70234799998437, 38.84940699997795], [-77.70234299996152, 38.84930099986236], [-77.70235499965708, 38.84923199972864], [-77.70238099959634, 38.84916600014643], [-77.7024209997793, 38.84902999973311], [-77.70245799958924, 38.848895000202525], [-77.70248000022885, 38.84882499993049], [-77.70249899959711, 38.84874400028932], [-77.70250799981795, 38.84868400013289], [-77.70251100019101, 38.84860100013622], [-77.7025189996886, 38.84854200030734], [-77.70252000041182, 38.848495999968], [-77.7025260002596, 38.84844200020096], [-77.70255600039684, 38.84834100020266], [-77.70257700031323, 38.84826200021493], [-77.70260099970437, 38.84819200001961], [-77.70262699964363, 38.848117000283615], [-77.70264199971226, 38.84807099966951], [-77.70267299967439, 38.847991000325266], [-77.70270199998672, 38.84791100019147], [-77.70274600036764, 38.847793000039786], [-77.70279099967517, 38.84769600026066], [-77.70286500019333, 38.847564000283796], [-77.70295700025483, 38.84740500012964], [-77.7029970004378, 38.84734099978247], [-77.70309500034709, 38.84718600029908], [-77.7032640004015, 38.84696099977108], [-77.70330299986124, 38.84688200034971], [-77.70341400018933, 38.84666799988241], [-77.70343799958046, 38.846615999678214], [-77.70347199991565, 38.846543999709404], [-77.70349399965694, 38.84650299976262], [-77.70354200023584, 38.84641000013707], [-77.7035740000229, 38.846349000331706], [-77.70361199965772, 38.84624999972195], [-77.7038359999637, 38.84591200027688], [-77.70388600019243, 38.84584100008169], [-77.70394200026894, 38.8456820002745], [-77.70395599961432, 38.84562799977072], [-77.70405199987377, 38.845439999925595], [-77.70405600007173, 38.84527300016754], [-77.7040950004298, 38.84516400010144], [-77.70413499971447, 38.84500399968265], [-77.70415499980594, 38.844925000187175], [-77.70439500000546, 38.844316999956696], [-77.70445100008195, 38.84419500020286], [-77.70485399958977, 38.84331999981213], [-77.70493099958266, 38.84315200015137], [-77.70551499973877, 38.84315600014791], [-77.70849800026843, 38.843176000127215], [-77.70968800032195, 38.843184000117354], [-77.71003499975325, 38.84318599976493], [-77.71566700000346, 38.843224000054576], [-77.71563299966826, 38.843172000131815], [-77.71562500017068, 38.843107000349825], [-77.7156419998891, 38.84304400016002], [-77.71566000033077, 38.84298899992649], [-77.71564400043724, 38.84288799988305], [-77.71562599999558, 38.842768000136935], [-77.71561599994983, 38.8426879997273], [-77.71561699977475, 38.842610000290804], [-77.71561599994983, 38.84255899975189], [-77.71561599994983, 38.84254499999541], [-77.71562000014781, 38.84252899987055], [-77.71565399958466, 38.842414000091566], [-77.71570499963829, 38.84224400001701], [-77.7157680002858, 38.84202499969271], [-77.71584199990565, 38.84176500021531], [-77.71587600024084, 38.84168400023247], [-77.71588999958622, 38.84161300001618], [-77.7159099996777, 38.84147600000964], [-77.71592100044668, 38.84132799999214], [-77.7159230000965, 38.84121000011691], [-77.71593599961699, 38.84106599966022], [-77.71593599961699, 38.840991999963265], [-77.71592599957124, 38.84091099980018], [-77.71591899989853, 38.84079500034762], [-77.71591700024872, 38.840709999826416], [-77.7159010003552, 38.84064700031305], [-77.71589600033232, 38.840629000042014], [-77.7158810002637, 38.84054900002623], [-77.71585699997426, 38.84038899972489], [-77.71585100012646, 38.84031800031551], [-77.71586100017223, 38.84018599994421], [-77.71585899962409, 38.84005800019843], [-77.71585100012646, 38.84000199988742], [-77.7158319998599, 38.839942999924375], [-77.71581799961619, 38.83988599965274], [-77.71581699979129, 38.83984099988477], [-77.71582600001211, 38.83979100003143], [-77.71582199981415, 38.83970900002806], [-77.71582900038517, 38.83965700033527], [-77.71581199976842, 38.83959999983455], [-77.7157969996998, 38.83954100023792], [-77.7157890002022, 38.83948899972271], [-77.71578099980628, 38.83943000003405], [-77.71576900011073, 38.839385999854876], [-77.71577699960832, 38.83933399992612], [-77.7157900000271, 38.839291000265774], [-77.71580599992063, 38.839199000189296], [-77.71580400027082, 38.83912800029233], [-77.71580900029367, 38.83906500007809], [-77.71578300035442, 38.83897799982382], [-77.71580000007286, 38.83892200006226], [-77.71582000016433, 38.83883000020845], [-77.71580900029367, 38.8387839998871], [-77.7157959998749, 38.83872600020003], [-77.71578400017931, 38.838678000037255], [-77.7157680002858, 38.83861600001232], [-77.71576999993563, 38.838547000011346], [-77.71578599982914, 38.83847799994343], [-77.71578400017931, 38.83838100005941], [-77.71573200030079, 38.838304999884706], [-77.71568999956968, 38.838220999781356], [-77.71568799991987, 38.83816699991246], [-77.7156910002929, 38.83810400024685], [-77.71569999961541, 38.83805800015595], [-77.71570899983625, 38.83799899998054], [-77.71571200020931, 38.837951000027125], [-77.71571600040727, 38.83788999996671], [-77.71570600036154, 38.83784399973743], [-77.71570299998848, 38.8377900002822], [-77.71569600031577, 38.83771799977862], [-77.71569299994273, 38.83762800027114], [-77.71568799991987, 38.83754799968051], [-77.7156839997219, 38.83747499972779], [-77.71568500044513, 38.837406999924895], [-77.71567399967616, 38.83732100034871], [-77.71566199998058, 38.83723699978362], [-77.7156410000642, 38.83716899975337], [-77.71562599999558, 38.83710599990402], [-77.7156279996454, 38.83704599972907], [-77.71563600004133, 38.83699400018961], [-77.71565100010993, 38.83686100003744], [-77.71565299975977, 38.836731000079865], [-77.71565100010993, 38.83665899990431], [-77.71565799978262, 38.83655299968823], [-77.71564600008706, 38.83646599986163], [-77.71563699986622, 38.83641800027368], [-77.71561699977475, 38.83633699980226], [-77.71560400025427, 38.83629399973054], [-77.71558400016279, 38.836228000041814], [-77.71557199956891, 38.83617699982691], [-77.71555599967537, 38.83612299980655], [-77.71551399984259, 38.83602199981393], [-77.71549600029924, 38.83596000027401], [-77.71547299983472, 38.83591099971907], [-77.71546199996405, 38.835888999944466], [-77.71542199978107, 38.83580299993342], [-77.71537199955236, 38.83570200018637], [-77.71532899989465, 38.8356130001589], [-77.71529100025982, 38.83552699981434], [-77.71526600014546, 38.835485999816875], [-77.71522000011471, 38.83541700027983], [-77.71520300039627, 38.8353670001172], [-77.71517599973379, 38.835309999679026], [-77.71517400008395, 38.83526399988133], [-77.71516599968804, 38.835204000252666], [-77.71517499990887, 38.83512499967319], [-77.71518900015258, 38.835071000254096], [-77.71523400035844, 38.83501600015573], [-77.7152970001076, 38.834964999772076], [-77.71535300018411, 38.834911000231585], [-77.7154030004128, 38.83485200024625], [-77.71541000008553, 38.8348440000191], [-77.71545899959101, 38.8347720000338], [-77.71548399970536, 38.83471800034688], [-77.71551800004055, 38.83465599967099], [-77.71554800017778, 38.83456799967982], [-77.71554499980472, 38.834474999849235], [-77.71554399997983, 38.8343220002247], [-77.71553200028424, 38.834179999725464], [-77.71553399993405, 38.83404400005602], [-77.71553099956103, 38.83390299965615], [-77.71552800008628, 38.833715000321206], [-77.7155430001549, 38.833380999957924], [-77.71555700039862, 38.833112000000796], [-77.71557400011703, 38.83296000021283], [-77.71559199966039, 38.83284299972683], [-77.71561099992697, 38.83271400009841], [-77.71563699986622, 38.83256500007935], [-77.71565000028501, 38.83244599969452], [-77.71566899965327, 38.832347000034254], [-77.71569200011783, 38.83224600028135], [-77.71571499968404, 38.832135999874765], [-77.71564500026216, 38.832034999822476], [-77.71179499971917, 38.8264239996963], [-77.71071500016883, 38.82487300005788], [-77.71065900009232, 38.82479299982758], [-77.71062800013019, 38.82474800031464], [-77.71057899972638, 38.824678000082606], [-77.71045400005292, 38.82449800016969], [-77.7102640000821, 38.82421499967418], [-77.71023999979268, 38.82417699973224], [-77.71018000041653, 38.82408699989921], [-77.7100509996468, 38.823894000060385], [-77.71001200018704, 38.823835000041534], [-77.70996199995832, 38.823760999925014], [-77.70988999998832, 38.8236519998025], [-77.70988300031561, 38.823643000317816], [-77.70950300037401, 38.82307300007827], [-77.70669700029465, 38.818867999879046], [-77.70591800014489, 38.81770000009417], [-77.70432800005831, 38.81531899987848], [-77.70311600026348, 38.81350199998356], [-77.70254499962786, 38.812646000143566], [-77.69727700032405, 38.804749000079475], [-77.6972179998745, 38.80465999986032], [-77.69719299976015, 38.80462300035001], [-77.6971669998209, 38.8045840000886], [-77.69703700012455, 38.80438899986128], [-77.69203800043424, 38.79689599966184], [-77.6919589998932, 38.796773999850814], [-77.69186400035696, 38.796632999860655], [-77.69101700043514, 38.79536300020379], [-77.68961499977121, 38.79325999990496], [-77.68951799968683, 38.79311499995725], [-77.68932600006622, 38.79282700023902], [-77.6891989998446, 38.79264300031555], [-77.68855699996219, 38.79167900032049], [-77.68806200039286, 38.7909249996926], [-77.68804800014917, 38.79090999972733], [-77.6880230000348, 38.79087200022132], [-77.68763700024543, 38.790295999701186], [-77.68680100019424, 38.789038999756926], [-77.68567999973773, 38.78735799989304], [-77.6847070003175, 38.78589800015222], [-77.68441500023947, 38.78546100014603], [-77.68409100037435, 38.784972999787314], [-77.68309299994148, 38.78347700020126], [-77.68234099955589, 38.78234899982929], [-77.68230499957087, 38.78229500030628], [-77.6821809997223, 38.782108999846734], [-77.6821370002397, 38.782042999657364], [-77.68190700008594, 38.78169800009249], [-77.68182800044322, 38.781580000134305], [-77.68135100041724, 38.780860999801185], [-77.68131999955679, 38.780827999836845], [-77.68130100018854, 38.78078899985939], [-77.68126000018064, 38.78072699985122], [-77.68124400028712, 38.780703999834486], [-77.68082400016256, 38.7800729999835], [-77.67994299990553, 38.77875100006782], [-77.67985400021706, 38.778619999744954], [-77.67982499990475, 38.778574999776296], [-77.67973500039139, 38.77843999970003], [-77.6796650000712, 38.778334999697435], [-77.6796319995609, 38.77828500007538], [-77.67915399971002, 38.77756600013532], [-77.6774049996148, 38.77494300012519], [-77.67731599992632, 38.77480900026079], [-77.67585700025931, 38.772620000185874], [-77.67515000007955, 38.77155600026394], [-77.67045199978982, 38.76450599991703], [-77.6697250004169, 38.76341799992386], [-77.66865900021196, 38.761814999655435], [-77.66861800020409, 38.76175400023176], [-77.66576699991889, 38.75747200025004], [-77.66426399987093, 38.75521599976433], [-77.66419400044904, 38.755112000263246], [-77.6641290001517, 38.75501399997499], [-77.6636699996691, 38.754323999712305], [-77.66362700001139, 38.75425900010521], [-77.6626350003246, 38.75276799998076], [-77.66185100015196, 38.751592000163406], [-77.66153999980733, 38.751126000003055], [-77.6609950000093, 38.75030599993889], [-77.66070700012921, 38.74987500024422], [-77.66021900023257, 38.749141999912936], [-77.66006600007171, 38.74891199986151], [-77.66001199964504, 38.74883100007515], [-77.65940099972475, 38.74791399980363], [-77.65901599976029, 38.74732700028638], [-77.65796700017208, 38.74575599971987], [-77.65731600006885, 38.74478199988519], [-77.65655500036073, 38.74363800008139], [-77.65525099960611, 38.74168000023653], [-77.65501700015268, 38.74132799989281], [-77.65481999961088, 38.74103200029918], [-77.65383700014493, 38.73955499967393], [-77.65261399958115, 38.737717000328196], [-77.65165600022955, 38.736277999695055], [-77.65144500034236, 38.73596100032028], [-77.65038499998519, 38.73437100011325], [-77.64968299982833, 38.73331400005952], [-77.649336000397, 38.73279199993973], [-77.64884500012731, 38.73205500020286], [-77.64846299963759, 38.7314809998301], [-77.64843500004851, 38.73143800024642], [-77.64804000003829, 38.73084499984437], [-77.64739800015586, 38.729880999987756], [-77.64631699988232, 38.72826000001784], [-77.64473099999368, 38.725872999690814], [-77.64236500013038, 38.72231299998462], [-77.64181600013438, 38.72148199983714], [-77.64171700040019, 38.7213319998082], [-77.64146299995697, 38.72095900003466], [-77.64125500044283, 38.720646999972715], [-77.63887399961257, 38.7170679998079], [-77.63874399991623, 38.71687199980637], [-77.63851700013554, 38.71653099996024], [-77.63801199962214, 38.71577100008578], [-77.6376500001222, 38.71522799970271], [-77.63734799999843, 38.71477799994606], [-77.63728199987617, 38.71462799986489], [-77.63674100027609, 38.71386000029346], [-77.63663400014597, 38.713701000342354], [-77.63627900031872, 38.71316600022418], [-77.63573699999544, 38.712351999740044], [-77.63545699961294, 38.71192999977948], [-77.63499200018086, 38.71123200020714], [-77.63455399961462, 38.710571999663244], [-77.63418600026691, 38.71001900034362], [-77.63381100034819, 38.709477000024854], [-77.63312099988688, 38.70841700017913], [-77.63281399974021, 38.70795199972491], [-77.63138199983737, 38.70580299977438], [-77.63113300031534, 38.705428000270864], [-77.63108499973646, 38.70535500028461], [-77.63102700001014, 38.70526800013648], [-77.63091499985714, 38.70510000027598], [-77.63079799968128, 38.70492300027138], [-77.63019099995896, 38.70401099969537], [-77.62724699978733, 38.69958000004025], [-77.62497800000841, 38.69616799999164], [-77.62488299957386, 38.69602599981014], [-77.62478999968742, 38.69588700010995], [-77.62476000044853, 38.69584100007903], [-77.62410599997222, 38.69485699967996], [-77.62384800022936, 38.694468999976905], [-77.62362999977115, 38.6941410001982], [-77.62351799961817, 38.69397200032578], [-77.62250199964194, 38.69244400008662], [-77.62079399955458, 38.68987499969249], [-77.62044700012326, 38.689348999704755], [-77.62022000034254, 38.68900400017477], [-77.62007899987724, 38.688791000201434], [-77.6196410002093, 38.68814900029715], [-77.61909700023618, 38.68732100030928], [-77.6168319997569, 38.6839100002844], [-77.61600599975148, 38.68266899988564], [-77.61504900022479, 38.6812290002062], [-77.61429400036447, 38.6800919997736], [-77.61325999994658, 38.67853400026069], [-77.61320899989293, 38.67845900011446], [-77.61070400011246, 38.67468900034437], [-77.61009800021507, 38.673775999915], [-77.60959299970169, 38.67301600010181], [-77.60904899972856, 38.67219700000968], [-77.60820699982959, 38.67092899974678], [-77.60809399985169, 38.67075900031731], [-77.60788399978941, 38.67044200002248], [-77.60784500032966, 38.67038400014848], [-77.60716900011205, 38.669364999728565], [-77.60709100029425, 38.66925300022805], [-77.60590799991344, 38.667463000190786], [-77.6057639999734, 38.66725299978858], [-77.60078500037459, 38.659753999792265], [-77.59987900000321, 38.658387999894174], [-77.59977199987308, 38.65822599985129], [-77.59966300009313, 38.658062999828], [-77.59963100030609, 38.6580139997872], [-77.59892599977617, 38.65695199991496], [-77.5971189999546, 38.654229999957096], [-77.59545900044613, 38.65172499998365], [-77.59543000013382, 38.651684999949936], [-77.5942119995929, 38.649850000258425], [-77.59384000004724, 38.64928999993491], [-77.59373799993996, 38.64913599967497], [-77.59237800000717, 38.647088000053216], [-77.59221200032582, 38.64683900007939], [-77.59204999994411, 38.64659399973955], [-77.5918869997375, 38.64634399967472], [-77.59176700008689, 38.646165999770496], [-77.58931099981189, 38.64246599989944], [-77.58905600044208, 38.642080999850755], [-77.58802600022216, 38.64052400032194], [-77.58608499960798, 38.637603999824066], [-77.58599799956933, 38.63747099974471], [-77.58593499982015, 38.637377999743116], [-77.5858620000252, 38.6372669999454], [-77.58463000013892, 38.63541000025309], [-77.5846150000703, 38.63538900031587], [-77.58365299962242, 38.63393799971459], [-77.58200499980951, 38.631454000176035], [-77.5795460000598, 38.62775099999667], [-77.57948400013551, 38.62765299982589], [-77.57942800005901, 38.62756599995592], [-77.57910400019391, 38.6270810002386], [-77.57813400024845, 38.62561699975298], [-77.57596000000576, 38.62233999989548], [-77.57406699997047, 38.61948499996027], [-77.57201400010162, 38.6163889997404], [-77.5719000002988, 38.61621499993776], [-77.57184099984926, 38.61612700003015], [-77.57123199957879, 38.615208000103806], [-77.57113799986746, 38.615067000286224], [-77.57109900040773, 38.61500899979792], [-77.57106500007254, 38.61495699985276], [-77.57070000019955, 38.61440700006863], [-77.57028799957259, 38.6137860000143], [-77.57015200002846, 38.61358099997249], [-77.57013899960967, 38.61355899972432], [-77.5700139999362, 38.61337199979923], [-77.56994100014127, 38.61326200027625], [-77.56933600006877, 38.61234900025284], [-77.56928400019024, 38.61227100023643], [-77.56847300025342, 38.611048000103125], [-77.5674160002693, 38.60945499979574], [-77.56713199968885, 38.60902500000609], [-77.56708400000828, 38.60895199997696], [-77.56667899995233, 38.60834100000337], [-77.56663600029462, 38.60827600034223], [-77.56662200005093, 38.6082559997867], [-77.56638900042242, 38.607905000079924], [-77.56628999978992, 38.60775400030182], [-77.56609800016928, 38.60746499973817], [-77.56542299977659, 38.606446999766476], [-77.56203699973909, 38.6013369998262], [-77.56199400008137, 38.60127299984299], [-77.56182400020207, 38.601017999749104], [-77.56181300033143, 38.60100000009642], [-77.56177599962318, 38.60094299987945], [-77.55941099958478, 38.59737399985915], [-77.55913899959822, 38.59696499995295], [-77.55881399990821, 38.596473999703065], [-77.55576900035257, 38.59187800004588], [-77.55547999974925, 38.591441999806655], [-77.5550739998684, 38.59082899990853], [-77.55421100005303, 38.58952700013047], [-77.55275999988363, 38.587338000294224], [-77.55205500025203, 38.586272999822164], [-77.55154600043899, 38.585504000178], [-77.54686400004279, 38.57843299974346], [-77.5466759997218, 38.57814899993506], [-77.54496099996176, 38.575559999653954], [-77.54430099963767, 38.57456399974851], [-77.54315300031527, 38.57283000024488], [-77.54287899978057, 38.57241699986458], [-77.53748500008007, 38.56426799996421], [-77.53699100033565, 38.56352299992897], [-77.53616199995717, 38.56226999981072], [-77.53596399959045, 38.56197099977353], [-77.53568900012915, 38.56155599968089], [-77.53548499991464, 38.561246999680456], [-77.53282199995041, 38.5572239998133], [-77.53132800012331, 38.55654999986581], [-77.52988899964946, 38.55762700010538], [-77.5281310002317, 38.55894200033788], [-77.52574100007894, 38.56073200023974], [-77.51741900010035, 38.566960000333225], [-77.51590199980869, 38.56809500033016], [-77.51464599963295, 38.569034999905185], [-77.51390099981838, 38.56959200003629], [-77.5076509999752, 38.574268999916676], [-77.50359200009315, 38.57730399965567], [-77.50300600028723, 38.577745000221384], [-77.50031099963763, 38.57975899992227], [-77.49959900033333, 38.580290999875075], [-77.49957199967083, 38.580310999796424], [-77.49953599968582, 38.58038200017456], [-77.49952499981518, 38.58041000002745], [-77.49950700027182, 38.58045499976814], [-77.49948600035542, 38.58052899998265], [-77.49947600030968, 38.58055999975571], [-77.49946100024107, 38.58060900007191], [-77.49943100010383, 38.58068000015546], [-77.49941600003524, 38.58070699990173], [-77.4993929995707, 38.580749000189186], [-77.49934700043826, 38.58081600017885], [-77.49928100031602, 38.58089599994838], [-77.49923699993509, 38.58094600002243], [-77.49910899988856, 38.58109100011056], [-77.49900400030658, 38.581211000325325], [-77.49890200019934, 38.58132699971036], [-77.49885899964332, 38.58137500022441], [-77.4988140003358, 38.58142599994543], [-77.49876199955892, 38.58147299971128], [-77.49870399983261, 38.58151600023217], [-77.49865299977898, 38.58154700028142], [-77.4985900000298, 38.581586000143155], [-77.49854300017414, 38.58161600018445], [-77.49848700009763, 38.58165000012248], [-77.4984419998918, 38.58168000013704], [-77.49837099974668, 38.58175299981578], [-77.4983449998074, 38.58179500019374], [-77.49832300006611, 38.58184700029329], [-77.49829200010396, 38.581894999757544], [-77.4982460000732, 38.5819350001059], [-77.49817300027827, 38.58197399975696], [-77.4981389999431, 38.58199299993936], [-77.4980979999352, 38.58203300023314], [-77.49807299982086, 38.582079000332726], [-77.49806600014814, 38.58211000013896], [-77.49805600010241, 38.58215200030814], [-77.49805100007954, 38.58221499981366], [-77.49805299972935, 38.582269000248665], [-77.49801699974434, 38.58234499993388], [-77.4979699998887, 38.58238500003161], [-77.49794300012451, 38.58242800000641], [-77.49793200025385, 38.582474999818835], [-77.49793399990368, 38.582541000340164], [-77.49792700023099, 38.58260600013461], [-77.49791299998728, 38.58267099987028], [-77.49789299989581, 38.582729999773875], [-77.49787000032958, 38.58278399982165], [-77.49783400034457, 38.58282700025983], [-77.49776999987213, 38.58283799982887], [-77.4977249996663, 38.582869000009715], [-77.49770799994788, 38.582937000087725], [-77.49769100022944, 38.58300400014289], [-77.49766600011507, 38.583057000026976], [-77.49762400028229, 38.58310300017292], [-77.49753200022079, 38.5831609997654], [-77.49746600009853, 38.58316400033628], [-77.49737999988481, 38.583166000248674], [-77.49733300002913, 38.583191999806814], [-77.49732899983117, 38.58325399984952], [-77.49732399980832, 38.583315999838696], [-77.49730100024209, 38.58337499991457], [-77.4972529996632, 38.58343499989444], [-77.49722500007411, 38.58346899967356], [-77.49717300019557, 38.58353200013041], [-77.49715599957882, 38.58355700030753], [-77.49711399974602, 38.58361800008526], [-77.49708100013407, 38.5836740000658], [-77.49704400032414, 38.58374000018746], [-77.49701800038487, 38.58379100033568], [-77.49701099981387, 38.583845000287894], [-77.49701599983673, 38.583906999766846], [-77.49701599983673, 38.583936000297584], [-77.49701699966165, 38.58398700030661], [-77.49700999998895, 38.58406799999869], [-77.49700999998895, 38.5841689998508], [-77.49700400014116, 38.58421699986975], [-77.49697499982885, 38.58426399991577], [-77.49696099958516, 38.58431199987128], [-77.49696399995818, 38.584357999915575], [-77.49696300013329, 38.58440599980821], [-77.49695499973737, 38.58445299973052], [-77.49693899984385, 38.5844910001831], [-77.49692299995031, 38.58452799997617], [-77.49690600023187, 38.584582000076416], [-77.49690600023187, 38.58463700007174], [-77.4969220001254, 38.584689000220095], [-77.4969289997981, 38.584734000088595], [-77.49692700014828, 38.58477999986252], [-77.4969289997981, 38.58482800017529], [-77.4969499997145, 38.58487299995663], [-77.49692700014828, 38.58491399998257], [-77.4968719998967, 38.584931000226184], [-77.49685299963011, 38.58497300015001], [-77.49687699991956, 38.585021000333775], [-77.49685500017824, 38.58507200027448], [-77.49681800036834, 38.58510599998073], [-77.49680300029972, 38.58515500000413], [-77.49681800036834, 38.58521300004592], [-77.49682500004103, 38.585264999777195], [-77.4968159998202, 38.58532299973015], [-77.49679099970585, 38.58536999975446], [-77.49677800018536, 38.5854200002247], [-77.49678200038332, 38.58546999995797], [-77.49683099988881, 38.585609999727986], [-77.49684400030762, 38.58566299979538], [-77.49682599986593, 38.585714999903], [-77.49677999983518, 38.58576099975075], [-77.49672499958359, 38.58580399981076], [-77.49670399966719, 38.5858270000609], [-77.4966619998344, 38.5858700000814], [-77.49665000013884, 38.58591699974775], [-77.49666400038254, 38.58600899985722], [-77.49671399971294, 38.586029000292804], [-77.49677200033759, 38.58603499979044], [-77.49677099961434, 38.58608200005101], [-77.49677200033759, 38.586132999940325], [-77.49679099970585, 38.586181999965135], [-77.49682000001815, 38.58622499977306], [-77.4967749998123, 38.58629099965676], [-77.49676099956861, 38.58636799991249], [-77.49677999983518, 38.586409999698056], [-77.49682800041407, 38.58643999983075], [-77.49685500017824, 38.58647999975411], [-77.49682900023899, 38.58652599981404], [-77.49676999978945, 38.586567000300505], [-77.4966829997508, 38.5866029998178], [-77.49660800030604, 38.58663399977778], [-77.49654499965854, 38.586656999762084], [-77.49648600010731, 38.58668599988446], [-77.49643099985572, 38.586719000324216], [-77.49638200035024, 38.586758000186016], [-77.49633799996931, 38.58679999974343], [-77.49630100015938, 38.586846000300504], [-77.49627500022012, 38.586899000157835], [-77.49626599999928, 38.58695700019541], [-77.49625299958049, 38.587041999657295], [-77.49620700044805, 38.58708800005935], [-77.49616499971694, 38.587121000314355], [-77.49612100023433, 38.58717399996871], [-77.49609199992202, 38.58723799988343], [-77.49608299970117, 38.58728500005873], [-77.49603699967042, 38.587318000223235], [-77.49597300009633, 38.587317000324845], [-77.49589500027852, 38.587306999936025], [-77.49584099985185, 38.58732099991824], [-77.49581999993546, 38.58737900031709], [-77.4958099998897, 38.58740599965144], [-77.49579900001906, 38.58745000002729], [-77.49574700014051, 38.58750499993254], [-77.49569400043707, 38.58752800034004], [-77.49561499989603, 38.58753399971244], [-77.49554600029906, 38.587558000005664], [-77.49551199996387, 38.58763700009502], [-77.49546299956008, 38.587705999764204], [-77.49541999990237, 38.58773600005764], [-77.4953730000467, 38.5878019999569], [-77.49531100012243, 38.58781800032758], [-77.49524300035037, 38.58782399967575], [-77.4951620001595, 38.58785200013805], [-77.49510799973282, 38.58792499986258], [-77.4950490001816, 38.58797900021702], [-77.49498800008223, 38.587989999699104], [-77.49492000031019, 38.58800299965932], [-77.49485099981487, 38.58806100020946], [-77.49483300027153, 38.58810899973345], [-77.49483200044664, 38.58816700019796], [-77.49484900016506, 38.58823000004411], [-77.4948659998835, 38.58830599974039], [-77.49488699979989, 38.58836900016676], [-77.4949010000436, 38.588424000070226], [-77.49487199973127, 38.5884890001572], [-77.49478999971551, 38.58854599973136], [-77.49475299990559, 38.58860399984289], [-77.49470000020214, 38.5886459997249], [-77.49464999997343, 38.5886849999444], [-77.49460899996555, 38.58872900023867], [-77.4945629999348, 38.58878700020237], [-77.49453000032283, 38.588840999908534], [-77.49444800030707, 38.58885500029385], [-77.49440300010123, 38.58881100007678], [-77.49433699997898, 38.58878999983602], [-77.49427800042777, 38.588782999988446], [-77.4942259996509, 38.58875400001087], [-77.49415200003106, 38.588717000288774], [-77.49406199961938, 38.58869699989971], [-77.49400999974083, 38.588661000027884], [-77.49396799990804, 38.58862500013805], [-77.49386999999875, 38.58861400005107], [-77.49379200018095, 38.588573999912114], [-77.49374799980002, 38.588531999987985], [-77.49365699956341, 38.58849500015148], [-77.49359299998932, 38.588494000269485], [-77.49352100001929, 38.588526999878354], [-77.49349000005715, 38.5885969999772], [-77.49352600004217, 38.58863100012092], [-77.49359499963914, 38.58864999994642], [-77.49361100043097, 38.588707000094935], [-77.49358600031661, 38.58872699977904], [-77.49355899965413, 38.5887489999167], [-77.49351199979847, 38.588781000232494], [-77.49352000019438, 38.58883699969762], [-77.49356700005005, 38.58887499993677], [-77.49360100038523, 38.588936000112255], [-77.49361999975349, 38.58900800026417], [-77.49362300012655, 38.58906900032665], [-77.49361999975349, 38.58912399969398], [-77.49360300003507, 38.58918700010479], [-77.4935219998442, 38.58920499991105], [-77.4934309996076, 38.58920900010146], [-77.49335899963758, 38.58923899976693], [-77.49328400019283, 38.58928099997967], [-77.49322599956821, 38.58928699990771], [-77.49311799961316, 38.589292999835315], [-77.49303999979536, 38.589303999818284], [-77.49296799982534, 38.58931499979951], [-77.49288300033484, 38.58933400014617], [-77.49276299978594, 38.58935899970771], [-77.49267099972441, 38.589367999940954], [-77.49257399964004, 38.589372999992015], [-77.49248800032464, 38.58941500012637], [-77.49240499958563, 38.58949799975121], [-77.4923660001259, 38.58955400006146], [-77.49232299956986, 38.5896129999273], [-77.49227099969133, 38.58967599990899], [-77.49222700020871, 38.58972700005435], [-77.49221700016297, 38.58979300022998], [-77.49227400006438, 38.589855000190724], [-77.49227700043743, 38.589919999684426], [-77.49225899999578, 38.58996499978553], [-77.49222999968346, 38.59000999985843], [-77.49214400036804, 38.59005099975985], [-77.49206300017718, 38.590064000049075], [-77.49203700023791, 38.59010700034096], [-77.49200600027578, 38.590185999732235], [-77.49198299981124, 38.59025600032012], [-77.4919510000242, 38.59035000019979], [-77.49191599986409, 38.590443000101516], [-77.49187999987907, 38.590524000234886], [-77.49184700026711, 38.59060299986951], [-77.49182100032786, 38.59064499998652], [-77.49175000018275, 38.59069100018676], [-77.49170599980181, 38.59071900023318], [-77.49158399960307, 38.59076600023639], [-77.49150900015832, 38.59079799965323], [-77.49144899988386, 38.59083799995751], [-77.49137699991383, 38.590879999936995], [-77.49131699963938, 38.59090799990971], [-77.49123999964648, 38.59093400017551], [-77.49117100004952, 38.59095800003441], [-77.49107700033818, 38.59098100003792], [-77.49101100021595, 38.590989000220624], [-77.49091400013157, 38.59099300031159], [-77.4908670002759, 38.59099000006784], [-77.49078699990994, 38.59098699982396], [-77.49059799976406, 38.590991999762274], [-77.49047300009059, 38.59099699970024], [-77.49038600005197, 38.590999999943705], [-77.49029999983826, 38.59100700027729], [-77.49020000027913, 38.591031000111784], [-77.49007700025548, 38.59105400009195], [-77.48992900011747, 38.591080000304885], [-77.48982899966005, 38.59109100001402], [-77.48970200033676, 38.591112000283935], [-77.4895430003281, 38.591130000309796], [-77.48943500037308, 38.591145000093825], [-77.48935900020508, 38.59115099986616], [-77.48929300008284, 38.59115599979305], [-77.4891979996483, 38.5911689998822], [-77.48911599963252, 38.591190000129295], [-77.4890579999062, 38.59122100021535], [-77.48898699976108, 38.591272999808616], [-77.4889380002556, 38.59132000015132], [-77.48891200031633, 38.5913409996521], [-77.4888539996917, 38.59139100017735], [-77.4887409997138, 38.59147799968836], [-77.48868299998747, 38.5915259997366], [-77.48862000023827, 38.59156999969409], [-77.48857300038263, 38.59159599972016], [-77.48851700030612, 38.59160100031821], [-77.48845600020675, 38.59158599992725], [-77.48839400028247, 38.5915909998239], [-77.48818599987001, 38.59167399974179], [-77.48809100033377, 38.591702999944275], [-77.48799099987635, 38.59172700024826], [-77.4878889997691, 38.59174500011989], [-77.48780199973045, 38.591762999987054], [-77.48772499973757, 38.591780000013465], [-77.48764799974468, 38.5917989997078], [-77.48757199957669, 38.59181899993492], [-77.4874810002384, 38.591844999870816], [-77.48738599980385, 38.59187800004588], [-77.48729399974233, 38.591916000079806], [-77.48724400041193, 38.59194000031259], [-77.4871869996122, 38.59196200016785], [-77.48712399986302, 38.59197100007479], [-77.48698300029604, 38.59196200016785], [-77.48691700017379, 38.59196200016785], [-77.48685199987646, 38.59196399983521], [-77.48672999967773, 38.59196100033417], [-77.4865940001336, 38.59193899977646], [-77.48646299971402, 38.591933000069986], [-77.48640599981263, 38.591926999660906], [-77.48638499989622, 38.59192499999252], [-77.48633499966752, 38.591909999669305], [-77.4863120001013, 38.5919039999604], [-77.48624500015414, 38.5918619998778], [-77.4861859997046, 38.59184400003546], [-77.48615200026774, 38.591865999920174], [-77.48614100039708, 38.59187300016927], [-77.48608899962024, 38.59190600033153], [-77.48602699969594, 38.59192599982669], [-77.48596999979453, 38.59193600027433], [-77.48590799987026, 38.59193799994242], [-77.48585299961867, 38.591913999708964], [-77.4858269996794, 38.59191100020583], [-77.48578099964865, 38.59190600033153], [-77.48574100036399, 38.59194500018454], [-77.48568699993731, 38.5919750001111], [-77.48565900034824, 38.59197699977805], [-77.48562400018812, 38.59197999998061], [-77.48549699996653, 38.59195199972383], [-77.48543699969206, 38.59196700003826], [-77.48542699964632, 38.59197599994458], [-77.4853680000951, 38.5920309998936], [-77.48528699990425, 38.592105000115936], [-77.48520999991136, 38.59216899984826], [-77.48513399974337, 38.5922469999495], [-77.48508900043583, 38.59227699974982], [-77.4850309998112, 38.5922830001297], [-77.48497300008489, 38.59227100007164], [-77.4849110001606, 38.59225000014074], [-77.48482999996975, 38.592189999802805], [-77.48480700040353, 38.592150000251834], [-77.48478300011408, 38.59210699977932], [-77.48475200015194, 38.592067000182105], [-77.48469600007544, 38.59201300009363], [-77.484643000372, 38.59197000024119], [-77.48458800012041, 38.591933000069986], [-77.48444900020324, 38.59184199966266], [-77.48440099962436, 38.59180900017313], [-77.484347000096, 38.591780000013465], [-77.48429000019458, 38.59175800010244], [-77.48422300024743, 38.59172700024826], [-77.48417700021668, 38.591689000114314], [-77.48415799995011, 38.591664999797615], [-77.48410400042175, 38.59159700026106], [-77.48401599965989, 38.59154699987922], [-77.48392899962124, 38.59151800031587], [-77.48388699978844, 38.591512999712045], [-77.48386199967409, 38.591510000192166], [-77.48380499977269, 38.59150399974768], [-77.48375299989415, 38.59148499997533], [-77.48375500044229, 38.591424999700216], [-77.48377899983342, 38.591399000314375], [-77.4837989999249, 38.5913770002866], [-77.48380700032082, 38.59131000032003], [-77.48377200016073, 38.59127500019733], [-77.48374000037367, 38.59124199974503], [-77.48369000014496, 38.591208000135566], [-77.48366400020568, 38.5911689998822], [-77.48364499993912, 38.59111300012949], [-77.48359899990835, 38.59105900002561], [-77.48354200000696, 38.59105000000433], [-77.48348699975537, 38.591064999805134], [-77.48343499987685, 38.59110999989069], [-77.48341499978534, 38.59115300025821], [-77.48336700010478, 38.59118199996899], [-77.48331000020336, 38.591199000132974], [-77.48322499981455, 38.591222999903344], [-77.48315600021758, 38.59122399974729], [-77.48308300042264, 38.591228999669106], [-77.48305599976014, 38.59126899973325], [-77.48305099973727, 38.59132400022384], [-77.48303800021681, 38.591399000314375], [-77.4830030000567, 38.59144699971328], [-77.48295500037611, 38.591488000198396], [-77.48283800020025, 38.59153399985852], [-77.48278100029884, 38.591559999897626], [-77.48272000019948, 38.59159499988133], [-77.48266099974994, 38.59162099989834], [-77.48258999960483, 38.59163600028193], [-77.48252699985564, 38.5916389997966], [-77.48246400010643, 38.591640000336895], [-77.48239700015928, 38.59165099996024], [-77.48235000030364, 38.59168400022453], [-77.48231699979334, 38.591737000021475], [-77.48227800033361, 38.59179200015359], [-77.48225400004415, 38.59181800009926], [-77.48223099957961, 38.59184300020014], [-77.48217799987619, 38.591890000169634], [-77.48213600004338, 38.59192099995342], [-77.48207599976892, 38.59194799968629], [-77.48198500043064, 38.59196399983521], [-77.48187199955441, 38.59196200016785], [-77.4818339999196, 38.59197000024119], [-77.48181100035337, 38.5919750001111], [-77.4817569999267, 38.59200099999043], [-77.48171500009389, 38.59203800012666], [-77.48168099975872, 38.59209899972124], [-77.48168599978159, 38.592151999913966], [-77.48172500013965, 38.59218199975398], [-77.48175600010178, 38.59220599989784], [-77.48178100021615, 38.59225199980007], [-77.48177600019326, 38.592301999690925], [-77.48173000016251, 38.59236400029355], [-77.48167499991092, 38.5924260001405], [-77.48161299998667, 38.59248399992623], [-77.48157000032893, 38.59251599998169], [-77.48151199970431, 38.592527999998744], [-77.48143899990939, 38.59251000032343], [-77.48139500042676, 38.59247999991834], [-77.48136500028954, 38.59243999982676], [-77.4813560000687, 38.592427999794936], [-77.48132599993149, 38.59238299983334], [-77.48127400005295, 38.592357000092285], [-77.48111599986919, 38.592451999856564], [-77.4810039997162, 38.59254099983951], [-77.4809540003858, 38.59257100021911], [-77.48091800040078, 38.59257500022199], [-77.48089199956321, 38.59257799969737], [-77.48082499961606, 38.59257699987228], [-77.48077600011057, 38.59254300019288], [-77.48075299964603, 38.59243000015146], [-77.48071599983611, 38.592385000191115], [-77.48065200026201, 38.592354999733736], [-77.48059799983534, 38.5923270003254], [-77.48055500017762, 38.592288999806875], [-77.4804820003827, 38.59218000009268], [-77.4804399996516, 38.59213499997565], [-77.48038600012323, 38.59210000025514], [-77.48024200018318, 38.59204100032661], [-77.48019699997735, 38.59200500002508], [-77.48016900038824, 38.59196499966889], [-77.4801230003575, 38.59192199978771], [-77.47996900037171, 38.591865000085114], [-77.47989999987642, 38.591865999920174], [-77.47983999960196, 38.591869999962285], [-77.47974800043878, 38.5918399999919], [-77.47966899989774, 38.591827000024196], [-77.47959000025503, 38.5918279998598], [-77.47952900015565, 38.591839000156476], [-77.4792999998268, 38.59187899988076], [-77.47924299992539, 38.59187800004588], [-77.4791950002448, 38.59185399979243], [-77.47913400014545, 38.5918279998598], [-77.47906999967303, 38.59181899993492], [-77.47899900042623, 38.5918279998598], [-77.47895900024325, 38.591832999739545], [-77.47892499990807, 38.59183699978354], [-77.4788489997401, 38.591831999904024], [-77.4786949997543, 38.59181000000893], [-77.4785049997835, 38.591797999871815], [-77.47843299981349, 38.59180100008185], [-77.47834300030011, 38.59181999977063], [-77.47833099970622, 38.59187599967404], [-77.47833900010214, 38.591926999660906], [-77.47828100037583, 38.59196100033417], [-77.47822000027647, 38.59194000031259], [-77.47818400029145, 38.59190600033153], [-77.47813900008562, 38.591872000334355], [-77.47808499965893, 38.59185600016489], [-77.47801900043501, 38.591858999670364], [-77.47795300031277, 38.5918399999919], [-77.47788899984036, 38.591827000024196], [-77.47778500008327, 38.59184800007884], [-77.47773900005252, 38.591874999839106], [-77.47769200019687, 38.59190899983486], [-77.47764000031833, 38.59193200023591], [-77.47756999999812, 38.59195899996458], [-77.47752599961719, 38.59198599968311], [-77.4774770001117, 38.59206099978418], [-77.47754499988378, 38.59212500025781], [-77.47752800016534, 38.59219899968117], [-77.477462999868, 38.59222399964938], [-77.47739500009592, 38.59223499988543], [-77.47729800001157, 38.592201999874405], [-77.47719699972923, 38.592197000020356], [-77.47715300024662, 38.59220900009078], [-77.4770960003452, 38.59222500018158], [-77.47701400032943, 38.59225499999109], [-77.47692899994061, 38.592275000091185], [-77.47684699992486, 38.59228600031942], [-77.47679000002346, 38.59228099976908], [-77.47672700027427, 38.59224399975815], [-77.47666500034997, 38.592150000251834], [-77.47663400038783, 38.59209300002813], [-77.47655900004476, 38.592042000159175], [-77.47644500024195, 38.59202500019481], [-77.47634399995961, 38.59202100016134], [-77.47627600018755, 38.592016000294635], [-77.47622000011104, 38.59201300009363], [-77.47615800018677, 38.59200500002508], [-77.47614499976798, 38.59199900032411], [-77.47611999965363, 38.59198599968311], [-77.47609500043758, 38.59197400027755], [-77.476076000171, 38.59196399983521], [-77.47605000023172, 38.59190200029137], [-77.4760259999423, 38.591844999870816], [-77.47601099987368, 38.59179700003585], [-77.47601400024674, 38.59174400028319], [-77.4759980003532, 38.59169800005547], [-77.47596099964497, 38.59166600033761], [-77.47587600015447, 38.59162099989834], [-77.47581400023019, 38.59160799989103], [-77.47572600036663, 38.59160600021376], [-77.4756469998256, 38.59160100031821], [-77.47554100041872, 38.59156300011756], [-77.47550399971048, 38.59150699997001], [-77.47549000036508, 38.591464999655116], [-77.47540300032645, 38.591402999680405], [-77.47535399992265, 38.591383999881266], [-77.47524599996761, 38.591356999936295], [-77.47518599969315, 38.59134799995243], [-77.47511200007332, 38.5913049997017], [-77.47504799960089, 38.59125700020786], [-77.47501099979098, 38.59121700013702], [-77.47500499994318, 38.59119800028867], [-77.47498700039985, 38.59115099986616], [-77.47501300033912, 38.591082999842726], [-77.47503500008041, 38.591041999828484], [-77.47503699973024, 38.59099800024955], [-77.47502099983672, 38.590956000339034], [-77.47491999955439, 38.59081599975783], [-77.47477300013959, 38.590711000020434], [-77.4747249995607, 38.59068100026785], [-77.474681999903, 38.59064599983852], [-77.47464500009309, 38.590606999982036], [-77.474609999933, 38.59056399998966], [-77.47455600040463, 38.59052099997154], [-77.47449100010728, 38.59048899972902], [-77.47442699963487, 38.59047100024466], [-77.4743649997106, 38.59046799997909], [-77.47430399961124, 38.590478999781986], [-77.47424400023509, 38.59048700002063], [-77.47417599956472, 38.59047299995355], [-77.47413100025717, 38.590445999665974], [-77.47399700036289, 38.590366000002724], [-77.4739210001949, 38.59029399980822], [-77.47389899955527, 38.59025100033055], [-77.47383499998116, 38.590135999772066], [-77.47379300014838, 38.59010099977922], [-77.47373399969884, 38.590085999777074], [-77.47350799974303, 38.59012400005731], [-77.47345599986448, 38.590149000045905], [-77.473443000344, 38.59019200028681], [-77.4734709999331, 38.590269999727354], [-77.47344400016893, 38.59031200003917], [-77.47319599957349, 38.59030899976695], [-77.47314100022022, 38.5902960002242], [-77.47308000012086, 38.590257000177594], [-77.4729710003409, 38.59025800003499], [-77.47291199989137, 38.590248999913314], [-77.47286300038586, 38.5902149998336], [-77.4728650000357, 38.590165999752365], [-77.47288400030226, 38.59011599977822], [-77.47285699963977, 38.590064999909224], [-77.47281399998207, 38.590018000149286], [-77.47275799990557, 38.58998099967427], [-77.47270500020213, 38.58995300004219], [-77.47266599984405, 38.58992100024869], [-77.47263300023211, 38.58988500028845], [-77.47260200026996, 38.58983900027392], [-77.47255399969107, 38.58980900015704], [-77.47241899997186, 38.58979800025144], [-77.47236399972027, 38.58976999984585], [-77.47225699959014, 38.58965400005542], [-77.4722030000618, 38.58962399986119], [-77.47205099972582, 38.58960199999167], [-77.4718850000445, 38.58956500000439], [-77.47183099961781, 38.58954900002301], [-77.47177999956418, 38.58952799999809], [-77.47173299970852, 38.58950100005732], [-77.47168400020301, 38.589474000106435], [-77.47161200023301, 38.58946200028104], [-77.47139299994988, 38.58949799975121], [-77.47132400035291, 38.58951200000841], [-77.47125300020781, 38.58949299970885], [-77.47121800004768, 38.58945700023612], [-77.47121999969752, 38.589403000291135], [-77.47127300029929, 38.58930999974441], [-77.47127300029929, 38.58925900000502], [-77.47123200029141, 38.58914100034525], [-77.47122100042074, 38.58908399983915], [-77.47121800004768, 38.58902500024079], [-77.4712170002228, 38.58891300015577], [-77.47118999956031, 38.588841999785714], [-77.47115500029851, 38.58877399968193], [-77.47112199978824, 38.58870399975566], [-77.47104499979535, 38.588608999947155], [-77.47096699997753, 38.58853399975088], [-77.47095199990892, 38.5884909999213], [-77.47100899981034, 38.58843000006994], [-77.47102200022913, 38.58837699993828], [-77.47100799998543, 38.58812099978496], [-77.47099100026699, 38.58798799992106], [-77.47097700002328, 38.58793000001413], [-77.47094500023624, 38.5878770002156], [-77.470915000099, 38.58782899983433], [-77.47093500019048, 38.5877790003393], [-77.47106499988682, 38.58769700002482], [-77.47112000013841, 38.587671999884606], [-77.47116299979612, 38.587635000307145], [-77.47119200010845, 38.58759100004466], [-77.47120399980399, 38.58754099968177], [-77.47115600012343, 38.5873439996825], [-77.47109699967388, 38.58710900009572], [-77.47108199960526, 38.587022000206], [-77.47104999981822, 38.58695199997611], [-77.47101100035846, 38.58691900034558], [-77.47095600010688, 38.586885999997754], [-77.47092400031984, 38.58684800011036], [-77.4709009998553, 38.58679799993224], [-77.47086300022046, 38.58674900032781], [-77.47081299999175, 38.58671400008833], [-77.47056199992157, 38.586564999780684], [-77.47050199964713, 38.58652100026688], [-77.47037199995079, 38.58640799987601], [-77.47031699969921, 38.58637200026095], [-77.47025700032307, 38.586340000275904], [-77.47016000023868, 38.58628700000598], [-77.47011500003283, 38.586251000330265], [-77.47011599985775, 38.58620199965034], [-77.47016500026155, 38.586164000103224], [-77.47026300017085, 38.58613800021666], [-77.47031699969921, 38.58612300008882], [-77.47033299959271, 38.58607400002374], [-77.47033299959271, 38.58601099969034], [-77.47032599992004, 38.58594999983876], [-77.4703100000265, 38.58588999985355], [-77.47028699956196, 38.585830999737304], [-77.47024100042952, 38.58573499971832], [-77.47020100024655, 38.585698999765874], [-77.47015000019294, 38.58567400033444], [-77.47003200019216, 38.58564399988172], [-77.46997000026788, 38.585615999962776], [-77.46992900026001, 38.585570999944835], [-77.46986300013775, 38.58550200033072], [-77.46948499984597, 38.585421000149516], [-77.46942700011967, 38.585413999973525], [-77.46936900039334, 38.585421000149516], [-77.46931599979158, 38.58544100004671], [-77.46925999971509, 38.585470999882034], [-77.46919399959285, 38.58547800005247], [-77.46913000001875, 38.585460999938334], [-77.46908599963783, 38.58543200002344], [-77.46903399975928, 38.58538500003966], [-77.46900000032241, 38.585344000282674], [-77.46894900026878, 38.58530000002074], [-77.46888499979634, 38.58526700033324], [-77.46881000035161, 38.585250000169154], [-77.46874400022936, 38.585246999685424], [-77.46867800010712, 38.585251000096285], [-77.46861299980979, 38.58526100006928], [-77.46856099993126, 38.58527800023075], [-77.46849999983189, 38.58531600024676], [-77.46845399980114, 38.585364000201324], [-77.46839600007483, 38.58544100004671], [-77.4683459998461, 38.585460999938334], [-77.46829499979249, 38.58544299989569], [-77.468274999701, 38.58539200021847], [-77.46826300000544, 38.58532299973015], [-77.46822100017263, 38.58528199993773], [-77.46817699979171, 38.58525399987769], [-77.46813599978381, 38.585210000262805], [-77.46812200043843, 38.585155999932574], [-77.46812900011113, 38.5851030001932], [-77.46823100021838, 38.584961000274625], [-77.46833599980036, 38.58485900019934], [-77.46843500043288, 38.584768999888716], [-77.46852699959608, 38.58468700035013], [-77.46858900041867, 38.58465199980782], [-77.46864799996989, 38.5846240002043], [-77.4686839999549, 38.584578000330445], [-77.46869900002352, 38.58451999977578], [-77.46870999989417, 38.58446000000019], [-77.4687109997191, 38.584399000235486], [-77.46870900006925, 38.58433899965659], [-77.46870099967335, 38.58428799989753], [-77.46867499973409, 38.58424099986723], [-77.4686339997262, 38.584201000101075], [-77.46857299962683, 38.58416600002412], [-77.46852800031931, 38.58412500027334], [-77.46851099970254, 38.58407299971658], [-77.4685130002507, 38.5839819998805], [-77.46851800027355, 38.58393299975895], [-77.46851400007559, 38.583884000306185], [-77.46847800009058, 38.583803999651686], [-77.46842799986187, 38.58378100015799], [-77.46825799998255, 38.58376199974639], [-77.46817900033984, 38.5837439999801], [-77.46810300017187, 38.58371899986808], [-77.46803000037693, 38.583689000003034], [-77.46774400014667, 38.58356200006106], [-77.46768100039746, 38.58352499977028], [-77.46762199994792, 38.58348199975007], [-77.4675709998943, 38.58343599984689], [-77.46753400008437, 38.58339700028753], [-77.46735800035728, 38.583219000013194], [-77.46726299992274, 38.58310700000104], [-77.4671559997926, 38.58298300031053], [-77.46704700001266, 38.582839999750334], [-77.46700900037783, 38.582790000292626], [-77.46697800041566, 38.58273800017362], [-77.46695400012624, 38.58268300012833], [-77.4669380002327, 38.58262600011355], [-77.46693099966171, 38.58256800008907], [-77.46693099966171, 38.58250100032933], [-77.46693900005764, 38.582441000271366], [-77.46695599977606, 38.58238300009747], [-77.46697800041566, 38.58232999971599], [-77.46703699996691, 38.58218300008287], [-77.46708999967036, 38.58202799967092], [-77.46710200026423, 38.5819749997297], [-77.46710599956388, 38.581920999775825], [-77.46710200026423, 38.581866999781404], [-77.46708600037071, 38.581813999721305], [-77.46705399968535, 38.5817720000567], [-77.46699699978393, 38.5817430000566], [-77.46693300020983, 38.581745999984484], [-77.46683799977528, 38.581756999719076], [-77.46679599994249, 38.581745999984484], [-77.46678000004897, 38.58174200008057], [-77.46675400010969, 38.581690999881744], [-77.46674900008684, 38.5816820000907], [-77.46674300023903, 38.58163499975938], [-77.46674499988886, 38.581589000077656], [-77.46675599975953, 38.58153599981242], [-77.46675699958443, 38.581490000067284], [-77.46674999991173, 38.58144400029269], [-77.46673599966803, 38.581399999747944], [-77.46670700025405, 38.581346000063995], [-77.46666799989596, 38.58131100000007], [-77.46661699984234, 38.5812859997433], [-77.46655900011602, 38.581273999954085], [-77.46637800036605, 38.581271999989006], [-77.4661759998014, 38.581273999954085], [-77.46609700015865, 38.58126600009346], [-77.4660229996405, 38.58124399976993], [-77.46596300026437, 38.581214000275494], [-77.46590700018787, 38.58118500005002], [-77.46585699995916, 38.581149999907645], [-77.46581199975331, 38.58111099980915], [-77.46572899991264, 38.5810420001232], [-77.4656410000491, 38.58098500021052], [-77.4655499998125, 38.58091899966376], [-77.46549700010904, 38.580880000142024], [-77.46547000034487, 38.5808280000446], [-77.46546699997182, 38.5807470002095], [-77.46544900042846, 38.58061300003887], [-77.46546799979672, 38.58056799969497], [-77.46550200013192, 38.58052899998265], [-77.46553100044423, 38.58048700026885], [-77.46551399982748, 38.580433999892655], [-77.46545299972811, 38.58040000008123], [-77.4653809997581, 38.58038100017964], [-77.46526600013036, 38.58035100032473], [-77.46521000005386, 38.580318999763435], [-77.46517700044191, 38.5802709999481], [-77.46515999982516, 38.580215000123054], [-77.4651270002132, 38.580106000338354], [-77.46511899981726, 38.58003999968611], [-77.46510200009884, 38.57997399967542], [-77.4650789996343, 38.5799100003094], [-77.46505299969503, 38.579861000218564], [-77.46502400028103, 38.5798220001224], [-77.46496800020452, 38.57976999996118], [-77.46492399982358, 38.57974099985497], [-77.46485199985358, 38.579700999689216], [-77.46481500004364, 38.57966300021336], [-77.46480800037097, 38.57961599996527], [-77.46480199962485, 38.57954100020795], [-77.46477999988355, 38.57948799983594], [-77.46474200024872, 38.579441000175606], [-77.46470200006574, 38.579398999825536], [-77.46467899960122, 38.579351000097695], [-77.46467399957834, 38.57930000030779], [-77.46467699995138, 38.57921200007564], [-77.46464900036229, 38.57914900004279], [-77.46461400020219, 38.579088999993495], [-77.46453999968404, 38.57895400022615], [-77.46448299978265, 38.578896000045255], [-77.46442000003344, 38.57884299989957], [-77.46437800020065, 38.57881200008777], [-77.46424599995616, 38.578729000049954], [-77.46419300025273, 38.578706000335565], [-77.46413800000114, 38.57868800000437], [-77.46407899955159, 38.578675999781034], [-77.46401900017545, 38.578669999668676], [-77.46395300005321, 38.57868199989296], [-77.46394399983237, 38.57868800000437], [-77.46390500037263, 38.57871099972453], [-77.46383699970225, 38.578740000246604], [-77.4637610004326, 38.57875599982741], [-77.46347799967707, 38.578786000348515], [-77.46335600037665, 38.578804999969805], [-77.46330100012504, 38.57882000022168], [-77.46325300044448, 38.57884799998127], [-77.46321800028437, 38.578884999872486], [-77.46312799987268, 38.57906100032791], [-77.46309699991055, 38.579119999685794], [-77.46305000005489, 38.57917200031754], [-77.4629460002978, 38.57923500033028], [-77.46289100004621, 38.57924299971486], [-77.46283499996973, 38.579237999660705], [-77.4627760004185, 38.579214000098084], [-77.46271600014404, 38.57916900028214], [-77.46267000011329, 38.579115000325295], [-77.46261900005968, 38.57908099988955], [-77.46255299993742, 38.579073999797785], [-77.46241999986803, 38.57914800003065], [-77.4623539997458, 38.579217000131656], [-77.46228699979865, 38.57928500015615], [-77.46223699956992, 38.5793169997736], [-77.46217700019379, 38.579337999975685], [-77.46211299972137, 38.57934500004166], [-77.4619379998192, 38.57933999999461], [-77.4618619996512, 38.57935200010696], [-77.46177799998561, 38.57938499970342], [-77.46170400036577, 38.57942900007807], [-77.46164200044149, 38.579446000215626], [-77.46153199993832, 38.57940799990266], [-77.46148900028062, 38.57936400021735], [-77.46146199961811, 38.57931399974421], [-77.46143700040207, 38.57917100030578], [-77.46141999978532, 38.579123999735735], [-77.4613760003027, 38.579088999993495], [-77.46125199955583, 38.57906599969217], [-77.46117499956294, 38.57905600026109], [-77.46109799957006, 38.57905100019387], [-77.4609679998737, 38.579059000301214], [-77.46090599994943, 38.579068999731874], [-77.46084099965209, 38.57907099975829], [-77.46082899995653, 38.57907199977145], [-77.46070699975779, 38.57907299978466], [-77.46064099963556, 38.57908599995463], [-77.46055000029727, 38.579123999735735], [-77.46046200043374, 38.57916900028214], [-77.46041399985484, 38.579201999962685], [-77.46036500034934, 38.57927500005329], [-77.46034699990769, 38.57932499985132], [-77.4603050000749, 38.57936400021735], [-77.46025099964824, 38.57939199976482], [-77.46019000044717, 38.57940799990266], [-77.46012599997475, 38.579408999911124], [-77.4600099996238, 38.57938499970342], [-77.45995000024766, 38.57936900026273], [-77.45988800032337, 38.57937899965023], [-77.45983700026976, 38.57941399995337], [-77.45978899969086, 38.579446000215626], [-77.45972599994167, 38.57945700030247], [-77.45963800007813, 38.57944200018362], [-77.45954000016884, 38.57947799976135], [-77.45947300022168, 38.5794789997689], [-77.45940299990149, 38.57946200034143], [-77.45934900037312, 38.57944000016753], [-77.45928800027376, 38.579431000094466], [-77.4592270001744, 38.57943600013524], [-77.45916100005213, 38.57945900031808], [-77.45911500002138, 38.579486999828575], [-77.45908200040944, 38.57952500009974], [-77.45906300014286, 38.57958199976663], [-77.45904200022646, 38.57963600007458], [-77.45900399969331, 38.57968400031428], [-77.45896400040866, 38.57971599975398], [-77.45891900020281, 38.57975899992227], [-77.45890300030928, 38.5798270001359], [-77.45889999993624, 38.57990500030162], [-77.45888499986764, 38.57995699966283], [-77.45885300008057, 38.58000499968795], [-77.45880700004983, 38.58004499968443], [-77.45874599995045, 38.580075999666384], [-77.45869099969886, 38.58009700034875], [-77.45863200014763, 38.580104000340754], [-77.45857199987317, 38.58009700034875], [-77.4584749997888, 38.58004899968285], [-77.45841600023756, 38.58003199968803], [-77.45835299959006, 38.580028999688544], [-77.45829099966579, 38.58003999968611], [-77.4582289997415, 38.580061999676175], [-77.45818799973362, 38.580101000344285], [-77.45819000028176, 38.58017100022991], [-77.45818199988585, 38.580215000123054], [-77.45813300038034, 38.580238000056504], [-77.45803000044818, 38.58025200001239], [-77.45772099975338, 38.58029199987125], [-77.45765399980623, 38.580287999886366], [-77.45760699995058, 38.580250000018864], [-77.45756400029285, 38.580165000242374], [-77.45750499984331, 38.58014400028209], [-77.45744399974394, 38.580161000250406], [-77.45737900034494, 38.580201000159995], [-77.45726700019195, 38.58025999998592], [-77.45721799978814, 38.58025699999596], [-77.45701399957363, 38.58027499993394], [-77.45683000034893, 38.580289999878836], [-77.45674800033318, 38.580340999668046], [-77.45668999970854, 38.58038500015931], [-77.45662100011157, 38.58041799998342], [-77.45649200024013, 38.58040200007058], [-77.45641100004929, 38.58039900008655], [-77.45633099968335, 38.58041100002202], [-77.45627499960685, 38.58043899986359], [-77.4562140004058, 38.58049200023605], [-77.45609499968178, 38.580560999748144], [-77.45605299984899, 38.58059100021758], [-77.45602299971176, 38.58064099980175], [-77.45603100010769, 38.58068400011847], [-77.4560670000927, 38.58071799979546], [-77.4561220003443, 38.58073199965779], [-77.45616500000199, 38.58076899998301], [-77.45614300026068, 38.58081600017885], [-77.45607100029066, 38.580881000130056], [-77.45597300038136, 38.580981000264224], [-77.45591800012978, 38.58101799975891], [-77.45585299983246, 38.581021999703154], [-77.4557790002126, 38.581010999855984], [-77.45570999971733, 38.58098700018359], [-77.45565799983879, 38.580953999918705], [-77.45561000015822, 38.580923000315714], [-77.4555530002568, 38.58090499983787], [-77.45548899978438, 38.58091099976359], [-77.45544699995158, 38.58094100008683], [-77.45543199988298, 38.58098400022394], [-77.45543000023315, 38.58103800018007], [-77.45538699967713, 38.581078000303485], [-77.45531999972998, 38.58108400021475], [-77.45510800001787, 38.581045000080415], [-77.4548839997119, 38.581037000194286], [-77.45481099991694, 38.58103200026502], [-77.45474200031998, 38.581013999814445], [-77.45468000039571, 38.58098200025084], [-77.45463099999189, 38.58094000009964], [-77.45457400009049, 38.580896999936144], [-77.4545249996867, 38.58085199977012], [-77.45449200007472, 38.58079799967415], [-77.4544750003563, 38.5807400002801], [-77.45447100015834, 38.58068300012775], [-77.45442900032555, 38.58063999981039], [-77.45436200037838, 38.58062999989619], [-77.45427799981447, 38.58061799999736], [-77.45407600014812, 38.58060100013721], [-77.45385400039028, 38.58058100029661], [-77.45375700030588, 38.580577000327814], [-77.45366100004642, 38.58056699970258], [-77.45358499987844, 38.58055199981555], [-77.45352899980195, 38.58054799984514], [-77.4534690004258, 38.58056299973301], [-77.45341199962607, 38.58057500034333], [-77.4533489998769, 38.580570999671934], [-77.4532729997089, 38.580569999679646], [-77.45319999991396, 38.58058200028875], [-77.45295499969158, 38.58064999972319], [-77.45289799979017, 38.5806610003279], [-77.45283699969082, 38.58065799965244], [-77.4527799997894, 38.58064199979306], [-77.45272999956069, 38.580618999988985], [-77.45266099996373, 38.58061000006366], [-77.45256499970425, 38.58064199979306], [-77.45242499996218, 38.58074200025999], [-77.4523649996877, 38.580751000168824], [-77.45230399958834, 38.58074500022974], [-77.45224699968692, 38.58072499972699], [-77.45218700031079, 38.58070599991134], [-77.45213700008208, 38.58073900029016], [-77.45214999960257, 38.58078899977126], [-77.45218300011283, 38.58083199999941], [-77.45220099965617, 38.580879000154034], [-77.45217200024217, 38.580922000328314], [-77.45210299974688, 38.58094000009964], [-77.45204400019564, 38.58097299966875], [-77.45200999986046, 38.581022999689196], [-77.4519689998526, 38.581061999835484], [-77.45187599996616, 38.581108999839536], [-77.45178800010261, 38.58112600028169], [-77.45172000033055, 38.58113900008008], [-77.45164099978953, 38.58114100004885], [-77.45152399961366, 38.58111899968704], [-77.45146500006243, 38.581103999915285], [-77.45140800016101, 38.581089000140395], [-77.45134899971147, 38.58107399966012], [-77.45128400031247, 38.5810599998645], [-77.45122200038819, 38.581037000194286], [-77.45114299984716, 38.58098700018359], [-77.45106699967917, 38.580961999814036], [-77.45098100036377, 38.58096699974822], [-77.45088400027937, 38.58100199997978], [-77.45083400005066, 38.58102800032133], [-77.45075600023286, 38.581062999820915], [-77.4506459997297, 38.58111399976349], [-77.4504070002534, 38.5811810001149], [-77.45033699993321, 38.58119599987058], [-77.45026300031336, 38.58119799983778], [-77.45018999962012, 38.58118500005002], [-77.45012100002315, 38.581156999797074], [-77.45006699959647, 38.58112200034324], [-77.44985599970927, 38.580928000252605], [-77.44978200008941, 38.58090399985023], [-77.44970199972347, 38.58089299998493], [-77.44962100043095, 38.580896999936144], [-77.44954299971482, 38.58091499971378], [-77.44933000017781, 38.58100699991113], [-77.44923300009343, 38.58105499993679], [-77.44915100007766, 38.58113600012683], [-77.44896899960447, 38.58122700005794], [-77.4489140002512, 38.5812520003352], [-77.44885499980165, 38.581271000006424], [-77.44879299987738, 38.58128399977856], [-77.44872000008245, 38.58126900004126], [-77.44865200031037, 38.581238999855024], [-77.44859399968576, 38.58119899982133], [-77.44848200043106, 38.58109300008067], [-77.44843300002725, 38.58105899987896], [-77.44833599994288, 38.58108000027396], [-77.44831000000362, 38.58112800025083], [-77.44826700034592, 38.581164999669795], [-77.44819899967554, 38.581180000131056], [-77.4481390002994, 38.58117000029205], [-77.44808499987272, 38.58114699995485], [-77.44804200021501, 38.581111999793954], [-77.4479359999098, 38.581060999849974], [-77.4478930002521, 38.58102600034942], [-77.44787099961248, 38.580978000304384], [-77.44786099956674, 38.58092900023992], [-77.44781500043429, 38.58089299998493], [-77.44775000013696, 38.58089299998493], [-77.44756600001395, 38.58093000022721], [-77.44750400008967, 38.580928000252605], [-77.44744399981522, 38.580912999738715], [-77.44740600018038, 38.580879000154034], [-77.4473869999138, 38.58083199999941], [-77.44738500026398, 38.58078299983534], [-77.44740100015751, 38.580735000330165], [-77.44742600027186, 38.580694000025154], [-77.44746800010466, 38.58065599967021], [-77.44752199963303, 38.58062899990472], [-77.44757900043273, 38.58061000006366], [-77.44760600019693, 38.58056799969497], [-77.44758600010543, 38.58052500001101], [-77.44755299959516, 38.580470999669174], [-77.44748200034837, 38.58035900028723], [-77.4473440002561, 38.5802000001625], [-77.44724799999663, 38.580146000278575], [-77.44717900039966, 38.580146000278575], [-77.44704100030741, 38.58012200031714], [-77.44701700001795, 38.58007799966471], [-77.44704299995722, 38.58002999968837], [-77.44714500006447, 38.57995699966283], [-77.44714199969142, 38.57991100031087], [-77.44708800016305, 38.57989500028514], [-77.44698100003293, 38.57990400030006], [-77.44691699956053, 38.57989100027814], [-77.4468799997506, 38.579816000105716], [-77.446908000238, 38.579692000351116], [-77.44689700036734, 38.57964600012718], [-77.44686899987995, 38.57960499990277], [-77.44675099987917, 38.57954900026073], [-77.44669700035081, 38.57952600010665], [-77.44665399979478, 38.57949199986539], [-77.44662399965758, 38.57943700014332], [-77.44661500033504, 38.579401999851385], [-77.44662100018283, 38.57935500013476], [-77.44664999959683, 38.57925599985406], [-77.44668999977979, 38.5790920000323], [-77.44673300033583, 38.57899000004848], [-77.44677500016861, 38.57890700021634], [-77.44683999956764, 38.57879499980017], [-77.4468449995905, 38.5787459996509], [-77.44683299989494, 38.57869800018895], [-77.44679000023723, 38.578641999839704], [-77.44672199956685, 38.5785560002467], [-77.44665100032006, 38.5784729999131], [-77.4466399995511, 38.57842899965504], [-77.44667399988629, 38.578394000276475], [-77.44678799968908, 38.57835800015538], [-77.44681700000142, 38.578317999921744], [-77.44681700000142, 38.57826900014935], [-77.44678000019148, 38.578188000237404], [-77.44673099978769, 38.57815300003908], [-77.446647999947, 38.578118999850176], [-77.44655000003772, 38.57808500034746], [-77.44650400000697, 38.57805700029045], [-77.44647999971752, 38.57799399994677], [-77.4464920003114, 38.57793400033727], [-77.44650999985474, 38.57779399964891], [-77.44651999990049, 38.57771599999982], [-77.44655500006057, 38.57767600011089], [-77.44663299987839, 38.57764799989444], [-77.44664999959683, 38.577585999928225], [-77.44663700007635, 38.57753799969105], [-77.4466270000306, 38.577422999840955], [-77.44664200009923, 38.577370000012905], [-77.44667300006137, 38.57727900011101], [-77.44663299987839, 38.577215999787256], [-77.44656099990839, 38.577182999896586], [-77.44649099958818, 38.57715700026997], [-77.4464139995953, 38.57711700006976], [-77.44635500004405, 38.5770840001336], [-77.44622399962448, 38.57701600013223], [-77.44611400001963, 38.57695599970583], [-77.44600500023968, 38.57688600019837], [-77.44594099976726, 38.57683700015141], [-77.44586299994945, 38.57678599998109], [-77.44578099993369, 38.57674000000294], [-77.44569399989506, 38.57669900022658], [-77.4455559998028, 38.57661699990136], [-77.44550800012222, 38.576567999670964], [-77.44547999963481, 38.57651900010937], [-77.44547499961193, 38.57646999981207], [-77.44548800003074, 38.57642200023373], [-77.44552099964268, 38.57633500003838], [-77.44550999977206, 38.57629199992712], [-77.44548499965768, 38.576246999685175], [-77.44536400018218, 38.5761380001995], [-77.44522400044009, 38.57604199986473], [-77.44516499999054, 38.576001999745934], [-77.4451199997847, 38.57595299979826], [-77.44508999964748, 38.57589600006073], [-77.44506999955598, 38.57585200033101], [-77.44503100009624, 38.57580400033968], [-77.44497699966958, 38.5757660002068], [-77.44486700006472, 38.575730000173216], [-77.44478300039911, 38.57569799966006], [-77.44469800001032, 38.575659000112694], [-77.44461699981946, 38.575614000176465], [-77.44454099965147, 38.57556399990215], [-77.44434200035815, 38.57543200002196], [-77.44427799988576, 38.57540000007837], [-77.4442260000072, 38.57535700010972], [-77.44418900019728, 38.57530500022756], [-77.44412899992284, 38.57523699994673], [-77.44406899964837, 38.57521800008399], [-77.44400400024935, 38.57522399978246], [-77.44394999982269, 38.57524799997591], [-77.44388299987553, 38.57524900004229], [-77.44383099999699, 38.57521499988339], [-77.44377099972253, 38.57518800017956], [-77.44371399982114, 38.57517199980401], [-77.44362299958453, 38.575220000217634], [-77.443578000277, 38.575253000307804], [-77.4435299996981, 38.575274000293426], [-77.44342400029123, 38.57525499973816], [-77.44335399997101, 38.57521100031808], [-77.44328799984879, 38.57517399993894], [-77.44320699965793, 38.575129999766986], [-77.4431199996193, 38.57511600021738], [-77.44296200033385, 38.57508799970535], [-77.44277700038593, 38.57504600032152], [-77.44265199981415, 38.57502600033873], [-77.44250700004919, 38.575006000350385], [-77.44244299957677, 38.574961000005096], [-77.44239999991908, 38.57488099994593], [-77.44235899991118, 38.57483899973872], [-77.44227900044356, 38.57479700020932], [-77.44220599975031, 38.574775000011236], [-77.44214600037418, 38.57476399990963], [-77.44202500000036, 38.574783999965355], [-77.44196100042625, 38.57480999974856], [-77.44189500030402, 38.57480999974856], [-77.44183000000668, 38.57478700018396], [-77.44176899990732, 38.57472700000257], [-77.4417460003411, 38.57467599973878], [-77.44173499957212, 38.574618000317464], [-77.44173600029535, 38.57455200024084], [-77.44181599976297, 38.5745359997237], [-77.44188500025825, 38.574480000343534], [-77.44186199979372, 38.57440600021777], [-77.44177700030323, 38.57435300027068], [-77.4417050003332, 38.57434500034152], [-77.44165099990653, 38.574368000047684], [-77.44146799960843, 38.5744430002902], [-77.4413959996384, 38.574440000057244], [-77.44130799977485, 38.57441500021818], [-77.4412409998277, 38.5743800002884], [-77.44120900004064, 38.574355999804965], [-77.44117899990343, 38.57433300009496], [-77.4411479999413, 38.57429399980655], [-77.44108600001701, 38.57421800003006], [-77.44102800029069, 38.574184000085516], [-77.44094000042715, 38.57415399974928], [-77.4408600000612, 38.57413099997465], [-77.44080900000756, 38.57411199981939], [-77.44070900044846, 38.57404599998021], [-77.44071600012116, 38.57398599988226], [-77.44074600025837, 38.57388699992714], [-77.44071600012116, 38.57384200028554], [-77.44065500002179, 38.57382199996755], [-77.44056499961009, 38.573796999913434], [-77.44050600005887, 38.57378400019083], [-77.44042499986801, 38.57374200004458], [-77.44035299989798, 38.57368499995735], [-77.44026300038462, 38.573610000328124], [-77.44017899982072, 38.57354199984744], [-77.44015799990432, 38.573471999822516], [-77.44020499975998, 38.573409999763506], [-77.44016700012516, 38.573347999650984], [-77.44007000004078, 38.573301000187016], [-77.43998600037517, 38.5732759999516], [-77.4399169998799, 38.57326400022879], [-77.4398530003058, 38.573281999812245], [-77.43978700018356, 38.573337000033206], [-77.43972400043437, 38.573334999847134], [-77.43954500033422, 38.57331099971695], [-77.43940700024196, 38.57329500032796], [-77.43925200043125, 38.573279000233114], [-77.43919100033189, 38.57330200028056], [-77.43916200001958, 38.573370999676285], [-77.43911900036187, 38.573401000339516], [-77.43904099964575, 38.573409999763506], [-77.43899299996518, 38.57337500004637], [-77.43898700011741, 38.57330700004559], [-77.43899299996518, 38.57326200004068], [-77.43894299973645, 38.573234000210675], [-77.43883200030669, 38.57323699979168], [-77.43876500035954, 38.573228999738255], [-77.438741999895, 38.573183000291635], [-77.43873600004723, 38.573117999695036], [-77.43870199971204, 38.57307100008066], [-77.43860999965052, 38.57308000024826], [-77.43855500029726, 38.57311299991686], [-77.43847699958114, 38.5731569999196], [-77.43837100017424, 38.5732069997623], [-77.43826599969394, 38.57324499984422], [-77.43816100011195, 38.5732879996724], [-77.43809499998973, 38.573320999947725], [-77.4380360004385, 38.57335599969117], [-77.43799100023266, 38.57339499978648], [-77.43789900017114, 38.57344199989127], [-77.43780600028471, 38.5734460002574], [-77.43773699978944, 38.57343399986066], [-77.43761100029104, 38.57339599987871], [-77.43755900041252, 38.573352000022346], [-77.43753900032104, 38.573302999671775], [-77.43750199961279, 38.57322800034602], [-77.43742200014516, 38.57320599966744], [-77.4373540003731, 38.57319999980044], [-77.4372909997256, 38.57321000004671], [-77.43719799983917, 38.57320500027493], [-77.43714400031082, 38.573177999815606], [-77.43710599977767, 38.57310000007048], [-77.43709200043229, 38.57304799995931], [-77.43702700013496, 38.57299800000595], [-77.43696500021066, 38.57297000007305], [-77.4368830001949, 38.57292299965947], [-77.43686899995122, 38.5729150002734], [-77.43680500037712, 38.57284599973739], [-77.43672199963811, 38.57281099974548], [-77.43667700033059, 38.5727829997397], [-77.43666899993465, 38.57271999968683], [-77.43668300017838, 38.5726160002813], [-77.43669400004902, 38.57255199997802], [-77.43669800024699, 38.57245599976736], [-77.43669499987394, 38.572402999786284], [-77.43666599956161, 38.572350999872896], [-77.43659000029196, 38.572322999687835], [-77.43652499999462, 38.57231699974709], [-77.43644499962868, 38.57229400008664], [-77.43639899959793, 38.572232999821765], [-77.43638000022966, 38.57216699966104], [-77.43637100000883, 38.57211599968684], [-77.43638600007743, 38.572026000263804], [-77.43639600012318, 38.571959999912856], [-77.43635400029041, 38.571903999929404], [-77.43629999986372, 38.57187699968352], [-77.43626200022888, 38.57184199992189], [-77.43619299973359, 38.57176699977329], [-77.43608899997653, 38.57165699969471], [-77.43599799973993, 38.57157700017021], [-77.43592099974704, 38.57149699985435], [-77.43584899977701, 38.5714230001676], [-77.43576099991346, 38.57132699985303], [-77.43573599979912, 38.57124400029705], [-77.43575400024079, 38.57116800010331], [-77.43576699976126, 38.571092999953486], [-77.43576199973838, 38.57104900009136], [-77.43573199960116, 38.57094099986856], [-77.43569700033937, 38.5708399996759], [-77.43566600037721, 38.57075299974376], [-77.43563899971473, 38.57066400014825], [-77.43560299972971, 38.57058699991207], [-77.43556900029286, 38.5705190000818], [-77.43553599978256, 38.570473000304766], [-77.43547600040642, 38.570422999963995], [-77.43542399962958, 38.5703770001255], [-77.43535699968243, 38.570340000066054], [-77.43530200032914, 38.57031099966444], [-77.43524399970453, 38.57029300003901], [-77.43517900030551, 38.57027499970669], [-77.43509100044196, 38.57026900029722], [-77.43495599982444, 38.57030199985226], [-77.43490300012098, 38.57032199974552], [-77.43482199993014, 38.570369999887895], [-77.43477800044752, 38.570404999664255], [-77.43469100040888, 38.57046600007653], [-77.43463899963203, 38.570489999752446], [-77.43459199977636, 38.57051500025504], [-77.43452999985209, 38.57053299982488], [-77.43446100025511, 38.57054399987196], [-77.43439699978269, 38.570547000267574], [-77.43430700026931, 38.5705389999146], [-77.43423399957608, 38.57051699981727], [-77.43416099978114, 38.57048900032217], [-77.4340529998261, 38.57044799978756], [-77.4339330001755, 38.57041000033324], [-77.43380099993102, 38.57036800032158], [-77.43369799999887, 38.57032400001547], [-77.4336519999681, 38.57029900014877], [-77.43360599993736, 38.57021600010753], [-77.43358900021892, 38.57016000016945], [-77.43356900012743, 38.57011199988671], [-77.43354099964002, 38.57007400025475], [-77.4334610001724, 38.57002800019276], [-77.43335099966923, 38.57000899965474], [-77.4332929999429, 38.56999899966522], [-77.43319500003362, 38.56996599997102], [-77.43314200033016, 38.56989200011213], [-77.43311100036803, 38.56984899965613], [-77.43307299983488, 38.569783000114775], [-77.43302400032941, 38.569712999939036], [-77.43297699957542, 38.569652999734124], [-77.43292899989484, 38.569593000181456], [-77.43289100026, 38.569536000314216], [-77.43285000025213, 38.56947599996149], [-77.43280199967323, 38.569381000002906], [-77.43279599982544, 38.56932799986055], [-77.43279800037358, 38.569274999679045], [-77.43280199967323, 38.56922100001052], [-77.43280099984833, 38.56917500010484], [-77.43277200043433, 38.569088999713486], [-77.43272700022848, 38.569024999780154], [-77.43268399967246, 38.56895699987633], [-77.43263900036493, 38.56889000006305], [-77.43258800031131, 38.568798999954566], [-77.43256300019694, 38.56874600008527], [-77.43253999973241, 38.568699999875456], [-77.43251200014333, 38.568650999863884], [-77.43249000040201, 38.5686029999778], [-77.43247100013544, 38.56856100031457], [-77.43243599997534, 38.56850099985004], [-77.43239699961727, 38.56844399981884], [-77.4323699998531, 38.5683909996877], [-77.43235200030975, 38.56834600011546], [-77.43233999971588, 38.56828500001047], [-77.43233399986809, 38.56822899997208], [-77.43232899984523, 38.56816399981007], [-77.43231799997457, 38.568098000125666], [-77.43229600023326, 38.56799999995039], [-77.43226799974585, 38.56791800023137], [-77.4322429996315, 38.56785100015167], [-77.43221599986732, 38.567797000115355], [-77.43218800027823, 38.56774499967783], [-77.43214700027035, 38.5676969998889], [-77.43209100019384, 38.56763700010767], [-77.43204799963782, 38.567609999663], [-77.43197099964493, 38.56758000009348], [-77.43191799994149, 38.56756199978389], [-77.4317990001158, 38.567519000040534], [-77.43177400000144, 38.56747900009284], [-77.43178800024515, 38.567408000306465], [-77.43181500000932, 38.56734199992767], [-77.4318140001844, 38.56728899968609], [-77.4317580001079, 38.56723399975182], [-77.4317000003816, 38.56717499976277], [-77.43165400035085, 38.56712700029542], [-77.43159900009927, 38.56707500007542], [-77.43154700022072, 38.567036000061336], [-77.43149500034218, 38.56700900009316], [-77.43143400024282, 38.56698700031976], [-77.43135899989973, 38.56695799996962], [-77.43128899957955, 38.56693099997213], [-77.431236999701, 38.566913000202355], [-77.43116399990608, 38.566853999949736], [-77.431136000317, 38.56680699974953], [-77.43109899960874, 38.566738999853804], [-77.43105000010326, 38.56666500018339], [-77.43100599972232, 38.56659499977958], [-77.43095999969155, 38.566525000009975], [-77.43091200001099, 38.56646700032986], [-77.43086400033042, 38.566418999687194], [-77.43081199955357, 38.566373000094856], [-77.43073999958354, 38.56633300021163], [-77.4306640003139, 38.566290999923964], [-77.43059700036672, 38.566256999740006], [-77.4304969999093, 38.566197999651166], [-77.43045900027445, 38.56615799967048], [-77.43040599967269, 38.56611400029823], [-77.43029400041802, 38.56604400006006], [-77.43023800034153, 38.56602600006805], [-77.43018300008995, 38.56601699971921], [-77.4300540002185, 38.56601300034418], [-77.42997300002766, 38.56598199991257], [-77.42993799986756, 38.565944999697145], [-77.4298630004228, 38.56588499985777], [-77.42979800012547, 38.56585999985134], [-77.42971100008684, 38.5658249999683], [-77.42961900002534, 38.56579199976187], [-77.42953600018465, 38.5657739997068], [-77.42946599986445, 38.56575699984571], [-77.42938800004666, 38.565735999887764], [-77.42933000032032, 38.565724999807074], [-77.42927099987078, 38.56572799970152], [-77.42920599957344, 38.56575800004421], [-77.4291660002888, 38.565806999921435], [-77.42914000034953, 38.56585999985134], [-77.4290819997249, 38.565904000081574], [-77.4290180001508, 38.565897000110596], [-77.42898499964052, 38.56584899978963], [-77.42896799992208, 38.565795999851545], [-77.42895600022652, 38.565749999860415], [-77.42892199989133, 38.56570500003907], [-77.4288700000128, 38.56568800016167], [-77.42879200019499, 38.56568800016167], [-77.42868000004198, 38.565681000169654], [-77.42861100044502, 38.56562400000869], [-77.42860200022417, 38.56555299979422], [-77.4285960003764, 38.565509000051534], [-77.4285610002163, 38.56544000012937], [-77.42850699978965, 38.56538599968597], [-77.42845900010904, 38.565352999980405], [-77.42840399985748, 38.56532399967318], [-77.42834699995606, 38.56527200025561], [-77.42828300038195, 38.56523499967461], [-77.42822499975732, 38.56519000023313], [-77.42817100022897, 38.565150999898414], [-77.42811099995451, 38.56512200021207], [-77.42805200040327, 38.565094000019414], [-77.42798499955781, 38.56507599978949], [-77.42790699974002, 38.56505800025742], [-77.42780399980785, 38.565035999886675], [-77.42774600008153, 38.56499400024576], [-77.42772299961699, 38.564943000096854], [-77.42767099973845, 38.564926000039186], [-77.4275960002937, 38.56495099966814], [-77.42751000007998, 38.56498899990221], [-77.4274210003915, 38.56499000011145], [-77.42736799978974, 38.56497199985543], [-77.4273009998426, 38.564943000096854], [-77.4271870000398, 38.564894000332906], [-77.42707400006189, 38.564834000318434], [-77.42698299982528, 38.56479400028097], [-77.42693400031979, 38.5647619998135], [-77.4269059998324, 38.564691000152145], [-77.42689099976377, 38.56462699981365], [-77.42683700023542, 38.564586000148516], [-77.42674599999881, 38.564580999776624], [-77.42665700031036, 38.56460900016911], [-77.42658299979222, 38.56466200028022], [-77.4265469998072, 38.56469299987649], [-77.42648999990578, 38.564745999925606], [-77.4264339998293, 38.564788999923486], [-77.42639399964632, 38.564828999963794], [-77.42636199985927, 38.564867999770854], [-77.42629900011008, 38.564941999887004], [-77.42621200007143, 38.56497899991651], [-77.42615000014716, 38.56499000011145], [-77.42605700026073, 38.56499499975248], [-77.42596500019923, 38.564997000170735], [-77.42586899993977, 38.56500300002038], [-77.4257879997489, 38.56500599994497], [-77.42572099980175, 38.56500599994497], [-77.42564200015904, 38.564997000170735], [-77.42558799973237, 38.56498400026071], [-77.42552199961013, 38.564946000024], [-77.42548200032546, 38.56490499983846], [-77.42541899967796, 38.564828999963794], [-77.42539199991378, 38.56476000009106], [-77.42538000021821, 38.564704000115164], [-77.42536500014961, 38.56464399994205], [-77.42534099986017, 38.56460399979882], [-77.4252809995857, 38.56454700018837], [-77.42522700005735, 38.564525999876885], [-77.42516299958493, 38.56450800020705], [-77.42509599963778, 38.564499999884085], [-77.42503899973636, 38.564492999776355], [-77.42493199960624, 38.56448900031656], [-77.42478900038944, 38.5644720001515], [-77.4247299999399, 38.56445900014651], [-77.4246119999391, 38.56444600013917], [-77.42453800031926, 38.56444799987029], [-77.42441799977034, 38.56445999966072], [-77.4243299999068, 38.56447099993505], [-77.42424100021834, 38.564495000208574], [-77.42409899992812, 38.56453199976581], [-77.42403500035401, 38.56455700023423], [-77.4239359997215, 38.564564999848436], [-77.42384000036036, 38.56453400019695], [-77.42379199978146, 38.56450999993644], [-77.4237249998343, 38.564488000100404], [-77.4236470000165, 38.56446699977162], [-77.4235270003659, 38.56442300006641], [-77.42347200011432, 38.56439500030382], [-77.42340699981698, 38.56434799990008], [-77.4234000001443, 38.564292999822065], [-77.42341100001494, 38.56424199987808], [-77.42344299980199, 38.56417700032401], [-77.42350899992425, 38.56410499986325], [-77.42359099994, 38.56401599975978], [-77.42365700006224, 38.56391100017471], [-77.42365500041242, 38.56385400001461], [-77.42364299981855, 38.56380999993403], [-77.4236119998564, 38.56371699996248], [-77.42357900024443, 38.563626000326984], [-77.42354499990925, 38.56353600010327], [-77.42350599955118, 38.56345700019644], [-77.42344500035013, 38.563341000051466], [-77.42340900036513, 38.56327399991869], [-77.4233640001593, 38.56320199995803], [-77.42331899995344, 38.56314900017503], [-77.42326899972473, 38.5630890001085], [-77.42321900039434, 38.56304500026198], [-77.42317300036358, 38.56301599972579], [-77.42310300004337, 38.56301500019151], [-77.42306500040854, 38.56306900030931], [-77.42303199989827, 38.56311600014462], [-77.42300000011122, 38.56315200017706], [-77.4229499998825, 38.56319700019221], [-77.42290300002684, 38.563231999950396], [-77.4228439995773, 38.56326799992474], [-77.42278000000319, 38.563299999652614], [-77.42270700020826, 38.563336000295315], [-77.4226250001925, 38.563382999956005], [-77.42247600022957, 38.56343200004784], [-77.42224400042599, 38.5635120002119], [-77.42207799984632, 38.56356599995621], [-77.42190700014208, 38.56361699967751], [-77.42178999996622, 38.56365000018029], [-77.42170700012555, 38.56365900012322], [-77.42165000022415, 38.56366099987624], [-77.42152399982744, 38.56366300033162], [-77.42129200002384, 38.563666000312146], [-77.42109700003019, 38.56366099987624], [-77.42097800020449, 38.56365199993356], [-77.42091100025733, 38.56362699985272], [-77.42087600009724, 38.56359100005827], [-77.42085299963271, 38.56350900022495], [-77.42087699992216, 38.563442999777145], [-77.42091100025733, 38.563382999956005], [-77.42095300009015, 38.56330800010922], [-77.42099300027311, 38.563251999704214], [-77.4210429996035, 38.56319299995788], [-77.4210920000073, 38.563146999705346], [-77.42115599958142, 38.56309399988178], [-77.42125699986374, 38.56303800001251], [-77.42135300012322, 38.56300900017594], [-77.42147600014687, 38.562980000327656], [-77.42153999972096, 38.562965000280435], [-77.42161400023913, 38.562932999700976], [-77.42164600002619, 38.56284799980472], [-77.42164299965313, 38.562779000137255], [-77.4216340003306, 38.562684999995085], [-77.421611999691, 38.5625840001387], [-77.42160099982034, 38.56250999970173], [-77.42161699971385, 38.5624559998664], [-77.42166299974463, 38.562383000245596], [-77.42170100027778, 38.562337000177045], [-77.42173499971463, 38.56228699979428], [-77.42175399998122, 38.56223500028647], [-77.42176800022493, 38.56219599975293], [-77.42177599972253, 38.56213000020658], [-77.42179300033928, 38.56207100024157], [-77.42186000028643, 38.56202999982068], [-77.42192300003562, 38.56201200022813], [-77.42212800007503, 38.56195800001857], [-77.42225500029663, 38.56192800019684], [-77.4223020001523, 38.56190000016456], [-77.42231899987074, 38.561847000123834], [-77.42232300006869, 38.56179599984894], [-77.42231499967278, 38.561742999731514], [-77.4223220002438, 38.56169200008525], [-77.42234599963491, 38.561637000081866], [-77.4223940002138, 38.561558000194864], [-77.4223780003203, 38.561492000062685], [-77.42231399984786, 38.561436999906235], [-77.42220900026588, 38.56141900016518], [-77.4221049996105, 38.56144499986773], [-77.42204400040943, 38.56147100026332], [-77.42197900011212, 38.56151299985591], [-77.42189100024856, 38.56153799996963], [-77.42181099988262, 38.56155699993791], [-77.4217179999962, 38.561553000314724], [-77.42165400042211, 38.56154100003891], [-77.4215840001019, 38.561534999900275], [-77.42143900033695, 38.56155699993791], [-77.42136300016898, 38.561574000090076], [-77.4212819999781, 38.56161099974632], [-77.42120900018318, 38.56164300021198], [-77.4211330000152, 38.561663999961084], [-77.42105699984721, 38.561670000088945], [-77.42096599961062, 38.56166299970555], [-77.42082500004362, 38.56164600027687], [-77.4206829997534, 38.56161300025877], [-77.42055499970688, 38.56159199979232], [-77.42044699975185, 38.56156600014294], [-77.42032200007837, 38.561520000253864], [-77.42028600009337, 38.56148499966195], [-77.42024400026057, 38.56140800012609], [-77.42022400016907, 38.56136200013588], [-77.4201830001612, 38.56133099980528], [-77.42013899978026, 38.56129500026556], [-77.42006699981025, 38.56124199977864], [-77.41999800021327, 38.56118700013332], [-77.41992600024327, 38.561126999833654], [-77.41987699983945, 38.5610729996616], [-77.41981800028822, 38.56100000004096], [-77.41976399986156, 38.56092999973847], [-77.41972100020384, 38.560847999678785], [-77.41968600004375, 38.56076999989491], [-77.41967199980004, 38.56071100021837], [-77.4196690003253, 38.56064999995415], [-77.41967500017309, 38.560594999855766], [-77.41969600008949, 38.56054400009735], [-77.4197399995721, 38.56047799973648], [-77.4197660004097, 38.56043600024152], [-77.41978300012812, 38.56035900028424], [-77.41974499959498, 38.560284999663715], [-77.41969899956422, 38.56023600023611], [-77.41964199966282, 38.560185000222965], [-77.4195560003474, 38.56012700034303], [-77.4194650001108, 38.56006800013861], [-77.41934000043734, 38.55998700007675], [-77.41928099998779, 38.55994299973608], [-77.41921700041368, 38.55988599994114], [-77.41915899978905, 38.559842000241034], [-77.41909900041291, 38.559802000234896], [-77.41904300033642, 38.55978299980273], [-77.41896399979538, 38.55975700020136], [-77.41892500033565, 38.559712000139655], [-77.41890699989396, 38.559657000025965], [-77.41889600002331, 38.55958399966957], [-77.41887900030488, 38.559504000050325], [-77.41885599984035, 38.55939100000608], [-77.41884999999256, 38.559301000098685], [-77.41882800025127, 38.55919299978001], [-77.41879700028912, 38.559088999762096], [-77.41876399977885, 38.55901300005908], [-77.41872899961875, 38.55892599985681], [-77.41869199980881, 38.55885399975505], [-77.41865499999889, 38.55879400031764], [-77.41859300007462, 38.55873900020396], [-77.41852500030255, 38.55872500027047], [-77.41842999986801, 38.55874600016967], [-77.4183389996314, 38.55877999969239], [-77.41826900020952, 38.55881000012567], [-77.41813600014014, 38.558834000182316], [-77.4180640001701, 38.55883600006958], [-77.4179939998499, 38.558822000155], [-77.41792600007784, 38.558801000277995], [-77.41783200036652, 38.55873799990777], [-77.41780200022929, 38.55869299991052], [-77.41777999958965, 38.55863300033871], [-77.41776200004632, 38.55855399995977], [-77.41773699993196, 38.55841400014195], [-77.41771799966538, 38.55833799972525], [-77.41769000007629, 38.558268000342515], [-77.41765900011416, 38.55823099966788], [-77.41760499968748, 38.558203000302775], [-77.41753000024272, 38.55818099994094], [-77.41747199961809, 38.55817200001451], [-77.41735500034054, 38.558161000180945], [-77.41724700038549, 38.55815999987672], [-77.41713900043047, 38.5581590002749], [-77.41702599955426, 38.55816199978275], [-77.41691699977432, 38.55817000010877], [-77.41676600016157, 38.55817000010877], [-77.41659700010717, 38.55816699989883], [-77.41644200029646, 38.55816499999289], [-77.41633799964109, 38.55815299985393], [-77.41624399992975, 38.55813199978148], [-77.41618700002834, 38.558113999915214], [-77.41610199963952, 38.558092000228626], [-77.4160000004306, 38.55805399986011], [-77.4159159998667, 38.55801199965123], [-77.4158460004448, 38.55797999967633], [-77.41579399966795, 38.557959000255806], [-77.41574400033755, 38.55792999977479], [-77.41569400010886, 38.55789799976339], [-77.41564999972792, 38.55786799965194], [-77.41560100022242, 38.55778899983713], [-77.41558000030602, 38.55771700000147], [-77.41558000030602, 38.5576300003379], [-77.41558600015381, 38.55757199980123], [-77.41559500037465, 38.55752200031843], [-77.41560299987223, 38.557472000098315], [-77.41560500042038, 38.55739200023585], [-77.41561899976577, 38.55732799971974], [-77.41561100026816, 38.557250000330896], [-77.41557699993298, 38.557185000073034], [-77.41552300040462, 38.557124000328756], [-77.4154809996735, 38.55708800008689], [-77.41543399981784, 38.55705800033982], [-77.41538600013726, 38.55701100005538], [-77.41533799955836, 38.556965999679434], [-77.4152890000529, 38.55691300021528], [-77.41526099956548, 38.55686300027405], [-77.41523799999926, 38.556795999722276], [-77.41521500043304, 38.55672600024289], [-77.41518799977055, 38.55665000014887], [-77.41517100005211, 38.556605999872865], [-77.41514099991488, 38.55656800012371], [-77.41511400015071, 38.55652199984592], [-77.41506700029502, 38.55647499991345], [-77.41502100026428, 38.55642599999599], [-77.41497600005845, 38.55638400024086], [-77.41492500000481, 38.5563410001316], [-77.41486999975322, 38.55628899983442], [-77.41482299989757, 38.55623999979017], [-77.41475799960024, 38.55618699979075], [-77.41468700035345, 38.55614499989598], [-77.41461799985814, 38.556108999866275], [-77.414550999911, 38.55607899971068], [-77.41447899994098, 38.55605300017453], [-77.4143960001003, 38.55603000022573], [-77.41430700041184, 38.556009999867264], [-77.41423100024386, 38.55599499977041], [-77.41415199970282, 38.55598800023923], [-77.41407899990789, 38.55598699990477], [-77.41401899963344, 38.55599200017214], [-77.41395800043239, 38.556007000269624], [-77.41390099963266, 38.556024000329536], [-77.41384399973126, 38.55605100020982], [-77.41375199966976, 38.556104000309524], [-77.41369399994343, 38.55612199997662], [-77.41361799977545, 38.55613599971463], [-77.41354099978257, 38.55614299993384], [-77.41344299987325, 38.55615999996154], [-77.41333200044349, 38.55618200023943], [-77.41323000033624, 38.55621699990126], [-77.41315099979522, 38.556245000039944], [-77.41306299993167, 38.55627900004319], [-77.41300299965721, 38.55631300003031], [-77.4129730004183, 38.55632899968809], [-77.41290200027318, 38.556369999848705], [-77.41282699993012, 38.55641800017831], [-77.412755999785, 38.55645999991363], [-77.41266799992147, 38.55650499990377], [-77.4125929995784, 38.55654999986581], [-77.41248799999642, 38.55658300010106], [-77.41242299969907, 38.55660399992355], [-77.4123399998584, 38.556611000097185], [-77.41218000002482, 38.55662999996291], [-77.41209399981109, 38.55661399966962], [-77.41204199993255, 38.55659699974924], [-77.41197199961238, 38.55656499984691], [-77.41185899963446, 38.55650899980791], [-77.41165600014318, 38.55639400001754], [-77.41143500021025, 38.556279999671105], [-77.4112360000186, 38.55617100010135], [-77.41093300006992, 38.556009000235555], [-77.410748000122, 38.55592399987813], [-77.4105589999761, 38.555822000019], [-77.41042799955652, 38.55574199972518], [-77.41031399975373, 38.555673999897195], [-77.41022599989017, 38.55561599988974], [-77.41013899985153, 38.55556199979231], [-77.41007699992726, 38.55551699991429], [-77.41001599982789, 38.55546699970456], [-77.4099609995763, 38.555419000144894], [-77.40990000037525, 38.555362999915644], [-77.40984900032161, 38.55530700034522], [-77.409798000268, 38.55524599970981], [-77.4097630001079, 38.55520799994424], [-77.40972700012288, 38.55515899986565], [-77.40969799981056, 38.555115999726134], [-77.40966299965046, 38.55506199995562], [-77.40961999999277, 38.554998000175075], [-77.4095870003808, 38.55495499993925], [-77.40955700024358, 38.554915000023506], [-77.4095170000606, 38.55485999975187], [-77.40948000025068, 38.554809999787686], [-77.40942300034928, 38.55473599977686], [-77.40939300021205, 38.554697999741705], [-77.40932999956455, 38.55463899999854], [-77.40930000032563, 38.55459400024525], [-77.4092840004321, 38.554546999754756], [-77.40926799964025, 38.5544810002098], [-77.40925099992182, 38.55442400029861], [-77.40924199970098, 38.55436599998515], [-77.40924500007402, 38.5543080003274], [-77.40926799964025, 38.55421099997164], [-77.40928699990683, 38.5541639999332], [-77.40931000037136, 38.55412299991949], [-77.4093549996789, 38.554042000183365], [-77.40937599959528, 38.55399900007824], [-77.4093820003414, 38.553918000202465], [-77.4093839999912, 38.553870999972474], [-77.40937899996833, 38.553804999806964], [-77.4093680000977, 38.553741999975614], [-77.40935800005192, 38.55368300015038], [-77.4093470001813, 38.55363700013399], [-77.40931600021914, 38.55354599967889], [-77.40928199988396, 38.55349200013407], [-77.40921800030985, 38.55346299995849], [-77.40911799985244, 38.553448999699974], [-77.40901699957008, 38.55345499981113], [-77.40894200012534, 38.5534679996989], [-77.4088629995843, 38.55349499983666], [-77.40874100028388, 38.55353600020857], [-77.40868400038248, 38.553563999986466], [-77.40861800026023, 38.55360300028622], [-77.408580999552, 38.55363799979869], [-77.40854299991716, 38.5536750000275], [-77.4084900002137, 38.55372599974199], [-77.40836499964193, 38.55384500034027], [-77.40831699996136, 38.55387999973493], [-77.40826699973263, 38.55391400015416], [-77.40821700040225, 38.55394599983158], [-77.40816499962538, 38.55397699983479], [-77.40809799967823, 38.5540119998677], [-77.40801999986043, 38.55404499986301], [-77.4079389996696, 38.55407199978406], [-77.4078559998289, 38.55409300034008], [-77.40779499972953, 38.55410400009362], [-77.40771699991173, 38.55411299982691], [-77.40763900009392, 38.55411600020604], [-77.40756100027613, 38.55411299982691], [-77.40748400028323, 38.55410299973294], [-77.4073000001602, 38.55406700008566], [-77.4072290000151, 38.554052000285836], [-77.40716000041813, 38.55403200007952], [-77.4070950001208, 38.55400599980303], [-77.40703300019652, 38.553974000152316], [-77.40687900021074, 38.55387999973493], [-77.40670400030854, 38.55376099989711], [-77.40646099973598, 38.55361800017972], [-77.40631299959799, 38.55354299997843], [-77.40614699991663, 38.55343700017873], [-77.40599499958066, 38.55334899988162], [-77.4057989997621, 38.55324000008279], [-77.40575399955624, 38.553212999849265], [-77.4057080004238, 38.55318400026366], [-77.4056649998678, 38.55315400029247], [-77.40562300003499, 38.55312299993434], [-77.40545999982837, 38.553009999694304], [-77.40523999972034, 38.552849999784236], [-77.40504499972667, 38.552708999717595], [-77.4048699998245, 38.55257499994102], [-77.40476900044048, 38.55251199973435], [-77.40463200017311, 38.552429000225274], [-77.40458500031744, 38.55240199968717], [-77.40453699973855, 38.552376000226246], [-77.40448800023307, 38.552352000121054], [-77.40443700017946, 38.5523289996907], [-77.40440100019444, 38.55231400023078], [-77.40433400024729, 38.55228800003551], [-77.40425499970625, 38.552257000006485], [-77.40414099990343, 38.55221999975048], [-77.40403600032145, 38.55216899967009], [-77.4039199999705, 38.552100999975046], [-77.40381100019056, 38.55202600029875], [-77.40363999958802, 38.551903000042074], [-77.40357199981595, 38.551862000143956], [-77.40349999984593, 38.55182600007704], [-77.40342299985303, 38.55179600024167], [-77.4032449995778, 38.55174099969137], [-77.403174000331, 38.5517149999914], [-77.40310099963776, 38.55168599980156], [-77.40303899971349, 38.55164499977964], [-77.402990000208, 38.551593999993955], [-77.40287700023008, 38.551412999815035], [-77.40278500016856, 38.55128999991473], [-77.40268300006133, 38.55117300010555], [-77.40263299983262, 38.551112999877354], [-77.40257599993122, 38.55105699980657], [-77.40252499987757, 38.55100299979731], [-77.40249200026562, 38.55095599976929], [-77.40246700015128, 38.55090800000789], [-77.40241000024986, 38.55078299983495], [-77.4023779995645, 38.550730000027585], [-77.40233999992965, 38.55068099970701], [-77.40229600044704, 38.55063499987746], [-77.40224500039342, 38.55059399995874], [-77.40205200004957, 38.55047300018238], [-77.40190200026174, 38.550376999982646], [-77.40174099970494, 38.550270000018834], [-77.40168399980354, 38.55024000023677], [-77.40162199987927, 38.55021499970627], [-77.40135900011353, 38.55010699978758], [-77.40126200002915, 38.55007600022329], [-77.40116199957173, 38.550051000338314], [-77.40109600034779, 38.55003799983265], [-77.40100199973816, 38.550015999782204], [-77.40086600019403, 38.54998300004516], [-77.4008009998967, 38.54996599996184], [-77.4007389999724, 38.549943999889365], [-77.4006810002461, 38.5499169998231], [-77.40062699981942, 38.54988400004063], [-77.40057800031393, 38.54984600025106], [-77.40048100022955, 38.549739000199594], [-77.40037599974924, 38.54962799970214], [-77.40031600037311, 38.54955800026871], [-77.40026899961913, 38.549490000211875], [-77.400245000228, 38.54944299989734], [-77.40021799956551, 38.549389000081014], [-77.40020400022011, 38.54932700032], [-77.40020000002215, 38.5492419997902], [-77.40020500004502, 38.54919500001611], [-77.40021799956551, 38.5491450003274], [-77.40025899957338, 38.549053999807064], [-77.40040400023666, 38.548839000266454], [-77.40051200019171, 38.54869000008677], [-77.40064799973582, 38.54850700015093], [-77.40074599964511, 38.54839299994396], [-77.4008920001333, 38.54822200034839], [-77.40097900017193, 38.54807100010862], [-77.40108799995187, 38.54786599999682], [-77.40116199957173, 38.547722999795525], [-77.40116800031782, 38.547702000189105], [-77.4012029995796, 38.54758200021284], [-77.40122199984617, 38.547490000071946], [-77.40121900037144, 38.54742299991819], [-77.40118599986116, 38.54736300007355], [-77.4011390000055, 38.54732399990179], [-77.40107799990614, 38.547289999878956], [-77.40105500033992, 38.54728000024109], [-77.40101599998185, 38.54726300022127], [-77.40095499988249, 38.54724600019739], [-77.40088999958515, 38.54723599985086], [-77.40083699988172, 38.54725099966761], [-77.40077499995742, 38.547306000139656], [-77.4007380001475, 38.54734600007337], [-77.40063900041329, 38.54743300023871], [-77.40050600034391, 38.54749399977507], [-77.40022000011365, 38.54763300003401], [-77.39995499979977, 38.54778500023706], [-77.39975099958527, 38.547885000065996], [-77.3995129999339, 38.547978000147445], [-77.3993020000467, 38.548024000271695], [-77.39908500031173, 38.548041000111645], [-77.39892999960273, 38.548049000158905], [-77.39880699957907, 38.54803500025123], [-77.39847500021638, 38.547945999921495], [-77.39805000006892, 38.54779600025317], [-77.39762699957132, 38.547638999927955], [-77.39724499997989, 38.547450999969065], [-77.3968659998632, 38.54720000027803], [-77.3966540001511, 38.54698800008603], [-77.39635299985221, 38.54662599997037], [-77.3958659997805, 38.54608500013487], [-77.39556100018197, 38.54571800011255], [-77.39512400033897, 38.54519400028236], [-77.39460700013001, 38.5445520003138], [-77.3944370002507, 38.54426100011812], [-77.39438199999911, 38.54411300008597], [-77.39435600005986, 38.544012000131275], [-77.39435500023494, 38.543913000337184], [-77.39438199999911, 38.54384099995417], [-77.39442600038004, 38.54378600034499], [-77.39448199955824, 38.54374700034107], [-77.39456699994705, 38.54368599973412], [-77.39465599963552, 38.54364299975893], [-77.39483399991074, 38.543598999953765], [-77.39545400005184, 38.54339399974017], [-77.39560700021273, 38.5433209997321], [-77.39573100006128, 38.54324200009225], [-77.39580100038148, 38.543184999702326], [-77.39589300044298, 38.54311399980674], [-77.39597600028368, 38.54303199980054], [-77.39602999981203, 38.54296700003767], [-77.39605800029943, 38.54291800004788], [-77.39607800039093, 38.54285700014296], [-77.39608500006362, 38.54280300029919], [-77.39607400019297, 38.54275100004695], [-77.39599800002497, 38.5425920003126], [-77.39588500004707, 38.54240500032987], [-77.39575899965037, 38.54216400023996], [-77.39553799971743, 38.541641000342835], [-77.39535000029478, 38.54133300029671], [-77.39517899969222, 38.54110699982081], [-77.39503999977507, 38.54093000001238], [-77.39491500010159, 38.540813000209546], [-77.39476600013867, 38.540700000297335], [-77.39466900005431, 38.54062999990203], [-77.39444200027359, 38.54057300025252], [-77.39413900032487, 38.54054600018091], [-77.39402600034697, 38.5405199999462], [-77.39396799972235, 38.540505000130864], [-77.39383300000313, 38.540447999679635], [-77.39360100019954, 38.540328000246205], [-77.39349599971924, 38.54027999971415], [-77.39316600000636, 38.540150999926055], [-77.39300600017278, 38.54007200031742], [-77.39272900016334, 38.53990300032071], [-77.3927180002927, 38.5398950000699], [-77.39260399959156, 38.539812999906836], [-77.3925430003905, 38.53976899986652], [-77.39246300002456, 38.539709999818044], [-77.39236799959001, 38.53957800012992], [-77.3923469996736, 38.539488999873406], [-77.39231900008453, 38.53939100003989], [-77.3923459998487, 38.53926799995236], [-77.39240000027537, 38.539151000256595], [-77.39248800013893, 38.538984999809166], [-77.39270400004898, 38.5385230001027], [-77.39272099976743, 38.538392000220895], [-77.39270700042205, 38.53826399973577], [-77.39266100039129, 38.5381539996749], [-77.3926489997974, 38.538129999741436], [-77.39262100020831, 38.5380730002188], [-77.39254699969015, 38.53795900033529], [-77.39244200010818, 38.53782300000373], [-77.39234900022174, 38.53773999970083], [-77.39225999963497, 38.53768500034477], [-77.39215099985503, 38.53760299977028], [-77.39205200012083, 38.53751700024986], [-77.39199500021941, 38.53743199981396], [-77.39193699959479, 38.53733699966262], [-77.39188600043947, 38.53723099986339], [-77.39183700003566, 38.53711500026204], [-77.39178500015714, 38.53699000000374], [-77.39173199955538, 38.53685499984613], [-77.39166799998127, 38.53673099973841], [-77.39161600010274, 38.53664200017534], [-77.39157400026996, 38.53658899978319], [-77.39151700036854, 38.53652900003461], [-77.39147899983539, 38.53649100021474], [-77.3914450003985, 38.53646699972651], [-77.39135099978887, 38.53640500006758], [-77.39123199996318, 38.536322000236616], [-77.3910710003047, 38.536220999881344], [-77.39092800018958, 38.53615199995367], [-77.39073800021876, 38.53606899983078], [-77.39057900021011, 38.53599400029773], [-77.39028299993409, 38.53587900001863], [-77.39009100031349, 38.5358040002875], [-77.3898810002512, 38.5357170001079], [-77.3896929999302, 38.535635000100754], [-77.38951800002803, 38.535562999863174], [-77.3893470003238, 38.535494000007056], [-77.3892900004224, 38.5354709998061], [-77.3892209999271, 38.535446999680204], [-77.38877300021346, 38.535290999720736], [-77.38864400034203, 38.53523200021543], [-77.3885160002955, 38.535155999888126], [-77.38843500010465, 38.53509800019456], [-77.38836700033258, 38.53504400014706], [-77.38832799997454, 38.53500000000033], [-77.38830399968508, 38.53494899965283], [-77.38829500036258, 38.534894000270924], [-77.38833600037044, 38.53478499990236], [-77.38838700042409, 38.53467199965535], [-77.3884109998152, 38.53455800000361], [-77.38846799971661, 38.534338000325285], [-77.38849299983096, 38.53425600015171], [-77.38851499957228, 38.53416599969937], [-77.38853300001394, 38.5340759998371], [-77.38855599958016, 38.533992000192], [-77.38857499984672, 38.53392400017323], [-77.38858499989247, 38.53384400011021], [-77.38858400006757, 38.53376100013526], [-77.38856399997607, 38.533670999766386], [-77.38853800003682, 38.533594999898085], [-77.38850399970163, 38.53351899994956], [-77.38848500033338, 38.53348800026186], [-77.38846600006678, 38.53345699985809], [-77.38841300036334, 38.53340799971401], [-77.3883399996701, 38.533352999856724], [-77.38826699987517, 38.533288999727056], [-77.38818599968432, 38.533238000274764], [-77.3881079998665, 38.533190999879395], [-77.38803599989649, 38.53314300020644], [-77.38796599957628, 38.53311099970401], [-77.38789299978134, 38.53309099999759], [-77.38781300031371, 38.53307699998898], [-77.38773200012287, 38.533073000186825], [-77.38762599981764, 38.53309499979879], [-77.38749399957318, 38.53312199985635], [-77.38737399992259, 38.53315199975227], [-77.38725900029485, 38.53318400023652], [-77.38712700005036, 38.533227000140094], [-77.38699700035403, 38.533272999861424], [-77.38689299969865, 38.533318000308924], [-77.3868049998351, 38.533350999963304], [-77.38672399964425, 38.53338299965632], [-77.38665300039744, 38.53342600014368], [-77.38656700018372, 38.53346799995753], [-77.3864679995512, 38.53349299998569], [-77.38637399983988, 38.533514000227484], [-77.38627900030365, 38.533522999726955], [-77.38618700024212, 38.533525000318264], [-77.3860879996096, 38.533525000318264], [-77.38598800005049, 38.53351500017194], [-77.3858700000497, 38.53349100009621], [-77.38575899972163, 38.533476000220496], [-77.38553399959075, 38.53346300023197], [-77.385382999978, 38.53344599975697], [-77.38523700038813, 38.53342800003497], [-77.38510299959552, 38.53342199965817], [-77.38497100024935, 38.53340399993022], [-77.38483499980691, 38.533388000090156], [-77.38472299965392, 38.53336499991861], [-77.3846299997675, 38.53333799995219], [-77.38455100012477, 38.53330800013383], [-77.38448599982746, 38.53328399998905], [-77.38442499972808, 38.53324999965311], [-77.38436399962872, 38.533207999711934], [-77.38431500012324, 38.533160999999694], [-77.38426499989451, 38.53310899980386], [-77.38422700025968, 38.53304400020891], [-77.38419100027467, 38.53298099975625], [-77.38417899968078, 38.532897000238094], [-77.3841720000081, 38.53278699970018], [-77.3841510000917, 38.53270199999978], [-77.38413699984798, 38.53263500012381], [-77.38412500015244, 38.53257299997326], [-77.38414900044188, 38.53250200014327], [-77.38418899972655, 38.532417000106165], [-77.38426300024469, 38.53231200004567], [-77.38434400043555, 38.532220000047424], [-77.38442100042845, 38.53214100016129], [-77.38449900024625, 38.53204700001476], [-77.38459799998046, 38.53195399971156], [-77.384685999844, 38.531870999664335], [-77.38477399970755, 38.53178199971051], [-77.3848540000735, 38.53170100010694], [-77.38493400043944, 38.53161699979702], [-77.3850030000364, 38.53155000031613], [-77.38505699956477, 38.53147400031551], [-77.38509000007504, 38.53141099989353], [-77.38512400041023, 38.53134300024618], [-77.38514600015155, 38.53127999970949], [-77.38515600019728, 38.531199000243454], [-77.38509900029587, 38.53113300035088], [-77.38505300026512, 38.53109599976707], [-77.38500800005927, 38.531063999759596], [-77.38490000010424, 38.53100199966068], [-77.38478100027855, 38.53094100019131], [-77.38467699962317, 38.53088699983452], [-77.38455299977461, 38.53082200034031], [-77.38443700032195, 38.530771999824545], [-77.3843190003212, 38.53070900019332], [-77.38422499971155, 38.53065900030177], [-77.38412400032752, 38.53061800023826], [-77.38401499964927, 38.53058899997356], [-77.38389900019662, 38.53056199966811], [-77.38373699981491, 38.53052400021014], [-77.38357600015644, 38.53049099996181], [-77.38342100034573, 38.53046500030918], [-77.38318299979605, 38.53041800021055], [-77.38304100040415, 38.530388999865224], [-77.38289999993883, 38.53036100019919], [-77.38278000028824, 38.53033499979684], [-77.38262700012734, 38.53027599974096], [-77.38257500024882, 38.5302510000004], [-77.38247399996648, 38.53020399976198], [-77.38236500018654, 38.53016800009684], [-77.38224499963762, 38.53013099971948], [-77.38211099974332, 38.53009100004991], [-77.3819969999405, 38.53005500032823], [-77.38187300009194, 38.53002599983662], [-77.38176599996181, 38.52999900002265], [-77.38165499963374, 38.52996800022379], [-77.38152099973944, 38.529920999800474], [-77.38134500001235, 38.52986400009821], [-77.3812229998136, 38.5298320002455], [-77.38112200042958, 38.52980599965199], [-77.38103700004078, 38.52977699976276], [-77.38097299956834, 38.529728999920415], [-77.38091900004, 38.529688000029736], [-77.38085700011572, 38.5295940001921], [-77.38084799989488, 38.52954200022918], [-77.38084799989488, 38.529488000227936], [-77.38086499961332, 38.52942800017898], [-77.38089099955258, 38.52937000008413], [-77.38093400010861, 38.529294999892144], [-77.3809979996827, 38.52921200029129], [-77.38106700017799, 38.52913199990804], [-77.38112499990432, 38.52907100025884], [-77.38120400044534, 38.52900599982687], [-77.38129399995871, 38.52892699992551], [-77.38139699989088, 38.52884599991888], [-77.38149800017321, 38.52876799985233], [-77.38160799977808, 38.52868899968968], [-77.38174199967237, 38.528610000143104], [-77.381828999711, 38.52854900005137], [-77.38193099981827, 38.52848099980747], [-77.38200899963608, 38.52843099977317], [-77.38213900023074, 38.5283660001686], [-77.38223499959189, 38.528303999853115], [-77.3823350000493, 38.52824000015155], [-77.3824329999586, 38.52815399997979], [-77.38250800030167, 38.52809000014481], [-77.38257799972354, 38.52801400000331], [-77.38258199992151, 38.52800499981481], [-77.38261000040892, 38.52795200008737], [-77.3826310003253, 38.527892000163156], [-77.38263700017309, 38.527825000024684], [-77.38262200010448, 38.52775499975039], [-77.3826010001881, 38.52766799967607], [-77.38255699980715, 38.527560999658526], [-77.38252900021807, 38.527468999910276], [-77.38250900012657, 38.52738300022262], [-77.38249700043102, 38.52728500006098], [-77.38250099973065, 38.52718599973347], [-77.38250499992861, 38.5271090000093], [-77.38250099973065, 38.527014000281675], [-77.38250699957844, 38.52690599995816], [-77.38250699957844, 38.526797000137485], [-77.38249900008084, 38.52669300034817], [-77.38249200040813, 38.526592999868356], [-77.38247700033953, 38.52652099971796], [-77.38244600037737, 38.526451000283586], [-77.38241299986711, 38.52639399994083], [-77.38236799966128, 38.526343999861965], [-77.38231800033087, 38.5262949997931], [-77.38226899992708, 38.52625300000871], [-77.382201000155, 38.52622099995578], [-77.38209700039795, 38.52620700001597], [-77.38197299965107, 38.52621400033761], [-77.38185399982538, 38.52621400033761], [-77.38168300012114, 38.526228000276056], [-77.38138900039327, 38.526261999713604], [-77.38132300027104, 38.52627100012011], [-77.38117699978285, 38.52628500004746], [-77.38106800000291, 38.52628700013729], [-77.38094199960621, 38.5262949997931], [-77.38083000035155, 38.52630400019552], [-77.3807299998941, 38.52632399968013], [-77.38059199980185, 38.526354000302184], [-77.38050700031135, 38.52638400020895], [-77.38042100009763, 38.526410999973784], [-77.38034199955659, 38.526438999771294], [-77.3802500003934, 38.526469999684984], [-77.38015699960866, 38.52649900020428], [-77.38008700018678, 38.52650699983652], [-77.37997400020888, 38.52649900020428], [-77.37991300010951, 38.52647599993877], [-77.3798429997893, 38.52644900019831], [-77.37976400014661, 38.52641300006011], [-77.37968600032879, 38.52638400020895], [-77.37962000020654, 38.52636700016961], [-77.37956400013005, 38.526359999862855], [-77.3794980000078, 38.526354000302184], [-77.37942600003778, 38.526352000214274], [-77.37934900004488, 38.52636299999439], [-77.37927000040217, 38.52638999976717], [-77.37918800038642, 38.52641800027558], [-77.37912700028704, 38.526442999942276], [-77.37904199989823, 38.52649299995242], [-77.37893899996607, 38.526507999878355], [-77.37883500020898, 38.526488999784206], [-77.37877599975947, 38.5264690003454], [-77.37871800003313, 38.52643000008859], [-77.37865500028394, 38.52638899972369], [-77.3785890001617, 38.52634900008222], [-77.37852300003946, 38.52632300033852], [-77.37845299971927, 38.52630899971578], [-77.37837699955129, 38.52630200010617], [-77.37831899982496, 38.52630000001681], [-77.37826000027374, 38.52630000001681], [-77.37816700038731, 38.526313999938516], [-77.37806699992989, 38.52634900008222], [-77.37801900024931, 38.52637199968553], [-77.37795700032503, 38.526402000287575], [-77.37790000042361, 38.526438999771294], [-77.37782099988259, 38.52648999982623], [-77.37774999973747, 38.52653699967956], [-77.37767500029271, 38.526587000327105], [-77.37759400010187, 38.52663800027715], [-77.3775320001776, 38.52668600007312], [-77.37746799970517, 38.52673499987575], [-77.37739200043549, 38.52679099991047], [-77.37732999961291, 38.52683500015818], [-77.37726699986372, 38.52685999968002], [-77.37720900013738, 38.52687600026896], [-77.37714200019023, 38.526885999932475], [-77.37708100009087, 38.52688399985936], [-77.37700800029594, 38.52687400019556], [-77.37692600028016, 38.52685200008697], [-77.37684199971628, 38.52682399974743], [-77.3767720002944, 38.52679299998623], [-77.37672999956328, 38.52675299986654], [-77.37670299979912, 38.52671299972466], [-77.37669899960115, 38.52663300007698], [-77.37671500039299, 38.52655799984333], [-77.37672200006568, 38.52649800016231], [-77.37671899969263, 38.526452000326145], [-77.37668400043086, 38.52638000003468], [-77.37659900004203, 38.5263279998575], [-77.37653399974471, 38.5263070003294], [-77.37645699975181, 38.526291999658724], [-77.37638399995689, 38.52629299970354], [-77.37630100011619, 38.526314999982986], [-77.37624199966665, 38.52634199977377], [-77.37617600044274, 38.52638500025249], [-77.37609899955152, 38.52643000008859], [-77.37601400006102, 38.52649199991037], [-77.37597999972583, 38.52650999996199], [-77.3759069999309, 38.5265500002167], [-77.37583999998375, 38.526562000007644], [-77.37577700023456, 38.52655499971987], [-77.37575399977003, 38.52654500001035], [-77.37571000028741, 38.526526999967544], [-77.37565599986074, 38.526497000120344], [-77.37559800013442, 38.52644600007036], [-77.37554399970774, 38.52637899999112], [-77.37550299969988, 38.52630400019552], [-77.37546300041521, 38.52621499968074], [-77.37542999990492, 38.526140999761104], [-77.37539599956975, 38.52607700024409], [-77.37536399978269, 38.52601099987004], [-77.3753360001936, 38.525968999919904], [-77.37525300035291, 38.525917000148475], [-77.37517999965966, 38.52590100004909], [-77.37511500026066, 38.525888000097424], [-77.37504699959028, 38.525867999788865], [-77.3749770001684, 38.52583999976919], [-77.3749289995895, 38.5258029999775], [-77.37488099990892, 38.525765000114646], [-77.37482800020548, 38.52571300019581], [-77.37477499960373, 38.525639999813876], [-77.37471199985454, 38.52557100028013], [-77.37465099975516, 38.52550500014475], [-77.37461099957218, 38.525446999698964], [-77.37458100033328, 38.52540700023669], [-77.3745610002418, 38.52535600011702], [-77.37455200002096, 38.52531100031207], [-77.3745489996479, 38.525253999769205], [-77.37455000037114, 38.525183999805144], [-77.37454399962503, 38.52511900007872], [-77.37453500030253, 38.52505799983881], [-77.3745269999066, 38.52498200000906], [-77.37451600003594, 38.524913999908364], [-77.37450199979224, 38.52484699980833], [-77.37448900027177, 38.52478099971176], [-77.37447900022603, 38.52470500029223], [-77.37445499993657, 38.52465000010745], [-77.37442399997444, 38.52459800008575], [-77.3743860003396, 38.524549000233634], [-77.37434899963138, 38.52451000034185], [-77.37426900016374, 38.5244290002828], [-77.37422499978281, 38.52439399990806], [-77.37411099997999, 38.52430200032769], [-77.37393899955255, 38.52417600022275], [-77.37389300042011, 38.52414600009829], [-77.37384900003917, 38.5241149998863], [-77.37380600038145, 38.52408300028825], [-77.37376399965035, 38.52404999989723], [-77.37372400036571, 38.52401600011738], [-77.37368500000764, 38.523981000244575], [-77.37364800019772, 38.52394400019987], [-77.37339899977738, 38.52368600013827], [-77.3733369998531, 38.523617000136696], [-77.3732809997766, 38.52354499982002], [-77.37323300009604, 38.52346999988211], [-77.37319200008814, 38.52339200031352], [-77.37314600005739, 38.52329699989591], [-77.37313600001164, 38.52323700030728], [-77.37314299968433, 38.52317599987776], [-77.37316799979868, 38.523117999663405], [-77.37320899980658, 38.523067000030004], [-77.37323599957075, 38.52304099980334], [-77.37325599966225, 38.52302200019942], [-77.37328900017252, 38.522983000182954], [-77.37329900021827, 38.522964999951974], [-77.37331400028688, 38.52293999977989], [-77.37333299965513, 38.522884999651815], [-77.37334900044698, 38.52283700013185], [-77.37336199996746, 38.52272400009597], [-77.37336799981523, 38.52267400027849], [-77.37338399970876, 38.522601999721246], [-77.37339200010469, 38.52252899969768], [-77.37339200010469, 38.52245500020475], [-77.37338399970876, 38.52238200003209], [-77.37336799981523, 38.52230999988555], [-77.37333100000532, 38.522210000343414], [-77.37329699967013, 38.52214500003943], [-77.37325599966225, 38.52208400008996], [-77.37320700015675, 38.52202500029708], [-77.3731529997301, 38.52197100027749], [-77.37308800033108, 38.52191600011176], [-77.37303100042966, 38.521877000198806], [-77.37296799978216, 38.521843000095224], [-77.37290000001009, 38.52181399980817], [-77.37267599970411, 38.52174999995728], [-77.3725429996347, 38.521726000174205], [-77.37244399990051, 38.521693000108044], [-77.3723789996032, 38.52165500018353], [-77.37232599989974, 38.52160699984325], [-77.37228300024204, 38.52154399991912], [-77.372203999701, 38.52137499997292], [-77.37217399956377, 38.52131899994066], [-77.37212900025625, 38.521272000193726], [-77.37202700014899, 38.52118899977309], [-77.37195600000388, 38.52113300029894], [-77.37175799963715, 38.52100399991374], [-77.37167899999444, 38.52094700017656], [-77.3716050003746, 38.520884999794696], [-77.37153800042745, 38.52081900028168], [-77.37149300022162, 38.52077200020826], [-77.37136900037305, 38.52064400000217], [-77.3713440002587, 38.52061800030583], [-77.37130700044878, 38.52056700030663], [-77.37126999974053, 38.52051500014619], [-77.37123600030365, 38.52046199982236], [-77.37120299979338, 38.52040900016233], [-77.37107800011991, 38.52021600007596], [-77.37106499970112, 38.520196999726295], [-77.3710420001349, 38.52016099997477], [-77.37097500018776, 38.52005899999541], [-77.37090900006551, 38.51994400025186], [-77.37085999966172, 38.519885000110456], [-77.37079400043778, 38.51979600009151], [-77.37073599981315, 38.51973400012389], [-77.37066300001821, 38.519668999692335], [-77.37057599997958, 38.51961200030361], [-77.37046600037472, 38.519564000006575], [-77.3703659999173, 38.519537999920175], [-77.37023500039604, 38.519525999660864], [-77.37010099960342, 38.5195150002414], [-77.36996599988422, 38.51950900011004], [-77.36985799992918, 38.51950900011004], [-77.36973900010351, 38.519505999692775], [-77.36959500016344, 38.519500000263584], [-77.36948399983537, 38.519484000143215], [-77.36935300031412, 38.51945800002792], [-77.36922100006963, 38.51941199990903], [-77.36914400007673, 38.51937900018759], [-77.36902699990087, 38.5193280000133], [-77.36894099968715, 38.51928400009579], [-77.36881400036387, 38.5192250001162], [-77.36873099962486, 38.51918700029437], [-77.36861799964696, 38.519129999821146], [-77.36848799995062, 38.51908800007244], [-77.36837900017068, 38.519046999741846], [-77.36828000043647, 38.5190220003174], [-77.36816300026061, 38.51901499999907], [-77.36804100006188, 38.51904199971711], [-77.36790999964232, 38.51908099976053], [-77.36778099977087, 38.51913899971393], [-77.36768500040972, 38.51918299972007], [-77.36761400026462, 38.5192129998047], [-77.36751700018023, 38.51923699972285], [-77.36744600003513, 38.51923900000855], [-77.3673170001637, 38.51924000015132], [-77.3671489999342, 38.51924500016236], [-77.36697700040506, 38.51924699974498], [-77.36676499979464, 38.5192379998657], [-77.36659599974024, 38.51923900000855], [-77.36642400021111, 38.51924299987687], [-77.36621800034679, 38.51925600032593], [-77.36607199985862, 38.51928699981945], [-77.36599300021588, 38.5192950002534], [-77.36586500016936, 38.51931599971902], [-77.36578800017648, 38.51933500030125], [-77.36565099990912, 38.51937300004495], [-77.36557599956605, 38.519420999766496], [-77.36548799970251, 38.51951000024912], [-77.36542599977821, 38.519588999945675], [-77.36534899978533, 38.51968200006446], [-77.36527900036346, 38.51975600029989], [-77.3651770002562, 38.51984400023388], [-77.3650640002783, 38.519934000326614], [-77.3649730000417, 38.520014999821896], [-77.36485800041396, 38.52012600033583], [-77.36478100042108, 38.520196999726295], [-77.3646850001616, 38.52028399969566], [-77.36461900003937, 38.52032700027992], [-77.36453100017582, 38.52038299967831], [-77.36446500005358, 38.52045599976999], [-77.36446599987849, 38.52050599972262], [-77.36449699984064, 38.52056000013855], [-77.36458100040453, 38.5206070003504], [-77.36466099987216, 38.520642999878845], [-77.3647400004132, 38.52067699984645], [-77.36475100028385, 38.520707000011235], [-77.36476800000229, 38.5207540001271], [-77.36471000027596, 38.52082300006221], [-77.36461099964345, 38.52087500000013], [-77.36452100013008, 38.520901000306424], [-77.36440999980199, 38.52091800023132], [-77.36430299967188, 38.5209130003365], [-77.36418399984618, 38.52089799994719], [-77.36410400037856, 38.52087799965749], [-77.36400200027131, 38.52085400028655], [-77.36385900015617, 38.5208350001053], [-77.36374500035336, 38.520827999963274], [-77.36360899991092, 38.52082400018303], [-77.36345499992514, 38.5208350001053], [-77.36337799993225, 38.52084299966435], [-77.36324599968776, 38.520843999784844], [-77.36311299961838, 38.52084200024663], [-77.36285099967755, 38.52082500030378], [-77.36257500039133, 38.52079699972774], [-77.36237399965157, 38.52076799972207], [-77.36231900029829, 38.520746999977206], [-77.36221299999309, 38.520721999737525], [-77.36208800031963, 38.52068100033771], [-77.36207499990084, 38.52067699984645], [-77.36195199987718, 38.52059900006233], [-77.36181499960985, 38.520516999693484], [-77.36164700027867, 38.52041199983911], [-77.36146999982833, 38.52029900021294], [-77.36129900012412, 38.5202100000031], [-77.36127499983466, 38.5201960002996], [-77.36121499956022, 38.52015899971475], [-77.36119100016907, 38.52014399987114], [-77.36112599987176, 38.52010400027286], [-77.36103299998533, 38.520049000086146], [-77.36089499989306, 38.51999399985736], [-77.36078000026535, 38.51996900005897], [-77.36066800011234, 38.519959000137206], [-77.36054699973853, 38.519958000004365], [-77.36045300002719, 38.51997199975409], [-77.36035599994281, 38.51998700033639], [-77.36028499979771, 38.51999200029554], [-77.36018299969045, 38.519978999979365], [-77.36008800015422, 38.51995099977705], [-77.35996000010769, 38.519911000071524], [-77.35980699994681, 38.51987600031096], [-77.35958500018897, 38.51983300016016], [-77.35938799964715, 38.519799999928885], [-77.35926200014877, 38.51979200025391], [-77.35921799976784, 38.51978999998363], [-77.35906799998003, 38.51976299984332], [-77.35902500032232, 38.519735000259786], [-77.3589330002608, 38.519689000317925], [-77.3588410001993, 38.51964300034666], [-77.35875400016067, 38.519601000194434], [-77.35870499975687, 38.519566000283135], [-77.35871900000055, 38.51949199985242], [-77.35873900009206, 38.51944599975526], [-77.35874800031287, 38.51938900018999], [-77.35874300029002, 38.5193290001549], [-77.3587139999777, 38.51926600034537], [-77.35865999955101, 38.51916299965669], [-77.3586229997411, 38.519084000195505], [-77.35858500010626, 38.51900200020929], [-77.35854800029634, 38.5189229998685], [-77.35852099963385, 38.518835000214246], [-77.35848700019697, 38.5187619998843], [-77.3584400003413, 38.51868400013351], [-77.35837800041703, 38.51862400021362], [-77.35829600040125, 38.518551999822066], [-77.35819099992096, 38.51848399997181], [-77.35809399983658, 38.518450999824985], [-77.35794400004876, 38.518399999696044], [-77.3577640001237, 38.518339000086954], [-77.35762299965839, 38.51827200019177], [-77.35748499956613, 38.51820100030821], [-77.35742500018999, 38.51815000000215], [-77.35735700041792, 38.51810099997728], [-77.35730100034142, 38.518055999853296], [-77.35723900041715, 38.51797999965818], [-77.35718699964029, 38.517892000256786], [-77.35714200033277, 38.51780900015572], [-77.35708999955592, 38.517763999849194], [-77.35702299960877, 38.51774800004581], [-77.35692399987457, 38.51773200023888], [-77.35685100007964, 38.51772499979509], [-77.35667899965219, 38.51771500026444], [-77.35657599972002, 38.51769400033175], [-77.35647399961277, 38.517672000228394], [-77.35637800025162, 38.51766800027277], [-77.35630299990855, 38.517668999734504], [-77.35621900024296, 38.51767899997447], [-77.35611999961044, 38.51769999991153], [-77.35597999986837, 38.51773200023888], [-77.3559199995939, 38.517740000142794], [-77.35584400032424, 38.51774599971874], [-77.35576200030847, 38.51774500025801], [-77.35567400044492, 38.51774599971874], [-77.35561300034556, 38.517762999685914], [-77.35554100037554, 38.51779700031102], [-77.35533399978799, 38.5179379999413], [-77.35519599969572, 38.51804599966575], [-77.35514299999228, 38.51807899999826], [-77.35511000038031, 38.518125999721626], [-77.35505900032668, 38.518204000077056], [-77.35500900009798, 38.51826099987782], [-77.35495999969417, 38.518298000032644], [-77.35488600007432, 38.51833799993166], [-77.35481900012716, 38.51836399974865], [-77.354744999609, 38.518381999724575], [-77.35467500018713, 38.518390999710874], [-77.35460300021711, 38.51838500018869], [-77.3545119999805, 38.51836399974865], [-77.35440300020055, 38.51832500001962], [-77.3543429999261, 38.51830999979382], [-77.35424800038986, 38.518298000032644], [-77.35415799997818, 38.51828900003472], [-77.35391899960358, 38.51826400034698], [-77.35383099974003, 38.5182580001114], [-77.35375899977001, 38.51825099971877], [-77.35367799957916, 38.51822300024995], [-77.35363999994432, 38.51818999998341], [-77.35357299999717, 38.518143999757065], [-77.35351299972272, 38.5180800001572], [-77.35331299970618, 38.51790299992425], [-77.35326800039864, 38.51786399994546], [-77.35322300019281, 38.517828999892444], [-77.35316799994122, 38.51778999987356], [-77.35311500023776, 38.51775999989868], [-77.35304599974248, 38.51774299993085], [-77.35295100020623, 38.51776100006206], [-77.35290299962735, 38.517779999649015], [-77.35284200042628, 38.517793999822395], [-77.35276200006034, 38.517788000250455], [-77.35268099986949, 38.51776500001251], [-77.35259300000595, 38.51775599994795], [-77.35252299968575, 38.51776100006206], [-77.35244999989082, 38.517770000126], [-77.35236200002726, 38.517778000025686], [-77.3523009999279, 38.517766000175826], [-77.35221899991213, 38.51770100007569], [-77.35217799990426, 38.51765299991001], [-77.35207499997209, 38.51756900007026], [-77.35195199994845, 38.51749099972959], [-77.35184900001629, 38.51741999977858], [-77.35176899965035, 38.51737300029717], [-77.35171699977181, 38.517345999953115], [-77.35161999968743, 38.517290999767596], [-77.3515050000597, 38.517244000201906], [-77.35144399996034, 38.51721900015124], [-77.35136500031761, 38.51717099966423], [-77.35129900019538, 38.51713599997707], [-77.35120700013387, 38.5171059997297], [-77.35112199974505, 38.51707600017264], [-77.35103999972928, 38.51704000026598], [-77.35097699998009, 38.517008000333824], [-77.35089900016229, 38.51694399972398], [-77.35085999980423, 38.516908999926514], [-77.35080399972775, 38.51686399976025], [-77.35074699982633, 38.51682600009774], [-77.35068900010002, 38.51679699989794], [-77.35056699990128, 38.516744000350826], [-77.35045100044863, 38.516701999912804], [-77.35031400018129, 38.51666699999768], [-77.3502239997696, 38.516640000091705], [-77.35012199966235, 38.516607999981744], [-77.35003100032407, 38.51657700003734], [-77.34989400005671, 38.516556999952776], [-77.34971300030675, 38.5165160002892], [-77.34948200032807, 38.51645099976325], [-77.34938500024369, 38.51641400006488], [-77.34931200044876, 38.51637600016484], [-77.34923600028077, 38.516346000303564], [-77.3491609999377, 38.51630700018411], [-77.34907800009702, 38.51624299965392], [-77.34900000027923, 38.51618999969894], [-77.3489219995631, 38.516132000180896], [-77.34884799994326, 38.5160839996719], [-77.34877599997323, 38.51604900015914], [-77.34871200039915, 38.51602399969352], [-77.348569000284, 38.51600500034594], [-77.3484639998037, 38.51602899992789], [-77.34840299970433, 38.516053999688936], [-77.34831300019097, 38.516075000100045], [-77.3482379998479, 38.516083000188104], [-77.34816000003009, 38.5160839996719], [-77.34806799996858, 38.51606800019801], [-77.34800400039447, 38.51604600030055], [-77.34796000001353, 38.516026000068464], [-77.34793400007428, 38.51601399992654], [-77.34788399984555, 38.5159810000531], [-77.3478169998984, 38.51593400033502], [-77.34777699971542, 38.51589900004651], [-77.34770899994338, 38.515829000121265], [-77.34764799984401, 38.515807000150765], [-77.34758199972177, 38.51581900032719], [-77.34748499963739, 38.51584800021813], [-77.34734999991817, 38.51587800028694], [-77.34726100022971, 38.51588500020746], [-77.34713800020606, 38.51589300031662], [-77.3470279997029, 38.51590199991123], [-77.34692099957277, 38.515911000207595], [-77.34682699986143, 38.515923999852696], [-77.346766999587, 38.51593000028282], [-77.34669799999001, 38.515896000181655], [-77.34663100004288, 38.515856000331425], [-77.34655200040014, 38.51581800013688], [-77.34643799969902, 38.515764999869006], [-77.34635400003344, 38.51573599994462], [-77.3462600003221, 38.51571900020165], [-77.34615099964384, 38.515694999813455], [-77.34609499956734, 38.515687999874466], [-77.34605699993251, 38.51567999974252], [-77.34601299955158, 38.51566999992774], [-77.34593899993173, 38.51565399965895], [-77.34584699987022, 38.51564600022611], [-77.34577900009818, 38.51566299998632], [-77.34569700008241, 38.515701999751776], [-77.34562500011238, 38.51574199968753], [-77.34551999963207, 38.51578299979192], [-77.345423000446, 38.515800999710386], [-77.34532700018654, 38.515797999841446], [-77.34522799955403, 38.515781000113115], [-77.34514600043659, 38.5157780002433], [-77.34506199987267, 38.51578500017359], [-77.34498800025284, 38.5157939997817], [-77.34486500022918, 38.515777000052424], [-77.34474100038064, 38.515751000003895], [-77.34458900004466, 38.515723999754364], [-77.34440400009673, 38.515694999813455], [-77.3442619998065, 38.51566800024576], [-77.3441620002474, 38.51564399984056], [-77.34409500030024, 38.515624000199686], [-77.34396899990354, 38.51558800026979], [-77.34386199977342, 38.51557000029806], [-77.34373499955183, 38.51554000010091], [-77.34360400003055, 38.51550500032373], [-77.34352000036498, 38.51547900017696], [-77.34342400010551, 38.515453000020855], [-77.34332899967094, 38.515419999890256], [-77.3432890003863, 38.515411000235396], [-77.34326599992178, 38.51539399971279], [-77.34323699960945, 38.51536100025804], [-77.34321800024118, 38.515318999716015], [-77.3431410002483, 38.51522799998053], [-77.34300800017893, 38.51510200015685], [-77.34294799990444, 38.51505300016588], [-77.34290699989657, 38.51500700004358], [-77.3428740002846, 38.514911000304885], [-77.34282099968286, 38.51483100019055], [-77.34275999958348, 38.51479300015786], [-77.34266300039741, 38.514765000046886], [-77.34258600040452, 38.514748000074626], [-77.34251699990921, 38.514732999806355], [-77.34241700035011, 38.51471199970667], [-77.34229599997629, 38.51467499981737], [-77.34218100034857, 38.51463399978486], [-77.34204499990611, 38.514599999774454], [-77.34191100001182, 38.5145540000656], [-77.34175000035334, 38.51451000004152], [-77.34159899984229, 38.51446700019968], [-77.34146499994799, 38.51442700025841], [-77.34134100009943, 38.514397999795044], [-77.341212000228, 38.51437000023334], [-77.34113100003714, 38.514339000028166], [-77.3410630002651, 38.514313999671565], [-77.34097000037866, 38.51429499987268], [-77.34087800031716, 38.514270999712664], [-77.34077899968464, 38.514243000101615], [-77.34068699962313, 38.51422799972808], [-77.34056799979744, 38.51421400026698], [-77.34046099966731, 38.51422899994053], [-77.34036500030616, 38.514243000101615], [-77.34026499984874, 38.514257000259924], [-77.34018799985586, 38.51426300012615], [-77.34009499996944, 38.514251999902484], [-77.34004999976358, 38.51421899992421], [-77.33999000038744, 38.51417000003515], [-77.3399169996942, 38.51414500032277], [-77.33982700018083, 38.514112999806606], [-77.3397390003173, 38.514063999845405], [-77.33968599971553, 38.51404000031128], [-77.33955199982123, 38.51402399968022], [-77.33943299999551, 38.51404799992258], [-77.33936500022347, 38.51406800000128], [-77.3393109997968, 38.51408900028882], [-77.33917600007757, 38.514190000079964], [-77.3391069995823, 38.51425300011455], [-77.3389939996044, 38.514316000094006], [-77.33898000025899, 38.51432000023588], [-77.33894099990094, 38.5143309997463], [-77.33888999984731, 38.51434700030914], [-77.3388389997937, 38.514364999883746], [-77.33878899956497, 38.514383999664105], [-77.33873900023457, 38.51440399964952], [-77.33869099965568, 38.51442600004871], [-77.33864299997511, 38.51444899994773], [-77.33859000027165, 38.51447400025745], [-77.3384880001644, 38.514518999809006], [-77.33838500023224, 38.514564000035335], [-77.33827999975195, 38.514606999819236], [-77.33815300042866, 38.514663000153156], [-77.33809099960607, 38.514704000169154], [-77.33802799985686, 38.5147450001618], [-77.33796299955954, 38.51478399972173], [-77.33789800016052, 38.514821999759214], [-77.33783000038845, 38.51485900027586], [-77.33773999997678, 38.514893000163944], [-77.33764600026544, 38.51492100022509], [-77.33754900018106, 38.51494299976345], [-77.33745100027178, 38.514959999689665], [-77.33735099981435, 38.514970000305894], [-77.33726999962349, 38.514976000112696], [-77.33718900033095, 38.51498099971702], [-77.3371080001401, 38.514979000015884], [-77.33702799977416, 38.51497099980515], [-77.33694999995636, 38.51495699978563], [-77.33688600038225, 38.51493999985871], [-77.33681600006206, 38.51491599991371], [-77.33673200039647, 38.514883000239855], [-77.33664399963462, 38.514849999847975], [-77.3365170003113, 38.514806000004846], [-77.33643199992251, 38.51478300021988], [-77.33634300023404, 38.514765000046886], [-77.33625299982235, 38.51475299969477], [-77.33616199958576, 38.514748000074626], [-77.3360450003082, 38.51474699986944], [-77.33595499989653, 38.514742999751284], [-77.3358829999265, 38.51473900033576], [-77.33581199978138, 38.514732999806355], [-77.3357359996134, 38.51471700003221], [-77.33563500022939, 38.514691000303756], [-77.33560000006928, 38.51468000014549], [-77.33553700032009, 38.514659000030335], [-77.33544199988555, 38.51462099990681], [-77.3353690000906, 38.514591000017084], [-77.33528299987687, 38.51456200032268], [-77.33519599983825, 38.51452999999187], [-77.33510999962452, 38.51449800034979], [-77.33502500013401, 38.51446400027516], [-77.33494099957011, 38.51442899997487], [-77.33481599989663, 38.51437199995138], [-77.33472499966004, 38.51432399967469], [-77.33463900034462, 38.5142700002037], [-77.33455800015378, 38.514211999841706], [-77.33444600000078, 38.514115999745805], [-77.33441000001578, 38.51407600031237], [-77.33436599963484, 38.514020000224754], [-77.3343260003502, 38.513958000202486], [-77.33428899964196, 38.51388499984704], [-77.33426299970269, 38.513816999805634], [-77.3342429996112, 38.51374400001012], [-77.33423099991563, 38.51369100032408], [-77.3342209998699, 38.51363799989606], [-77.33421199964907, 38.513585000132], [-77.33420599980128, 38.51353200032886], [-77.33420199960332, 38.51347800026388], [-77.3341999999535, 38.513443000187095], [-77.33419900012858, 38.51337100023674], [-77.33420400015146, 38.51326400005057], [-77.33420999999925, 38.51320500005723], [-77.33420900017433, 38.51307999973299], [-77.33420999999925, 38.51295499989463], [-77.33421300037227, 38.51283100007112], [-77.33421800039517, 38.512705999800446], [-77.33422500006786, 38.512582000250966], [-77.33423400028867, 38.512451000234186], [-77.3342419997863, 38.512330000259134], [-77.33424799963407, 38.51220900008069], [-77.33425199983203, 38.51208700015967], [-77.33425400038017, 38.51196600027582], [-77.33425400038017, 38.51182699998393], [-77.33424799963407, 38.51173100022243], [-77.3342350001136, 38.51163599987843], [-77.3342140001972, 38.5115419996589], [-77.33416599961832, 38.511404000205964], [-77.33411600028792, 38.511287000187615], [-77.33404900034077, 38.511162000048024], [-77.33399400008918, 38.511081999985336], [-77.33390000037785, 38.510968000217005], [-77.33383699973034, 38.51090200004659], [-77.33371500042992, 38.51077899975938], [-77.33360599975165, 38.51067800010362], [-77.3334609999867, 38.51055599969718], [-77.33329000028246, 38.5104289998669], [-77.333158000038, 38.510340999670454], [-77.33299200035664, 38.51023899983542], [-77.33282699960189, 38.510133999750906], [-77.33227500013115, 38.509830000182575], [-77.33206800044192, 38.5097259997766], [-77.3318900001667, 38.50963800012687], [-77.33160800013438, 38.50950600009917], [-77.33128900029214, 38.50933800028904], [-77.33099999968883, 38.50917899981899], [-77.33073400044839, 38.509029999736285], [-77.33026300027018, 38.508711000310576], [-77.33001700022288, 38.508531000068224], [-77.32975500028206, 38.50835499984921], [-77.32951400025763, 38.508194999724175], [-77.32920499956283, 38.5079729996911], [-77.3288639999793, 38.507739000264316], [-77.32846700031926, 38.507437999940585], [-77.32818699993679, 38.50721300015895], [-77.32810999994389, 38.507159000275465], [-77.32795299958507, 38.50705399991743], [-77.32779100010166, 38.50695499988156], [-77.32761200000152, 38.506853000170814], [-77.32753800038168, 38.50681399982974], [-77.3273640003044, 38.506726999749816], [-77.32718600002917, 38.50664600006575], [-77.32700299973106, 38.50656999977591], [-77.32681799978313, 38.50649900030216], [-77.32662899963725, 38.506435000191786], [-77.32643600019172, 38.50637600022638], [-77.32633900010734, 38.50634899997591], [-77.32624100019805, 38.50632300003754], [-77.32605799989993, 38.5062840001124], [-77.32500900031174, 38.50607400020651], [-77.32486899967135, 38.50605000011803], [-77.32472899992928, 38.50602499969515], [-77.32458900018717, 38.505998000016], [-77.32445100009492, 38.50596999999962], [-77.32431200017774, 38.505940000020175], [-77.3241749999104, 38.50590899970022], [-77.32403699981815, 38.50587600011595], [-77.323901000274, 38.50584200018766], [-77.32376499983157, 38.50580600028743], [-77.32349600021806, 38.50572999981414], [-77.32336200032375, 38.5056899999398], [-77.32321400018576, 38.505642999830556], [-77.32313399981982, 38.5056149996761], [-77.32297599963607, 38.50556600025839], [-77.32281499997758, 38.50552199966251], [-77.32265199977097, 38.50548400034046], [-77.32240400007385, 38.50543999969448], [-77.32223599984435, 38.50541699972958], [-77.32215200017878, 38.50540800023029], [-77.32164599984047, 38.50540200032917], [-77.3214709999383, 38.505400999994144], [-77.32118100040839, 38.505387999854975], [-77.32098800006455, 38.50537200011311], [-77.32070100000936, 38.50533599997799], [-77.32041800015213, 38.50528600003373], [-77.32013899959456, 38.50522200025134], [-77.31976399967584, 38.50510800034424], [-77.31947400014593, 38.50500099982944], [-77.31919299993852, 38.50488100033102], [-77.31892199977688, 38.504749000019046], [-77.31874600004979, 38.504654000305244], [-77.31839899972016, 38.50444599985784], [-77.31734099991112, 38.503827999864995], [-77.31707499977234, 38.50370900017659], [-77.31690700044118, 38.503635000318475], [-77.31639600008, 38.50342400005857], [-77.31605100029851, 38.50328999986241], [-77.31560400040976, 38.50310899976301], [-77.31533099969997, 38.502999999759496], [-77.31491399994846, 38.50284799984029], [-77.31483100010777, 38.50282400008272], [-77.31475099974183, 38.50279200015919], [-77.3145370003799, 38.50270599981095], [-77.31327799983112, 38.502200000064], [-77.31265699986508, 38.50194899997502], [-77.3115379999567, 38.50149899985789], [-77.3110669997785, 38.501309999856126], [-77.31083800034797, 38.50121699990756], [-77.31024099977307, 38.50097700005242], [-77.31004800032754, 38.5009089997723], [-77.30999999974865, 38.500894999830706], [-77.30992699995372, 38.500875000311204], [-77.3098540001588, 38.50085700017645], [-77.30977499961774, 38.500841000131025], [-77.30971299969347, 38.50082900027037], [-77.30960499973844, 38.50081199981991], [-77.30946699964619, 38.50079700016352], [-77.3093620000642, 38.50079000018218], [-77.30923999986545, 38.500786999687776], [-77.30912600006263, 38.50078899978305], [-77.30904800024484, 38.50079299997338], [-77.30892600004611, 38.500802999745254], [-77.30881399989312, 38.50081699970468], [-77.30872000018178, 38.50083299975544], [-77.30858499956425, 38.50086099965996], [-77.30851500014236, 38.50087899979372], [-77.30839999961631, 38.50092100032267], [-77.3083410000651, 38.50094999988686], [-77.30826400007219, 38.50099700024662], [-77.3081999995998, 38.50104599996082], [-77.30816199996495, 38.50107899964919], [-77.3080959998427, 38.50115500010946], [-77.30808300032224, 38.501178000029455], [-77.30805400000992, 38.50122800001357], [-77.30802999972047, 38.501278999652286], [-77.30801499965186, 38.50132200033968], [-77.30800100030648, 38.50137999983653], [-77.30799299991054, 38.501440999753896], [-77.30799299991054, 38.501462999895814], [-77.30799499956036, 38.50151800022122], [-77.3080029999563, 38.50157299980161], [-77.30801399982694, 38.50161600031348], [-77.3080249996976, 38.50164800005651], [-77.30804300013926, 38.50168899975036], [-77.30806999990345, 38.50173999976568], [-77.3080959998427, 38.50177900004251], [-77.30812099995705, 38.50181200009801], [-77.30814900044447, 38.50184399975392], [-77.30818399970624, 38.501878000163664], [-77.30821200019366, 38.501902999917064], [-77.3082719995698, 38.50194800029501], [-77.30897000042704, 38.50241899989204], [-77.30937999960753, 38.50269499993066], [-77.30951600005, 38.502786999708505], [-77.30962400000502, 38.50285899969722], [-77.30970000017301, 38.50291099995671], [-77.30973699998292, 38.50293600005458], [-77.30983200041747, 38.502999999759496], [-77.31068799966182, 38.50357699982554], [-77.31072700001988, 38.50360399970932], [-77.31076499965471, 38.50363300030224], [-77.31078899994417, 38.50365299975898], [-77.3108130002336, 38.503672999913114], [-77.31083499997492, 38.5036939997175], [-77.31086799958688, 38.50372599994326], [-77.31089900044734, 38.5037589998097], [-77.31092899968625, 38.50379300001838], [-77.31095600034874, 38.503827999864995], [-77.310982000288, 38.50386400005099], [-77.31100599967914, 38.5039009998719], [-77.31102699959554, 38.50393799967381], [-77.31104699968702, 38.50397599981153], [-77.3110659999536, 38.5040150002836], [-77.31108100002223, 38.50405400003149], [-77.31109100006796, 38.50408099973645], [-77.31110299976352, 38.50412099980153], [-77.31111299980925, 38.50416099984433], [-77.31112100020519, 38.50420200021666], [-77.31112799987787, 38.50424299986264], [-77.31113299990075, 38.504296999823744], [-77.31113399972566, 38.50433899976547], [-77.31113100025092, 38.50439299965455], [-77.31112799987787, 38.5044339998948], [-77.31111899965705, 38.50448900006044], [-77.31110699996148, 38.504542999837035], [-77.31109500026591, 38.504583000348504], [-77.31108100002223, 38.504623000134714], [-77.31106500012868, 38.50466200025635], [-77.31105300043312, 38.504688000091406], [-77.31103400016654, 38.50472599983346], [-77.31100499985423, 38.50477600016646], [-77.31096499967126, 38.50483700001956], [-77.31092799986135, 38.50488399995183], [-77.31087799963262, 38.50494000011525], [-77.31083499997492, 38.50498300002289], [-77.31078800011925, 38.50502399992725], [-77.31075200013423, 38.50505400028828], [-77.31072700001988, 38.50507299971373], [-77.31070100008061, 38.505091000200835], [-77.3106869998369, 38.50509999973968], [-77.31066000007273, 38.505118000219966], [-77.31064699965393, 38.50512600011959], [-77.31061900006485, 38.50514300025473], [-77.31056200016344, 38.50517499983667], [-77.31052700000335, 38.505191999960296], [-77.30964400009651, 38.50562100026246], [-77.30959899989065, 38.50564200020182], [-77.30943800023218, 38.50572000002338], [-77.30927500002555, 38.50579900008997], [-77.30912500023774, 38.50587200020793], [-77.30899399981817, 38.50593600011566], [-77.30897200007686, 38.50594700020393], [-77.30864999986157, 38.50610299980482], [-77.30863200031823, 38.50611100029795], [-77.3070740000187, 38.50635499979814], [-77.30698899962988, 38.50636900008434], [-77.3061950003098, 38.506492999788996], [-77.30612599981453, 38.50650199985562], [-77.30605700021755, 38.506510000304424], [-77.30598699989737, 38.50651499979364], [-77.30591800030038, 38.50651800004941], [-77.30584799998019, 38.50651800004941], [-77.30577799965998, 38.50651600011324], [-77.30569099962136, 38.50651099992111], [-77.3056039995827, 38.50650199985562], [-77.3055180002673, 38.50649000023516], [-77.30544999959693, 38.506477000292634], [-77.30538299964977, 38.5064619997071], [-77.30531700042584, 38.506444999883264], [-77.3052350004101, 38.50642099991842], [-77.30513900015062, 38.50638799986584], [-77.30506100033281, 38.50635600011991], [-77.30498599998974, 38.50632199971526], [-77.30492700043851, 38.50629199988245], [-77.3048560002934, 38.50625200032026], [-77.30477400027763, 38.50619999966116], [-77.30470700033048, 38.50615299988477], [-77.30429600042676, 38.50584400014257], [-77.30357699965312, 38.50530300013115], [-77.30305799979436, 38.50491300002932], [-77.30304600009879, 38.50490399976412], [-77.30302000015952, 38.50488500029408], [-77.30299400022024, 38.50486699975555], [-77.30297999997656, 38.50485800018754], [-77.30295400003727, 38.50484000034524], [-77.30293999979358, 38.50483199971086], [-77.3029130000294, 38.504815000205305], [-77.3028710001966, 38.50479000005662], [-77.30282799964058, 38.50476600024324], [-77.30278400015796, 38.50474300006307], [-77.30273999977702, 38.50472100022005], [-77.30269499957119, 38.50470099965394], [-77.30264900043875, 38.50468099978527], [-77.30257099972263, 38.504650000329356], [-77.30253899993558, 38.504637999697316], [-77.30252399986696, 38.504631999732034], [-77.30250499960039, 38.50462599976627], [-77.30249200007991, 38.50462199978882], [-77.30242599995768, 38.50460100025503], [-77.30236099966035, 38.504583000348504], [-77.3022939997132, 38.5045669997248], [-77.30222599994113, 38.504552000147406], [-77.30214099955232, 38.5045369998639], [-77.30205500023692, 38.50452499991602], [-77.30200300035838, 38.50452000028866], [-77.30195099958152, 38.50451499995795], [-77.30191600031974, 38.504512999966146], [-77.30189899970298, 38.50451200032172], [-77.30188100015964, 38.504510999974336], [-77.30184599999954, 38.50451000032989], [-77.3017589999609, 38.50450800033794], [-77.3016889996407, 38.50451000032989], [-77.30162000004373, 38.504512999966146], [-77.30154999972353, 38.50451899994133], [-77.30148100012656, 38.50452699990744], [-77.30142900024802, 38.50453400022859], [-77.30136099957764, 38.50454499982801], [-77.30128899960764, 38.504558999763084], [-77.30111299988053, 38.50459599992995], [-77.30055899986165, 38.50471399991707], [-77.3003510003475, 38.50475800030368], [-77.29941300018909, 38.50495799993259], [-77.29939599957233, 38.50496100025319], [-77.29934600024194, 38.504973000128416], [-77.2992800001197, 38.50499099993746], [-77.29918300003531, 38.50502199994959], [-77.29910400039259, 38.50505200031145], [-77.29905800036184, 38.50507099973748], [-77.2989980000874, 38.5050990001034], [-77.29893899963784, 38.50512899973019], [-77.29889599998013, 38.50515300012561], [-77.29885499997225, 38.50517800014827], [-77.29881399996437, 38.50520399979704], [-77.29877399978139, 38.50523099977381], [-77.29873600014658, 38.50525900007758], [-77.29869900033664, 38.50528800000406], [-77.2986750000472, 38.50530799970416], [-77.29865099975775, 38.50532800010169], [-77.29862800019153, 38.505349000126486], [-77.29860599955192, 38.505370000145156], [-77.2985839998106, 38.50539100015771], [-77.2985629998942, 38.505412999796015], [-77.29853299975697, 38.505446999926896], [-77.29849400029723, 38.505492999830246], [-77.29846699963474, 38.505528000256625], [-77.2984499999163, 38.505551999816085], [-77.29842499980195, 38.505587999843286], [-77.29839499966471, 38.505638000280804], [-77.2983739997483, 38.50567499989331], [-77.29835500038006, 38.50571400014825], [-77.29834299978617, 38.505740000306446], [-77.29832699989267, 38.50577899982325], [-77.29831199982404, 38.50581800002186], [-77.29830299960321, 38.50584499976849], [-77.29828699970969, 38.50589800030913], [-77.29827800038717, 38.505938999692574], [-77.29827199964107, 38.50596600009677], [-77.29826699961819, 38.505992999787914], [-77.29826300031856, 38.506020000171915], [-77.2982599999455, 38.50604800016886], [-77.29825499992263, 38.50611599981492], [-77.29825499992263, 38.506169000156106], [-77.29827800038717, 38.50710400004007], [-77.29827900021206, 38.50713200031852], [-77.2982809998619, 38.50717299970239], [-77.29828400023494, 38.50721399976589], [-77.29828900025782, 38.507268999917216], [-77.2982959999305, 38.50732299971823], [-77.29830299960321, 38.50736399969632], [-77.29831000017423, 38.50740499965102], [-77.29832199986978, 38.507459000053004], [-77.29832799971756, 38.507485999887365], [-77.29834199996125, 38.50754000022856], [-77.2983579998548, 38.50759300022469], [-77.29837999959611, 38.507660000217015], [-77.29840399988555, 38.50772599984428], [-77.29842599962686, 38.50777800010443], [-77.29844800026648, 38.50783000032702], [-77.29847300038084, 38.50788100021149], [-77.29849199974909, 38.50791999997465], [-77.2985059999928, 38.50794499973967], [-77.29851299966549, 38.507958000120155], [-77.29852000023651, 38.50797000019896], [-77.29852699990919, 38.50798299987197], [-77.2985489996505, 38.50801999968559], [-77.29857100029011, 38.5080570001831], [-77.29859499968126, 38.508093999958646], [-77.2986189999707, 38.50813099971517], [-77.29864400008505, 38.50816699985906], [-77.29867900024516, 38.50821399972687], [-77.29870600000933, 38.5082490002367], [-77.29879399987288, 38.50835400025811], [-77.29974200007706, 38.50942500002623], [-77.29977200021428, 38.509458999668745], [-77.29980200035152, 38.50949600012981], [-77.29983499996348, 38.50954099998096], [-77.29986900029867, 38.50958899993183], [-77.2999000002608, 38.50963899970014], [-77.2999289996748, 38.509689000136675], [-77.29996100036017, 38.5097519998922], [-77.29998999977418, 38.50981700014005], [-77.30000999986565, 38.50986999986612], [-77.30002800030732, 38.509923000256165], [-77.30004300037595, 38.5099759999042], [-77.30005199969845, 38.510016999777605], [-77.30006099991928, 38.510058000330595], [-77.30007000014012, 38.51011200014891], [-77.3000759999879, 38.51016700019561], [-77.30008000018586, 38.51023500016969], [-77.30008100001078, 38.510277000162965], [-77.30007900036095, 38.5103309998171], [-77.30007500016298, 38.51038599969646], [-77.3000690003152, 38.51044100023681], [-77.30005900026946, 38.51049499976789], [-77.30004699967559, 38.510548999961465], [-77.30003300033019, 38.510603000114486], [-77.30001599971344, 38.51065700022701], [-77.29999700034519, 38.510708999776384], [-77.29997499970555, 38.510760999991184], [-77.2999499995912, 38.510813000168376], [-77.29993100022294, 38.51085100019305], [-77.29990899958331, 38.51088900019761], [-77.29988699984202, 38.51092599992385], [-77.29986299955254, 38.510963000334016], [-77.2998299999406, 38.51101100003982], [-77.29979399995558, 38.51105800016012], [-77.29975600032076, 38.51110399999385], [-77.29971500031287, 38.51114900024594], [-77.29967599995483, 38.51118899989973], [-77.29869199976564, 38.512171000069856], [-77.29865900015366, 38.51220199980275], [-77.29862300016866, 38.512233000225216], [-77.29858600035874, 38.51226200015483], [-77.29853299975697, 38.51229800034209], [-77.29847800040372, 38.51233200003379], [-77.29841999977907, 38.512362000161914], [-77.29836000040292, 38.51238999980162], [-77.29829699975542, 38.51241399988582], [-77.29823300018131, 38.512436000190256], [-77.29816600023416, 38.51245300000552], [-77.29811600000545, 38.51246399980114], [-77.29806499995183, 38.512474000061225], [-77.29799600035484, 38.51248300008323], [-77.29792600003466, 38.51248799986067], [-77.29785700043769, 38.51249000033384], [-77.2977870001175, 38.51248799986067], [-77.29771699979727, 38.51248300008323], [-77.29764800020031, 38.512474000061225], [-77.29759700014668, 38.5124650000381], [-77.29753000019953, 38.51244999999703], [-77.2974640000773, 38.51243199994371], [-77.29739999960488, 38.51241000034091], [-77.29733699985569, 38.51238500001738], [-77.29729199964986, 38.51236399993572], [-77.29723399992352, 38.51233399980844], [-77.29717899967194, 38.512300999653995], [-77.2971259999685, 38.51226399993141], [-77.29708900015858, 38.5122360002427], [-77.29705300017358, 38.51220499982153], [-77.29700899979264, 38.512163000250005], [-77.29696799978475, 38.512117999928726], [-77.29694000019566, 38.51208299989373], [-77.29692299957891, 38.51205999994178], [-77.2969140002564, 38.512047999841705], [-77.29690599986047, 38.512035000199646], [-77.29689099979186, 38.51201099998911], [-77.29688300029426, 38.51199800034036], [-77.29687599972324, 38.51198600022997], [-77.29686900005055, 38.511972999873784], [-77.29686300020275, 38.51196000021817], [-77.29685099960888, 38.51193599998264], [-77.29575699981484, 38.509531000016516], [-77.29551900016347, 38.50984399979317], [-77.29540600018557, 38.509238999878455], [-77.29504399978732, 38.50978400023785], [-77.2949790003883, 38.509882000329185], [-77.29494599987804, 38.50993100032489], [-77.29488599960358, 38.51002199972628], [-77.29487100043328, 38.51004500032924], [-77.29483000042538, 38.51010700020648], [-77.29468300011229, 38.51032899998682], [-77.29288600033648, 38.5130349999849], [-77.29110299990604, 38.51571999969049], [-77.29108799983744, 38.51574299987894], [-77.29089200001884, 38.51570800020046], [-77.2907199995914, 38.51571600032929], [-77.28973799995035, 38.518055999853296], [-77.28861800021704, 38.51915100003771], [-77.28822900005461, 38.5191860001508], [-77.28816299993238, 38.51926199977552], [-77.28790799966424, 38.51955699974095], [-77.28788500009803, 38.519583999958535], [-77.28787400022739, 38.51959000008359], [-77.28749400028579, 38.51980600003599], [-77.28721100042857, 38.52025699974065], [-77.28712100001688, 38.5204009998522], [-77.28563899988534, 38.519951999909935], [-77.28568800028914, 38.51975900000389], [-77.28552400025761, 38.51973099971595], [-77.28530900017245, 38.51969499973143], [-77.28500600022376, 38.5202770002029], [-77.28536500024896, 38.520375000068135], [-77.28553000010538, 38.52027800033125], [-77.28747199964616, 38.52090500008239], [-77.28733600010203, 38.52123699968929], [-77.28729400026924, 38.52146300003598], [-77.28705999991753, 38.5217970000949], [-77.28667400012814, 38.521952999793406], [-77.28638600024806, 38.52215099995099], [-77.28613099997992, 38.522265999682446], [-77.28611300043657, 38.52234800016707], [-77.2860590000099, 38.522640999944166], [-77.28588699958246, 38.52314900030484], [-77.2857910002213, 38.52343100010841], [-77.28461200003844, 38.524630000157615], [-77.2844189996946, 38.524731999984255], [-77.28430300024196, 38.52480000025687], [-77.28420199995962, 38.52483599979643], [-77.284010000339, 38.52490700016307], [-77.28376400029171, 38.524992999998595], [-77.283750000048, 38.52499800031277], [-77.28341000028938, 38.525098000197815], [-77.28332900009853, 38.52518800004589], [-77.28321500029571, 38.52535500005918], [-77.28309999976966, 38.52541700010433], [-77.28303700002047, 38.525450999925035], [-77.28291399999682, 38.525558000268866], [-77.28280900041484, 38.525780000192334], [-77.28275900018613, 38.52595700003002], [-77.28275400016325, 38.52625300000871], [-77.28262899959148, 38.527585000306836], [-77.28271499980521, 38.5276910002633], [-77.28180299958603, 38.529118999837365], [-77.28149899981243, 38.529680000048316], [-77.2811950000388, 38.53024400007153], [-77.28107200001517, 38.530472000216584], [-77.28105000027385, 38.53051299966053], [-77.28104600007589, 38.53052200023808], [-77.28092499970208, 38.53074600027345], [-77.28091700020447, 38.53076000003291], [-77.28082000012009, 38.530940000211075], [-77.2804639995696, 38.531600000291235], [-77.27979300027319, 38.53284100003635], [-77.2797999999459, 38.53285200023003], [-77.27981400018959, 38.53293399989572], [-77.28012899983386, 38.53390699980716], [-77.27996099960437, 38.533918999776645], [-77.27992700016749, 38.53392099965428], [-77.27942199965412, 38.53394700016613], [-77.27918900002561, 38.533967000337235], [-77.27899900005482, 38.533983000048536], [-77.27913200012419, 38.53420000030508], [-77.27918999985053, 38.534259999888135], [-77.27926199982055, 38.5343459997888], [-77.27930700002639, 38.53444999976012], [-77.27929699998066, 38.53455999986347], [-77.27920400009423, 38.534715000074975], [-77.27911299985763, 38.53552199978354], [-77.27911200003273, 38.535535000102655], [-77.27901300029852, 38.536421999843405], [-77.27897399994048, 38.536509999775845], [-77.278921000237, 38.53660999982393], [-77.27857999975515, 38.536874999911525], [-77.27827500015664, 38.53719999966717], [-77.27793500039802, 38.53748600017694], [-77.27777300001631, 38.53768199998264], [-77.2776459997947, 38.53786599994518], [-77.27744999997611, 38.5380730002188], [-77.2772879995944, 38.53825199978841], [-77.27673500029877, 38.53914700008951], [-77.2766740001994, 38.53920300030103], [-77.27656399969622, 38.539260000333556], [-77.27646099976405, 38.53930599971052], [-77.27637899974829, 38.53937900028053], [-77.27633899956534, 38.53944500033749], [-77.27621999973964, 38.54008499981425], [-77.27615600016554, 38.54030600003561], [-77.27606699957876, 38.54056000014124], [-77.27603599961662, 38.54070399967547], [-77.27603300014188, 38.540814000052535], [-77.27600100035485, 38.54092400026133], [-77.27592699983668, 38.541023999794206], [-77.27583099957722, 38.54174600013698], [-77.2757739996758, 38.542604000238555], [-77.27572299962218, 38.54318099975958], [-77.27579999961507, 38.543410999972046], [-77.2760690001269, 38.54397099994918], [-77.27622700031066, 38.54431999994633], [-77.27639700018996, 38.54483300005648], [-77.27655399965049, 38.54626299967027], [-77.2764909999013, 38.54648399987762], [-77.27636399967969, 38.546892999909836], [-77.27636000038005, 38.54691299999436], [-77.27635500035717, 38.54693699980735], [-77.27633400044077, 38.54703700011303], [-77.27630299958032, 38.54715200011699], [-77.2761810002799, 38.547298000009725], [-77.27612199983035, 38.54741999996227], [-77.2760060003777, 38.547515000144806], [-77.27586400008748, 38.54766100000311], [-77.27576100015533, 38.547728999681965], [-77.27557000035962, 38.54786399980436], [-77.27535399955124, 38.5481269996948], [-77.27521999965694, 38.54830499979612], [-77.27501299996771, 38.54840800022186], [-77.27486999985257, 38.54851500014635], [-77.2744630001468, 38.548928999923646], [-77.27439899967436, 38.54909499990131], [-77.2742179999244, 38.549802000025956], [-77.27403299997648, 38.55015200024178], [-77.27389599970913, 38.55024199966057], [-77.2735769998669, 38.55055000019137], [-77.27294800040329, 38.55124399977225], [-77.27258400035521, 38.55143799992897], [-77.2723790003158, 38.55158999981635], [-77.2720620001234, 38.55173900030924], [-77.27168399983161, 38.55196600007992], [-77.27160900038686, 38.55202200014523], [-77.2714799996171, 38.55213999966337], [-77.27048899975524, 38.5526589996624], [-77.26990200012442, 38.552918000175914], [-77.2695289998555, 38.55305100034281], [-77.26934899993044, 38.55310399984423], [-77.26905100000462, 38.55320899976179], [-77.26857499980355, 38.55339900015948], [-77.26821599977835, 38.55355999991851], [-77.26782499996611, 38.55379800006261], [-77.26745800044331, 38.55392099988728], [-77.2670369995955, 38.55409899969498], [-77.26672100012634, 38.55429200021981], [-77.2656830004088, 38.55485599975597], [-77.26535600017063, 38.555046999660895], [-77.2653319998812, 38.55506100031072], [-77.26484099961151, 38.555217999884505], [-77.26457700002088, 38.55528899977157], [-77.26424999978272, 38.55535100001137], [-77.26402800002488, 38.55539900031894], [-77.26382600035852, 38.55543600034386], [-77.26358899963373, 38.555456999798935], [-77.26338000029467, 38.555499000095665], [-77.26333199971579, 38.555518000255304], [-77.26320100019453, 38.55556900006741], [-77.26311099978284, 38.55561399991288], [-77.26301500042167, 38.55567700021118], [-77.26292599983492, 38.55576000018541], [-77.26281100020718, 38.555856000222256], [-77.26266100041937, 38.555969000203824], [-77.26240799980104, 38.55607899971068], [-77.26219799973876, 38.55616999976938], [-77.26197299960788, 38.556333999931674], [-77.26180899957635, 38.5564740002882], [-77.26163399967416, 38.55669199974859], [-77.26154300033589, 38.55691300021528], [-77.26148499971124, 38.557287999719534], [-77.26149399993207, 38.55802399981378], [-77.26159000019153, 38.558841000138784], [-77.26153900013793, 38.55901699982367], [-77.2614389996805, 38.55915600028399], [-77.2612489997097, 38.55935799965508], [-77.2607480002926, 38.55966399990228], [-77.26034999990932, 38.55982999967959], [-77.26031999977211, 38.55984299981945], [-77.25965299977531, 38.56001500015185], [-77.25964199990467, 38.5600180002847], [-77.2596229996381, 38.56002300027161], [-77.25961000011762, 38.56002599970168], [-77.25957900015548, 38.56003399982028], [-77.25955200039131, 38.56004099965988], [-77.25951499968306, 38.560051000332685], [-77.2588350001658, 38.560216999918616], [-77.25779599972505, 38.56034699980912], [-77.2576090001273, 38.560361000129085], [-77.2573699997527, 38.56037799986174], [-77.25704400023777, 38.56044999984176], [-77.25695300000118, 38.56046200029973], [-77.25690399959738, 38.56045199968406], [-77.25672899969518, 38.560456000070964], [-77.25652100018104, 38.56049300030275], [-77.25645400023389, 38.56058699979966], [-77.25645800043185, 38.560729999702765], [-77.25657399988448, 38.560848999945605], [-77.25684500004616, 38.561008000051096], [-77.25696600041996, 38.56113199974347], [-77.25702999999407, 38.56119699994428], [-77.25570299967322, 38.56331800032743], [-77.25505400011811, 38.565241999710025], [-77.25441600043366, 38.56713400014658], [-77.25440600038789, 38.56716500008121], [-77.25437700007559, 38.56725099996587], [-77.25175900031721, 38.57501400020593]], [[-77.50623900016384, 38.70610599983784], [-77.50790799989315, 38.708467999990674], [-77.50913499975655, 38.71020300026253], [-77.50939800042062, 38.710574999810156], [-77.5132410003926, 38.71600899987894], [-77.51334900034765, 38.71616299998247], [-77.51347999986888, 38.716093999863304], [-77.51371400022062, 38.715984999823775], [-77.51400799994849, 38.71589200014737], [-77.51428300030811, 38.71581599970393], [-77.51458700008172, 38.71574699995071], [-77.51491299959665, 38.71563100000216], [-77.51500499965813, 38.71556399979505], [-77.51507599980327, 38.715513000139275], [-77.51524900005562, 38.715419000334855], [-77.51541200026224, 38.71536499992899], [-77.51566599980713, 38.71533599997973], [-77.51608799958153, 38.71529500022477], [-77.51665099982122, 38.71533799971075], [-77.51685400021083, 38.715344000305286], [-77.51722300028176, 38.71536499992899], [-77.51755999966734, 38.71543699999378], [-77.51796200024856, 38.71554000029141], [-77.51825799962626, 38.71567399998693], [-77.51857999984153, 38.715782999799806], [-77.5189299996459, 38.71592300028657], [-77.51921599987615, 38.71604800021416], [-77.51964699987138, 38.716516999972896], [-77.52014300016394, 38.71706399974175], [-77.52082799970405, 38.71748399986107], [-77.52110200023876, 38.71759200023378], [-77.52153800025685, 38.71763499973971], [-77.52176599986248, 38.71766100030863], [-77.52194699961245, 38.71769199968058], [-77.52223000036798, 38.717746999912464], [-77.52251300022519, 38.71781400017593], [-77.52273400015814, 38.71779900025837], [-77.52290999988524, 38.7177870001819], [-77.52310900007687, 38.71776000017767], [-77.52331800031423, 38.71769100019846], [-77.5235690003844, 38.71764200032514], [-77.5238580000894, 38.717623000336616], [-77.52400100020454, 38.717756000150246], [-77.52389099970136, 38.71813800000938], [-77.52342600026927, 38.71854200019302], [-77.52310499987891, 38.71877400026546], [-77.52277099996806, 38.71908099997702], [-77.52234800036877, 38.71995500022187], [-77.52122600008731, 38.722019000331144], [-77.52124500035389, 38.722527999873726], [-77.52151599961722, 38.722994000235865], [-77.52179699982462, 38.7231890001623], [-77.5223590002394, 38.723431000193585], [-77.5224839999129, 38.72349100002248], [-77.52266600038607, 38.72355600030583], [-77.52292400012894, 38.7236339997268], [-77.52311999994753, 38.723694000086034], [-77.5233440002535, 38.72372200004949], [-77.52357699988201, 38.72373399983026], [-77.52384700021874, 38.7237469997073], [-77.52413699974865, 38.72376000028278], [-77.52429800030545, 38.72375900018473], [-77.52436000022973, 38.72375900018473], [-77.52436899955225, 38.723928999839856], [-77.52437000027547, 38.72400500006606], [-77.52437399957512, 38.7242059998874], [-77.52436299970446, 38.724302000230175], [-77.524386000169, 38.72430399971032], [-77.52446499981173, 38.72431199973282], [-77.52467800024705, 38.72433300022569], [-77.52481600033931, 38.72434800017347], [-77.5244630001619, 38.72733700019854], [-77.52634699997635, 38.7293340002134], [-77.52608699968536, 38.72961699972659], [-77.52605800027135, 38.72963500001428], [-77.52615600018066, 38.73010800034271], [-77.52614500031, 38.7301500000175], [-77.5262940002729, 38.73102500012392], [-77.5264130000986, 38.731731999686424], [-77.52643499983992, 38.73186599985444], [-77.52653199992427, 38.732437999983475], [-77.52657200010724, 38.7326719997354], [-77.5266030000694, 38.73285900011211], [-77.52666099979571, 38.73320099979325], [-77.52650199978706, 38.73324800027921], [-77.52514699987711, 38.733636999729384], [-77.52542399988656, 38.73524199992137], [-77.52381999955625, 38.73570199976017], [-77.51990200013952, 38.735324000344185], [-77.52057099978612, 38.73634699994506], [-77.52125100020169, 38.73783799966572], [-77.52128299998873, 38.737926999910464], [-77.5223860000036, 38.74042500016126], [-77.52242500036165, 38.7405170002761], [-77.52243500040738, 38.740539000072786], [-77.52252400009586, 38.740747999905], [-77.5225700001266, 38.74085399973024], [-77.52218400033723, 38.740985999887634], [-77.52198299959747, 38.741054999793164], [-77.52065899964967, 38.74150699983056], [-77.52000400024676, 38.74173000028788], [-77.51900900018693, 38.74206700032372], [-77.51878900007891, 38.74214300017233], [-77.51799800023358, 38.74241399994205], [-77.51790899964679, 38.742443999948996], [-77.51739200033616, 38.74262500026061], [-77.51668199978336, 38.74286899997785], [-77.51608699975662, 38.74307300015822], [-77.51524800023071, 38.74335599988986], [-77.51452000013457, 38.74360700005522], [-77.51352000005186, 38.743948000303824], [-77.51320500040758, 38.74405299976896], [-77.51286399992574, 38.744167000194444], [-77.51300000036817, 38.74446200029703], [-77.51312000001879, 38.74476200030329], [-77.51318199994306, 38.744977999695465], [-77.51318899961575, 38.74501700033349], [-77.51323299999669, 38.74524100013617], [-77.5132559995629, 38.745464999936765], [-77.51325800011104, 38.74562499976445], [-77.51325899993596, 38.745724000121974], [-77.51324399986733, 38.74592199972458], [-77.51320399968436, 38.74615799970844], [-77.513142999585, 38.7463999997012], [-77.51308800023173, 38.746561000015], [-77.51304200020098, 38.746672999684094], [-77.51293699972067, 38.74688900030132], [-77.51283200013869, 38.74706999985471], [-77.5126560004116, 38.74734300007818], [-77.51243399975543, 38.74766800028431], [-77.51229599966317, 38.7478720000653], [-77.51218100003545, 38.748040000271544], [-77.51205399981384, 38.74822599988863], [-77.51162799984148, 38.74882699968544], [-77.51154099980286, 38.74895000000641], [-77.51128499970983, 38.74929399988137], [-77.5109320004307, 38.749755999753084], [-77.51055400013892, 38.75022500033297], [-77.51011899994575, 38.75074499969832], [-77.50919599985593, 38.75182600020916], [-77.50866500030159, 38.75244700006046], [-77.50762699968575, 38.75366399998135], [-77.5061239996378, 38.75541599967228], [-77.50541300015841, 38.75625999972419], [-77.50538600039422, 38.75628699988896], [-77.50398600027843, 38.75792000015187], [-77.50375399957653, 38.758200999942034], [-77.50335400044177, 38.75866300030824], [-77.50326999987787, 38.75876799984698], [-77.50304999976986, 38.75902199998038], [-77.50300200008925, 38.75907500000729], [-77.50281999961608, 38.75929500002865], [-77.50275100001909, 38.75937799974903], [-77.50259200001044, 38.7595559996679], [-77.50247200035984, 38.75970799987681], [-77.5022229999395, 38.76000699996978], [-77.50191300031811, 38.76039999979597], [-77.5014909996454, 38.760984999833106], [-77.50126999971246, 38.76132000019749], [-77.50079100003666, 38.762102999950514], [-77.50017099989556, 38.76314200019756], [-77.49995400016056, 38.763494999700185], [-77.49985299987823, 38.76366000024192], [-77.49960199980806, 38.76408000028123], [-77.49922100004156, 38.76472300003129], [-77.4989420003823, 38.765170999941866], [-77.49762000008432, 38.767378000142145], [-77.49720699963244, 38.76804199983596], [-77.49682099984305, 38.76864999996658], [-77.49651000039675, 38.76911899966403], [-77.49618399998353, 38.76959500017677], [-77.49580499986683, 38.77016099974866], [-77.49576899988182, 38.770212999758826], [-77.49568000019336, 38.770342999968506], [-77.49561499989603, 38.77043700033892], [-77.4955980001776, 38.77046199975344], [-77.49554299992602, 38.77053400031563], [-77.49545300041265, 38.77064899991492], [-77.49543300032116, 38.770638999896214], [-77.49535600032827, 38.77060100009252], [-77.49528299963501, 38.770563000268574], [-77.49512699999941, 38.77050599979435], [-77.49501200037169, 38.77046299989795], [-77.49485699966267, 38.770403999753576], [-77.49459399989694, 38.77031200033329], [-77.49443800026131, 38.77026700002552], [-77.49424499991747, 38.770211000163165], [-77.49409900032761, 38.77017599987669], [-77.49389500011311, 38.770127000287225], [-77.49370299959419, 38.77008900021079], [-77.49360700023301, 38.770070000165006], [-77.49353799973773, 38.77005600016486], [-77.4929939997646, 38.769968000201224], [-77.49297399967313, 38.769964999746875], [-77.49008200027835, 38.76952499968255], [-77.48967899987221, 38.76946299968773], [-77.48925899974766, 38.7693520002177], [-77.48858099988023, 38.76923299998192], [-77.48840599997804, 38.769205999812534], [-77.48803199988421, 38.769149999817664], [-77.48783900043871, 38.76911700003777], [-77.48781299960112, 38.76911300008465], [-77.48766600018634, 38.76926100030244], [-77.48724900043482, 38.769681000289665], [-77.48718599978731, 38.76974499970373], [-77.48702599995374, 38.76990599989102], [-77.48697300025029, 38.76995900023859], [-77.48696200037965, 38.7699720001064], [-77.48695200033389, 38.7699820002186], [-77.48693499971714, 38.7699979998349], [-77.48667199995141, 38.770263000136886], [-77.48546099998151, 38.77148699972296], [-77.48511899967474, 38.77183199965912], [-77.48495399981832, 38.7719990000764], [-77.48438200025609, 38.77257700016302], [-77.48432399963146, 38.772634999796836], [-77.48385099980342, 38.77311200006794], [-77.48292699988872, 38.77404500026995], [-77.48295500037611, 38.77409899973689], [-77.48305199956218, 38.774247000115494], [-77.48306900017894, 38.77426900002253], [-77.48323700040842, 38.77448200020402], [-77.48337499960236, 38.774649000019835], [-77.48340599956451, 38.774686999768136], [-77.48335700005903, 38.77472300002707], [-77.48327300039344, 38.77478400026872], [-77.48280800006302, 38.77512099973341], [-77.48108699955688, 38.77636900008336], [-77.48100700008925, 38.77642900025709], [-77.48095699986055, 38.77646599969711], [-77.4795319996304, 38.777497999851505], [-77.47940299975896, 38.77743100025], [-77.47906999967303, 38.77775299988122], [-77.4789969998781, 38.7778230000045], [-77.47849899993572, 38.778301999964825], [-77.47816199965183, 38.778627999985396], [-77.47589700007086, 38.78080999984988], [-77.47558400007642, 38.78111199973016], [-77.47563000010719, 38.781127999651034], [-77.47575999980353, 38.78117100012085], [-77.47594399992654, 38.781230999756026], [-77.47597900008662, 38.781241999683644], [-77.47602799959212, 38.78125800027565], [-77.47613800009528, 38.78129400001887], [-77.47624600005032, 38.78132799975967], [-77.47640000003611, 38.78138000003218], [-77.47649499957234, 38.78141499972287], [-77.4765120001891, 38.78142099966816], [-77.47659099983181, 38.781439000201125], [-77.47661400029637, 38.78144700012536], [-77.47672499972612, 38.781485999743005], [-77.47674900001556, 38.78149499965174], [-77.47678099980261, 38.78150600023893], [-77.47693399996349, 38.781557999681354], [-77.47695400005499, 38.78156500030363], [-77.47697499997139, 38.78157200022499], [-77.47699800043591, 38.78157900014567], [-77.47701699980418, 38.781586000065666], [-77.47705600016224, 38.7815979999269], [-77.47718599985858, 38.78163900013779], [-77.47738699970002, 38.781703000027065], [-77.47740900033966, 38.78170999993489], [-77.47748100030967, 38.78173200034095], [-77.4776450003412, 38.78178099966126], [-77.47776300034197, 38.78181699984072], [-77.47792099962741, 38.78186499981833], [-77.47820500020785, 38.78195899971002], [-77.47828800004854, 38.781985999953996], [-77.47837900028512, 38.78201600013525], [-77.47880699990728, 38.782157000328006], [-77.47909899998534, 38.782249999855544], [-77.47911300022906, 38.78225499975143], [-77.47886600035685, 38.78251000027812], [-77.47879500021173, 38.78258299985737], [-77.47875199965571, 38.78262700012401], [-77.47864100022595, 38.782741999833284], [-77.47855199963918, 38.782837999911365], [-77.47849499973776, 38.78289900021474], [-77.47847399982136, 38.78292200022378], [-77.47843700001144, 38.78296199970419], [-77.47842799979061, 38.78297200009597], [-77.47841600009504, 38.7829849996929], [-77.47827600035295, 38.78313099990479], [-77.47811800016922, 38.7832979997758], [-77.47809300005487, 38.78332400024887], [-77.47797199968103, 38.78344599997197], [-77.47796199963528, 38.783457000258174], [-77.4778150002205, 38.7836139997656], [-77.47767100028047, 38.783767999753884], [-77.47752599961719, 38.78392300006555], [-77.47738599987511, 38.78407300027221], [-77.4772379997371, 38.7842299998238], [-77.4770899995991, 38.78438900032861], [-77.476949999857, 38.78453800030805], [-77.47685299977265, 38.784642000334834], [-77.47680599991696, 38.78469099975618], [-77.47665699995406, 38.78485099987597], [-77.4765120001891, 38.78500499999351], [-77.47641199973168, 38.78511199985662], [-77.476364999876, 38.7851630002322], [-77.47622400030902, 38.785312999930966], [-77.476076000171, 38.785472000121366], [-77.47593200023097, 38.78562499966595], [-77.47578300026805, 38.785783999860826], [-77.47563699977985, 38.78594099984624], [-77.47546900044868, 38.78611999993861], [-77.4754350001135, 38.786154000179195], [-77.47537700038718, 38.78621399982278], [-77.4753570002957, 38.78623299976946], [-77.47510799987535, 38.786488000074215], [-77.47495899991243, 38.786641000239484], [-77.4749499996916, 38.78664900028026], [-77.4749210002776, 38.78667899990008], [-77.47475300004812, 38.786851000137574], [-77.4747439998273, 38.78686000006938], [-77.47471600023819, 38.78688799977212], [-77.4745480000087, 38.78706000020563], [-77.47377300005691, 38.78785100023605], [-77.4735899997588, 38.7880390002174], [-77.47347000010818, 38.78816100027534], [-77.47330500025176, 38.788329000162584], [-77.47325599984795, 38.78838000033756], [-77.47322800025886, 38.788409000036424], [-77.47297200016581, 38.78839099986254], [-77.4723650004435, 38.788348000245776], [-77.47118399971252, 38.788272999777305], [-77.47003800003995, 38.78818499988332], [-77.46830099964026, 38.78806999985017], [-77.46544100003254, 38.78788100005026], [-77.46171900043439, 38.78762900023793], [-77.46086099974359, 38.78756599997061], [-77.46001299999685, 38.78751499991348], [-77.4597359999874, 38.787493999796986], [-77.45858199991892, 38.787404999734726], [-77.45850699957586, 38.78739400005762], [-77.45857500024621, 38.78681199995322], [-77.4585800002691, 38.78677199983167], [-77.45864200019338, 38.786275000038906], [-77.45872900023201, 38.78558700014383], [-77.458833999814, 38.7847669997353], [-77.45892699970042, 38.78396500029528], [-77.45895199981479, 38.783749999808784], [-77.45897399955608, 38.783532000190874], [-77.45900299986839, 38.78323699981376], [-77.45903499965544, 38.78289900021474], [-77.45908300023433, 38.782279999925784], [-77.45911500002138, 38.781858999910405], [-77.45917100009788, 38.78114800024737], [-77.45924899991569, 38.780445999838804], [-77.45943600041176, 38.77896300014465], [-77.45949900016095, 38.778395000318106], [-77.45948800029028, 38.77832299998743], [-77.4594599998029, 38.7782529996546], [-77.4594320002138, 38.77820900019058], [-77.45937000028952, 38.77814299989315], [-77.45929999996932, 38.778094000174], [-77.4569049997937, 38.776755999791405], [-77.45475499984045, 38.775543999754724], [-77.45443699982314, 38.775364999725696], [-77.45362099986346, 38.77489100006134], [-77.4531320001419, 38.77457100028872], [-77.45298099963087, 38.77445399983174], [-77.45281699959934, 38.77430100012981], [-77.45271500039038, 38.77418199974571], [-77.45265400029103, 38.77408399973342], [-77.452610999735, 38.773979999716076], [-77.45258499979573, 38.77387400005412], [-77.45257700029812, 38.773764999940184], [-77.45255600038172, 38.77362999986367], [-77.45253899976497, 38.77358199994612], [-77.45253200009229, 38.77355999982719], [-77.45251399965062, 38.77352599988473], [-77.45248500023662, 38.773495000232025], [-77.45244199968062, 38.773475000290794], [-77.45234899979418, 38.77346199966069], [-77.45226199975555, 38.773445000018306], [-77.45210000027217, 38.77341699993931], [-77.45184500000403, 38.77340000028621], [-77.45176200016336, 38.773400999689166], [-77.4517239996302, 38.773406000205405], [-77.45163699959157, 38.77340700030864], [-77.45132399959711, 38.77344399991561], [-77.45119300007588, 38.773480000101536], [-77.45086300036299, 38.77363400026387], [-77.45080399991343, 38.77365500026028], [-77.45068699973757, 38.77367500015103], [-77.45055000036854, 38.7736859998434], [-77.4502659997881, 38.773705000326785], [-77.44995199996873, 38.77364999976144], [-77.4499000000902, 38.7736260001636], [-77.44934199987337, 38.77337100008587], [-77.44814900034514, 38.77285399992093], [-77.44760500037201, 38.77259600024149], [-77.44759500032627, 38.77258900013942], [-77.44730599972294, 38.77237399967259], [-77.44705300000295, 38.77218099980914], [-77.44679299971196, 38.771991999915784], [-77.44604899972231, 38.77141699968456], [-77.4452749995954, 38.770795000168434], [-77.44504000031708, 38.7706070002472], [-77.4449780003928, 38.77056399971129], [-77.44487499956232, 38.77049500031195], [-77.44478099985099, 38.770592999652095], [-77.44458599985731, 38.77080000016703], [-77.44446899968146, 38.771194000214834], [-77.44405199992993, 38.77240499981249], [-77.44383199982191, 38.77304100011512], [-77.44377300027067, 38.77318999999385], [-77.44374300013345, 38.77326600032447], [-77.44334300010036, 38.774267999931375], [-77.4432329995972, 38.774466000192724], [-77.44263799957044, 38.775534999795255], [-77.44262800042301, 38.775552999713], [-77.44278099968558, 38.77621099996808], [-77.44290200005942, 38.77672999972481], [-77.44304099997657, 38.77700800021503], [-77.44385699993626, 38.778642999733535], [-77.44374599960817, 38.779577999748206], [-77.44351200015477, 38.77975399966526], [-77.44328700002386, 38.779924999789344], [-77.4432760001532, 38.77993199987169], [-77.44300300034173, 38.78011899971624], [-77.44296999983146, 38.78014299993044], [-77.4429370002195, 38.780171000170114], [-77.44276800016509, 38.780320999866206], [-77.44273700020295, 38.78034199999453], [-77.44252700014067, 38.7804850000039], [-77.44247699991196, 38.78051900013043], [-77.44246400039148, 38.780530000167886], [-77.4424300000563, 38.780560000261396], [-77.44222099981891, 38.780739999857374], [-77.44201300030477, 38.78087999977367], [-77.44197800014467, 38.78090299973364], [-77.44196100042625, 38.78091399971186], [-77.44189500030402, 38.78104600001858], [-77.44182800035684, 38.78118500004024], [-77.44168699989154, 38.781394999901714], [-77.44165500010449, 38.78144300016338], [-77.44149400044601, 38.78167799965042], [-77.44133399971413, 38.78191399974753], [-77.44110899958322, 38.78212300028219], [-77.44091100011484, 38.78230700004821], [-77.44088000015267, 38.782336000116445], [-77.4408740003049, 38.78234399994], [-77.44083800031989, 38.78240200003457], [-77.44072500034198, 38.78258299985737], [-77.44056200013536, 38.78284399973686], [-77.4405510002647, 38.782859999969396], [-77.44049400036329, 38.78298900026865], [-77.44047599992165, 38.78302899971149], [-77.44043900011172, 38.78311199983175], [-77.44035299989798, 38.78340600006279], [-77.4403329998065, 38.783472999652886], [-77.44017399979785, 38.783422000169224], [-77.44013199996506, 38.78338899998958], [-77.44004699957624, 38.78332400024887], [-77.43989699978842, 38.78320800011196], [-77.43976600026716, 38.7831060000288], [-77.43963300019779, 38.7829910002063], [-77.43939899984605, 38.78278899991684], [-77.43926900014971, 38.78267700020305], [-77.43905999991233, 38.782495999918645], [-77.43883800015449, 38.78230400011291], [-77.43845099964187, 38.78197000022563], [-77.43839499956538, 38.7819220003187], [-77.43838100021998, 38.78190899982774], [-77.43836500032647, 38.78189500005049], [-77.43832599996841, 38.781860999879754], [-77.43760399972004, 38.78123299974298], [-77.43756899955993, 38.78120199993868], [-77.43736000022088, 38.78102100011188], [-77.43727300018226, 38.78094600033918], [-77.43695199979187, 38.78066799979341], [-77.43693800044649, 38.78065499977413], [-77.43691400015706, 38.78063399973793], [-77.43645700022255, 38.78023799999863], [-77.4355659999198, 38.77946499987487], [-77.435339999964, 38.779270000248744], [-77.43514199959728, 38.77911599965003], [-77.43512300022901, 38.779101000001425], [-77.43500000020536, 38.77899400022202], [-77.434277999957, 38.77836800011505], [-77.43425299984266, 38.778345000037795], [-77.4342069998119, 38.778389000118224], [-77.43414599971253, 38.778444999863], [-77.43408299996334, 38.77850000023237], [-77.43401900038923, 38.77855399982789], [-77.4339540000919, 38.7786080000829], [-77.43388799996967, 38.7786600002379], [-77.43382100002252, 38.778711999654725], [-77.43375200042556, 38.778762999705826], [-77.43368299993026, 38.778811999665635], [-77.43363799972441, 38.77884299980859], [-77.43361199978513, 38.778861000292096], [-77.43353999981512, 38.77890900015851], [-77.43346700002019, 38.778955999967195], [-77.43339400022525, 38.77900199972023], [-77.43331899988218, 38.77904700011971], [-77.43330200016374, 38.77905600033627], [-77.4332429997142, 38.77908999974349], [-77.43322699982068, 38.77909899995461], [-77.43316599972131, 38.779133000041696], [-77.4330879999035, 38.77917500029158], [-77.43300900026078, 38.77921499977297], [-77.43292999971975, 38.77925499993222], [-77.43284900042721, 38.77929300002768], [-77.4328279996125, 38.779303000233746], [-77.43276800023636, 38.779331000102935], [-77.4326860002206, 38.779367000118654], [-77.43260300037991, 38.779402000097086], [-77.43251899981601, 38.77943600003966], [-77.43243500015043, 38.77946899994785], [-77.43234999976163, 38.779500999823], [-77.43226400044621, 38.779531000349394], [-77.43217700040756, 38.77956000014603], [-77.43209000036893, 38.77958899993081], [-77.43200199960708, 38.77961599967159], [-77.43191399974353, 38.77964100007086], [-77.43182500005506, 38.77966599976104], [-77.43173600036661, 38.779689000112576], [-77.43164599995491, 38.77971099974154], [-77.43161800036583, 38.7797179998449], [-77.43155499971833, 38.77973200004955], [-77.43146400038005, 38.77975200033712], [-77.43136499974752, 38.779771999918765], [-77.43128100008192, 38.779787000126596], [-77.43118900002042, 38.77980300034477], [-77.43109299976096, 38.77981799984572], [-77.43110700000466, 38.77954899995894], [-77.4311170000504, 38.77933800024354], [-77.43084000004099, 38.779378999653005], [-77.4307439997815, 38.779389999866304], [-77.43066199976573, 38.779399000039575], [-77.43049500025947, 38.779413000306846], [-77.43032600020507, 38.7794219997769], [-77.4301449995568, 38.77942699987106], [-77.42996800000479, 38.779425999852236], [-77.42978499970667, 38.77941999973915], [-77.4295749996444, 38.7794070001926], [-77.42938300002378, 38.779387999827655], [-77.42913899962629, 38.77935499988198], [-77.42894399963264, 38.7793209999008], [-77.42872600007274, 38.7792759996742], [-77.42840999970525, 38.77919400001303], [-77.42817299987878, 38.779119999742534], [-77.42804999985513, 38.779077000136844], [-77.42793299967927, 38.77903299978059], [-77.42771900031735, 38.778944999686935], [-77.42753400036942, 38.778859000238555], [-77.42746499987413, 38.778944999686935], [-77.42577000020556, 38.77811899970623], [-77.42367499960561, 38.777104000308924], [-77.42343899960403, 38.77700800021503], [-77.42320500015063, 38.77692600004707], [-77.42302699987539, 38.776866000291456], [-77.4228029995694, 38.77680300031869], [-77.42261400032183, 38.776755999791405], [-77.42233300011445, 38.77669599989276], [-77.4220130004473, 38.77664399970635], [-77.42245399958996, 38.77516900001599], [-77.4211890000917, 38.77289799988712], [-77.41999599966513, 38.77075799988778], [-77.41942499992783, 38.76973100034025], [-77.41954700012657, 38.769699000283886], [-77.41976700023459, 38.769644000131656], [-77.42009399957442, 38.76955000011707], [-77.42035800006339, 38.76939399992389], [-77.420485000285, 38.7693179996703], [-77.42076999979203, 38.76914800019226], [-77.42149000039056, 38.76891400020697], [-77.42188299985264, 38.76881800029626], [-77.42201000007425, 38.76878699999836], [-77.42216099968698, 38.768826000235386], [-77.42252499973506, 38.76891999980313], [-77.42265100013176, 38.76897300018283], [-77.42284899960015, 38.769054999688365], [-77.42315200044719, 38.76918099995781], [-77.42343699995422, 38.769299000119524], [-77.42361600005437, 38.76937400023364], [-77.42346000041874, 38.76900200007], [-77.42272599957651, 38.76726099979412], [-77.42230499962704, 38.766285999704834], [-77.42157900007903, 38.76460399977921], [-77.4214369997888, 38.7642739998783], [-77.42058099964615, 38.76228700023097], [-77.42068199992848, 38.7622419997646], [-77.42135899997099, 38.76187599972739], [-77.4215699998582, 38.761762000262486], [-77.42194899997487, 38.76153400008589], [-77.42215099964125, 38.761413000276946], [-77.42225000027376, 38.761348999692984], [-77.42240400025953, 38.76123399981278], [-77.42250800001662, 38.7611360002255], [-77.42255300022246, 38.76107599979702], [-77.42258500000952, 38.760996999657955], [-77.42259699970508, 38.76090300015882], [-77.42260900029896, 38.76081300025403], [-77.42270100036048, 38.76048200004825], [-77.42279599989672, 38.76010200023842], [-77.42283299970664, 38.75993300010792], [-77.42288799995822, 38.7596819999009], [-77.4228949996309, 38.75959699994049], [-77.42288399976027, 38.759511999878804], [-77.42284000027765, 38.75939499994148], [-77.42280699976736, 38.75926699999988], [-77.42279300042198, 38.75913600031996], [-77.42279900026975, 38.759023000285254], [-77.42282500020903, 38.75891000007163], [-77.42286799986672, 38.758801999818], [-77.42314700042431, 38.758326000151285], [-77.42334200041797, 38.758060000026084], [-77.42365700006224, 38.757646999747365], [-77.42376599984219, 38.757511999992865], [-77.42402100011032, 38.757150999768434], [-77.42408499968441, 38.75705799973888], [-77.42415099980667, 38.756952000152474], [-77.42420299968519, 38.756835999856364], [-77.42426700015761, 38.75671600012461], [-77.42429999976957, 38.756666000060044], [-77.4243650000669, 38.756579000032396], [-77.42449599958815, 38.75644100003672], [-77.42484899976557, 38.756068999693916], [-77.42503200006368, 38.75586300022164], [-77.42516799960781, 38.755703000221324], [-77.42529099963144, 38.75555899991434], [-77.42536299960146, 38.7554779999643], [-77.42545999968586, 38.75538400020101], [-77.42549700039407, 38.755349000346996], [-77.42564299998396, 38.75522900021672], [-77.42593199968896, 38.75505100001386], [-77.42608700039797, 38.75493999983972], [-77.42623899983562, 38.754814000341646], [-77.4263640004074, 38.75468399985914], [-77.42669599977012, 38.7543389996671], [-77.42685300012894, 38.75416500013765], [-77.42733199980475, 38.753598000092886], [-77.4297069998889, 38.75549000001459], [-77.42978899990464, 38.755556000255126], [-77.42990100005764, 38.75564500013263], [-77.43052000037383, 38.75606000007967], [-77.4315110002357, 38.75622700028732], [-77.43173999966626, 38.75626500004086], [-77.43324100006437, 38.7565169999963], [-77.43364600012033, 38.75662199989024], [-77.43396300031274, 38.75670299994306], [-77.43419199974328, 38.75676299984508], [-77.43470800012732, 38.7568960003471], [-77.43609300017448, 38.75758199966393], [-77.43621500037322, 38.75764200022804], [-77.43633199965078, 38.757694999878765], [-77.43636099996309, 38.75770799987962], [-77.43646899991813, 38.757796999875666], [-77.43655500013186, 38.757848999790475], [-77.43698600012706, 38.75808799982789], [-77.4372840000529, 38.75822099996224], [-77.43752199970429, 38.758346000136406], [-77.43801799999682, 38.758642000101744], [-77.43820100029492, 38.758713999983435], [-77.43845800021288, 38.75881599992494], [-77.43914799977588, 38.75918099994305], [-77.44117200023072, 38.75695699972019], [-77.43799100023266, 38.75582500025406], [-77.4378389998967, 38.755771000265305], [-77.43791199969162, 38.75568799985263], [-77.43797399961589, 38.755601999686164], [-77.43800399975312, 38.75555899991434], [-77.43804099956303, 38.75550000005493], [-77.43808300029414, 38.7554299997429], [-77.43812599995185, 38.7553549996827], [-77.43817500035567, 38.75525800008569], [-77.43821999966319, 38.7551599999979], [-77.43825700037144, 38.75507100021619], [-77.43828199958747, 38.75500199984467], [-77.43830500005201, 38.754933000106945], [-77.43884800020022, 38.753180000083034], [-77.43887199959134, 38.75311099998514], [-77.4388880003832, 38.75306899980149], [-77.4389029995535, 38.75303200013636], [-77.43893799971359, 38.75295500027939], [-77.4389739996986, 38.75288300019245], [-77.43901899990443, 38.75280299969928], [-77.4390659997601, 38.75272900007401], [-77.43910500011816, 38.75267099967038], [-77.43965499993908, 38.75191900005024], [-77.4396909999241, 38.75187199994233], [-77.43974399962754, 38.75180700020413], [-77.43978399981052, 38.75176200013515], [-77.43984300026005, 38.751700000118184], [-77.43989099994064, 38.75165299986607], [-77.43993199994851, 38.7516149997588], [-77.43999300004788, 38.75156199979673], [-77.4400359997056, 38.75152599976037], [-77.44009599998004, 38.751479999804246], [-77.44015799990432, 38.75143599994035], [-77.44023800027026, 38.751382000133944], [-77.44028799960066, 38.751350999967194], [-77.44036600031679, 38.7513049998983], [-77.44041800019532, 38.751277000237806], [-77.44048900034043, 38.75124100005777], [-77.44055499956436, 38.75120999982974], [-77.44063400010539, 38.75117500003074], [-77.44069000018189, 38.75115200029358], [-77.44076499962664, 38.75112300015754], [-77.44080900000756, 38.75110800022747], [-77.44091699996261, 38.75107499980985], [-77.44102599974255, 38.75104499992643], [-77.44113700007063, 38.751017999880446], [-77.44125000004853, 38.750995999809504], [-77.44136399985136, 38.75097800000115], [-77.4414790003774, 38.75096300004065], [-77.44205599996249, 38.750903000167064], [-77.4427460004238, 38.75174399981936], [-77.44285000018085, 38.751876999865814], [-77.44305199984723, 38.7521339998066], [-77.4434719999718, 38.75261099983124], [-77.44412999974773, 38.75351499995556], [-77.44488999963093, 38.75455900027666], [-77.44497900021771, 38.754681999828335], [-77.44506500043144, 38.754781000236214], [-77.44527200012067, 38.75500500022766], [-77.44549700025156, 38.7551599999979], [-77.44570200029098, 38.7552769998727], [-77.44596699970653, 38.75542700007827], [-77.44699299972852, 38.756198999755405], [-77.44697400036026, 38.756235000237105], [-77.44691900010865, 38.75633999984537], [-77.44672800031294, 38.75648700029845], [-77.44665600034293, 38.756505999758254], [-77.44661699998487, 38.7565169999963], [-77.44643899970963, 38.75665800015858], [-77.44631999988394, 38.75667700027343], [-77.44619799968522, 38.75665800015858], [-77.44615199965448, 38.75665099989375], [-77.44608899990529, 38.75664199965236], [-77.44606499961581, 38.75663799970041], [-77.44599600001885, 38.75662900015791], [-77.44593800029253, 38.75662999979575], [-77.44586299994945, 38.75663199977202], [-77.44559400033596, 38.75676400018163], [-77.44493499983679, 38.75739300032439], [-77.44493599966168, 38.757414999824746], [-77.44473999984311, 38.757627000266865], [-77.44447500042756, 38.757835000194355], [-77.44446600020672, 38.75784200034305], [-77.44440400028245, 38.75785399999587], [-77.44412200025013, 38.758041000279405], [-77.44400500007427, 38.75808799982789], [-77.44394899999779, 38.758111000132196], [-77.44371299999622, 38.75831700012112], [-77.44368200003407, 38.75830899970419], [-77.44334399992528, 38.758089999763264], [-77.44296200033385, 38.75965599991551], [-77.4428669998993, 38.760047999983215], [-77.4428319997392, 38.760189999762396], [-77.44280499997502, 38.76030400033761], [-77.44277300018797, 38.760414999874804], [-77.4428879998157, 38.76046800026812], [-77.44295899996081, 38.76049700010984], [-77.44302300043323, 38.760517999770485], [-77.44310999957354, 38.76053799984181], [-77.44318900011459, 38.76054999974182], [-77.44327500032831, 38.76055499975792], [-77.44333200022972, 38.760559000190824], [-77.44336900003964, 38.760562000340265], [-77.44344699985744, 38.76057100008731], [-77.44350299993393, 38.76057900025065], [-77.44355999983534, 38.76058900027849], [-77.44361599991184, 38.76059999988717], [-77.44367100016342, 38.7606130000593], [-77.44372700023992, 38.76062699981103], [-77.44377999994337, 38.76064300012427], [-77.44377300027067, 38.7607119999456], [-77.44373399991262, 38.76106599983748], [-77.44374399995836, 38.76126699973648], [-77.44362500013268, 38.76244299985345], [-77.44351800000256, 38.763500999752054], [-77.44350200010904, 38.76369899977933], [-77.44349500043633, 38.76379100002247], [-77.4440360000364, 38.76427200011623], [-77.44406899964837, 38.764302000043784], [-77.44495599975318, 38.765084999995835], [-77.44546399974128, 38.76529899979994], [-77.44563000032095, 38.765370999969385], [-77.4456410001916, 38.76537600034813], [-77.44470300003317, 38.76629500013083], [-77.44532900002208, 38.76662700018655], [-77.44552999986352, 38.76673300011103], [-77.44727700030894, 38.76765599996011], [-77.44743200011965, 38.767486000023744], [-77.44808499987272, 38.76673499980412], [-77.44850699964711, 38.76614700006381], [-77.44855000020313, 38.76617100007661], [-77.44859100021101, 38.76622600010468], [-77.44863100039397, 38.76626199973074], [-77.44865899998308, 38.76627800018132], [-77.44914199985682, 38.76655000028802], [-77.44983399996798, 38.766939999919146], [-77.45010099993165, 38.76709000012555], [-77.4504709998275, 38.76730899976253], [-77.45086099981485, 38.76752500027156], [-77.45154399970515, 38.76791399999607], [-77.4518080001941, 38.768069999923576], [-77.45215600034865, 38.76827199987955], [-77.45246599997004, 38.76842899989759], [-77.45300099972233, 38.768698999870125], [-77.45314200018765, 38.76879300030562], [-77.45332799996049, 38.76890100014636], [-77.45359099972622, 38.76903099994537], [-77.45370700007717, 38.76908999982448], [-77.45390000042103, 38.76918899985624], [-77.45403500014022, 38.76925100008918], [-77.4546460000605, 38.769484999669494], [-77.45484199987911, 38.76956499967323], [-77.45501299958332, 38.76963500012815], [-77.45477900012992, 38.76990700004333], [-77.45459800037995, 38.77011399974726], [-77.45456200039493, 38.770155000256864], [-77.45465699993117, 38.770210000015176], [-77.45468899971823, 38.77022799987592], [-77.45787300008935, 38.77197000000684], [-77.45803799994579, 38.77205999984617], [-77.45832699965081, 38.77222000029176], [-77.45863399979744, 38.77239000015316], [-77.45869499989682, 38.77231900018201], [-77.4606010003509, 38.77011600004604], [-77.45993000015618, 38.76974300009502], [-77.45885399990547, 38.76914499970342], [-77.45817000019026, 38.768764999801405], [-77.45729599960595, 38.76829599987793], [-77.45715199966591, 38.7684449998622], [-77.45709999978736, 38.76849900006641], [-77.45704100023615, 38.768552000058506], [-77.45688200022748, 38.768726999699844], [-77.45673499991437, 38.7688880000834], [-77.45663399963205, 38.76900499986444], [-77.45651700035448, 38.76914700002931], [-77.45646899977561, 38.76917999979538], [-77.45641199987419, 38.76920099970222], [-77.456349000125, 38.76920900029875], [-77.4562860003758, 38.76920199986436], [-77.45598099987897, 38.769046999774915], [-77.45566000038693, 38.76888299995079], [-77.45578500006039, 38.76873900032394], [-77.45582199987032, 38.76869499989358], [-77.45591399993182, 38.76858799991173], [-77.45571899993816, 38.76847500013638], [-77.45488999955967, 38.76799200000244], [-77.45478400015277, 38.76793100025618], [-77.45482599998556, 38.767887000027905], [-77.45511100039094, 38.76751400032953], [-77.45533999982146, 38.76726799971855], [-77.45579799958087, 38.76677699965016], [-77.45620500018497, 38.76634300004877], [-77.45653300024803, 38.76599200034129], [-77.45657699973064, 38.76594499969464], [-77.45503000020007, 38.765061999837975], [-77.45406199990441, 38.76451199988382], [-77.4530829997381, 38.763955000344446], [-77.45230000028869, 38.7635099998289], [-77.4515050002454, 38.763057999703484], [-77.4512650000459, 38.76293600012735], [-77.45081599960902, 38.76268800003601], [-77.44781700008411, 38.76092100026621], [-77.44777100005336, 38.76089399975315], [-77.44775900035779, 38.76088699990382], [-77.44772199964956, 38.76086500007276], [-77.44770699958094, 38.760855999662304], [-77.44774400028919, 38.76068199990963], [-77.44843300002725, 38.757916999891364], [-77.44895100006111, 38.75589900017232], [-77.44894699986315, 38.75576999991485], [-77.44902399985605, 38.75546799992083], [-77.44913000016126, 38.755055000054746], [-77.4494919996612, 38.753646000145174], [-77.44952500017148, 38.75350300027379], [-77.44986400010518, 38.75338999972695], [-77.45019499964299, 38.753282000227436], [-77.45008500003813, 38.75307299995351], [-77.44988099982362, 38.752686999665656], [-77.44949099983629, 38.75187400005187], [-77.4492310004436, 38.751207999701585], [-77.44921700019991, 38.75109699985644], [-77.44919899975822, 38.75096099990558], [-77.4491810002149, 38.75082100011817], [-77.44915299972747, 38.750608000055166], [-77.44915100007766, 38.7504690000003], [-77.44914500022989, 38.75015600018105], [-77.44914400040497, 38.75012500018249], [-77.44916500032137, 38.749893000330694], [-77.4491750003671, 38.749778000206156], [-77.44922600042074, 38.74960400006771], [-77.44928499997197, 38.74927600034451], [-77.44932900035289, 38.74896100000771], [-77.4493650003379, 38.74885800024769], [-77.44937899968329, 38.7487840000359], [-77.44938899972905, 38.748625999781424], [-77.44948699963832, 38.74803899981278], [-77.4495629998063, 38.74773199982499], [-77.44993900044827, 38.745910999955676], [-77.4500339999845, 38.745450000219165], [-77.45025499991743, 38.7443820001759], [-77.45044599971315, 38.743677999869284], [-77.45058499963034, 38.743138000141315], [-77.45070600000416, 38.74266499991535], [-77.45105199961056, 38.74129700026511], [-77.45116399976355, 38.74065799981084], [-77.45119499972569, 38.7405059996746], [-77.45127699974147, 38.74010199965736], [-77.45128799961212, 38.74003499997294], [-77.45132100012239, 38.73990999996491], [-77.451512999743, 38.73904999975244], [-77.45158899991098, 38.73866900016925], [-77.45164199961444, 38.73833699968437], [-77.45186699974535, 38.738362999727364], [-77.45195100030925, 38.73832999972503], [-77.45205800043938, 38.738312000226976], [-77.45238999980205, 38.73833499989625], [-77.45256499970425, 38.738373999958306], [-77.45296499973732, 38.73843499974319], [-77.45335100042502, 38.73849100001675], [-77.45355200026648, 38.738519999678196], [-77.45352499960399, 38.73833300010812], [-77.45346799970258, 38.7379400000078], [-77.45335999974755, 38.737187000171616], [-77.45365100000068, 38.73711000004241], [-77.45402900029245, 38.73600900031818], [-77.45399199958422, 38.73596300017481], [-77.45457300026558, 38.73556899971366], [-77.4551940002316, 38.73519300017065], [-77.45562199985378, 38.73493600021267], [-77.45777000015718, 38.73376200020541], [-77.45781500036304, 38.733737999805854], [-77.45798600006725, 38.73364500010836], [-77.458945999967, 38.73323999985577], [-77.45898100012708, 38.73328299975621], [-77.45959899972006, 38.73398099980014], [-77.46272299981673, 38.73187599970002], [-77.46274700010618, 38.73179300023858], [-77.46278700028915, 38.7316709997829], [-77.46282400009906, 38.73165399999582], [-77.46333999958479, 38.73143200030244], [-77.46431700010129, 38.73096400031747], [-77.46529799991741, 38.73049500006585], [-77.46566399961532, 38.73031999988392], [-77.46672300014757, 38.72981299981201], [-77.46774599979648, 38.729321999971575], [-77.46881000035161, 38.72881299977024], [-77.46970599977892, 38.72838400005836], [-77.47111099991758, 38.72771099966032], [-77.47117700003982, 38.727664999779634], [-77.47124200033716, 38.72760800008444], [-77.47257299995766, 38.72732799976577], [-77.47317300000728, 38.72835499978559], [-77.47460900010807, 38.72884099983012], [-77.474681999903, 38.728865999799254], [-77.4760970000874, 38.729321999971575], [-77.4770119997813, 38.7296189997588], [-77.47873800031032, 38.73019899972371], [-77.47979600011934, 38.73055400026679], [-77.48019100012955, 38.73068599983918], [-77.4803140001532, 38.73073199987705], [-77.4802289997644, 38.730958000333736], [-77.48022100026678, 38.731017000152285], [-77.48021899971863, 38.73120799993154], [-77.4802360003354, 38.73133599972894], [-77.4802709995972, 38.73146200001725], [-77.48030099973441, 38.73153499997136], [-77.48070199959241, 38.732208000085244], [-77.4807579996689, 38.73230200023062], [-77.48117100012078, 38.73215899965476], [-77.48140799994725, 38.7320960001531], [-77.48164999979657, 38.732044999681555], [-77.48189699966879, 38.73200900031612], [-77.48218999957174, 38.73198100009634], [-77.48241499970264, 38.73196800031594], [-77.4825949996277, 38.73196800031594], [-77.48281899993368, 38.73198100009634], [-77.48309000009533, 38.7320130002465], [-77.48333100011976, 38.73204700034652], [-77.48356600029639, 38.7320960001531], [-77.4837289996047, 38.732140000022234], [-77.48375500044229, 38.73214699988747], [-77.48398100039809, 38.732221999801624], [-77.48427400030107, 38.732340000105204], [-77.48451399960226, 38.73245400030834], [-77.48474299993111, 38.732580000026225], [-77.48513700011641, 38.73286999978927], [-77.4854529995856, 38.732663999948215], [-77.48555399986793, 38.7326020001655], [-77.48565500015026, 38.73254100030413], [-77.48660599982917, 38.731957999782466], [-77.48818400022019, 38.730980000271764], [-77.48873200039128, 38.73185400003793], [-77.4888679999354, 38.73193900009648], [-77.4900710004077, 38.73151300020419], [-77.49013900017975, 38.73148899974977], [-77.49025299998257, 38.73145100012327], [-77.49033099980039, 38.73104000006836], [-77.49037099998336, 38.73083099985812], [-77.49047399991552, 38.730284999655964], [-77.49050400005274, 38.73011699972448], [-77.49051999994627, 38.72993499993694], [-77.49056299960397, 38.72971299980701], [-77.49067800013, 38.72897599983976], [-77.49071199956688, 38.72888300024978], [-77.490782999712, 38.72874299992286], [-77.49079100010793, 38.728731000282565], [-77.49087599959842, 38.728607000143505], [-77.49100799984289, 38.728460999783024], [-77.49149900011258, 38.7279199998878], [-77.49199899970478, 38.7273830002904], [-77.49242899987507, 38.7269329999782], [-77.4927539995651, 38.72660900007289], [-77.4931209999862, 38.72624200019205], [-77.49341700026221, 38.72595999999207], [-77.49354899960838, 38.725834999880405], [-77.49382999981577, 38.72553799978087], [-77.49391199983154, 38.725450999666556], [-77.4943379998039, 38.726331000168265], [-77.49454399966822, 38.72675700012541], [-77.49475499955541, 38.72711300030306], [-77.49511600012875, 38.72768499994468], [-77.49519300012163, 38.72780600015807], [-77.49525500004593, 38.727902999908885], [-77.4954080002068, 38.728181000004135], [-77.49547500015395, 38.728292999767035], [-77.49575600036135, 38.728728000196924], [-77.49601999995198, 38.729156999945566], [-77.49609399957184, 38.729292000058884], [-77.49633999961914, 38.72969600025479], [-77.49660699958282, 38.73009300020258], [-77.49709500037777, 38.73086499981998], [-77.49853899997618, 38.733147000210614], [-77.49876900012994, 38.73351099977372], [-77.49904100011649, 38.73398800018571], [-77.49928100031602, 38.73440199994436], [-77.4993370003925, 38.734500999744476], [-77.49939000009596, 38.7346049998396], [-77.49941000018742, 38.734636000269916], [-77.49942699990588, 38.73466300020425], [-77.49946200006599, 38.734730999967674], [-77.4994910003783, 38.734815000163174], [-77.49959099993741, 38.735198999798726], [-77.49982299974101, 38.73609400033758], [-77.49983799980961, 38.73622500026008], [-77.49983100013692, 38.736382999927145], [-77.49980400037275, 38.73651300010073], [-77.4997249998317, 38.73668699990884], [-77.49945700004311, 38.7370949999712], [-77.49943000027893, 38.73713699974227], [-77.49956599982305, 38.737196000063], [-77.49988600038851, 38.7373480002371], [-77.50004399967393, 38.737439000205015], [-77.50029899994207, 38.737612999859344], [-77.50046700017155, 38.737741000091475], [-77.50059199984503, 38.7378499998784], [-77.50060899956347, 38.73786399989043], [-77.50064999957134, 38.737896000207854], [-77.50074099980795, 38.73796799999377], [-77.50077400031822, 38.73799799976639], [-77.50079699988444, 38.73801799984136], [-77.50098299965728, 38.738144000254884], [-77.50122600022983, 38.73828999974425], [-77.50137600001766, 38.73836799989627], [-77.50162399971478, 38.738478999911784], [-77.50261100027701, 38.7388630001687], [-77.5036249997051, 38.73925699997594], [-77.5037789996909, 38.73931699982702], [-77.50519999972308, 38.73987000016836], [-77.50525599979957, 38.739891000292076], [-77.50529099995967, 38.73990499990396], [-77.50544499994547, 38.73996499991132], [-77.50691100018348, 38.740537000346315], [-77.50707900041297, 38.740437999803895], [-77.50711799987273, 38.7404150001112], [-77.51299799982004, 38.736995000350134], [-77.51319600018677, 38.73687999977198], [-77.5143259999658, 38.73622099986482], [-77.51499899981036, 38.73582899998443], [-77.51432799961563, 38.73444599979459], [-77.51355100001402, 38.73285600019988], [-77.5134160002948, 38.73268200016892], [-77.51289800026093, 38.73201700017667], [-77.51262299990131, 38.73166899980819], [-77.51292400020019, 38.73143400028384], [-77.51334500014968, 38.7311069997817], [-77.51005500037165, 38.72666200033526], [-77.50847399960757, 38.724526999914914], [-77.50868799986782, 38.72419099990976], [-77.50822099988758, 38.723695000184996], [-77.50802500006901, 38.72348799971681], [-77.50761099979222, 38.723049999999645], [-77.50777200034902, 38.722860999657335], [-77.50845100004135, 38.72206300009882], [-77.50872399985283, 38.721676000258], [-77.50899500001448, 38.72129099998847], [-77.50746400037745, 38.72006600011355], [-77.50735899989715, 38.71998200009776], [-77.5071220000707, 38.72016500015563], [-77.50693899977259, 38.72030599991501], [-77.50666400031128, 38.72044300022005], [-77.5064750001654, 38.72044800024156], [-77.50632600020248, 38.72045099997398], [-77.50604099979712, 38.72039599972038], [-77.50594500043597, 38.720376000318545], [-77.50565500000774, 38.72028199990105], [-77.5054340000748, 38.72013800034888], [-77.50541099961028, 38.71984300000493], [-77.50555500044864, 38.71970400034265], [-77.50581800021436, 38.7193889999309], [-77.50590100005505, 38.71921100009669], [-77.50594500043597, 38.71902499990651], [-77.50593700004006, 38.71882599986415], [-77.50583999995568, 38.71863700026535], [-77.5056519996347, 38.718443000005315], [-77.5054330002499, 38.71824200009451], [-77.50526500002042, 38.71807399988184], [-77.50505099976017, 38.717912999833096], [-77.50472100004728, 38.7177260002877], [-77.50440200020505, 38.71752899980257], [-77.50417000040146, 38.71741400012941], [-77.50397799988251, 38.71731800034587], [-77.50376000032263, 38.717096999755356], [-77.50374799972876, 38.7170789998135], [-77.5037290003605, 38.71693100004219], [-77.50348599978794, 38.71663199968754], [-77.50323300006794, 38.716379999851945], [-77.50299600024148, 38.716157000157615], [-77.50280200007273, 38.715939000104484], [-77.50264700026203, 38.71573100008983], [-77.50252599988819, 38.715507000259855], [-77.50252199969023, 38.71528900032705], [-77.50244899989531, 38.71504299988088], [-77.50238500032121, 38.71441199981184], [-77.50239799984168, 38.71409399990888], [-77.50241000043557, 38.71385799982013], [-77.5024210003062, 38.71365100029787], [-77.50242799997892, 38.71346899992468], [-77.50241399973521, 38.71327899993415], [-77.50244800007039, 38.71308799989218], [-77.5025180003906, 38.712761000242935], [-77.50265800013267, 38.71244600007299], [-77.50280399972254, 38.71218199988283], [-77.50284899992837, 38.71210000023597], [-77.5030399997241, 38.71169600008976], [-77.50323300006794, 38.71139499972504], [-77.50342499968856, 38.71099099980034], [-77.50343200025958, 38.710952999787125], [-77.50357600019962, 38.71066100022903], [-77.50373299966014, 38.710339000020156], [-77.50381600039914, 38.710004999781816], [-77.50397899970744, 38.709762000258536], [-77.50423399997555, 38.70950699984473], [-77.50450799961196, 38.70928199983753], [-77.50484099969788, 38.70909300023763], [-77.50513799979879, 38.708831000195815], [-77.50544499994547, 38.70853899968143], [-77.50566099985554, 38.708218000044425], [-77.50568799961971, 38.708145999718305], [-77.50582599971196, 38.70785900011239], [-77.50591899959839, 38.7075400001755], [-77.50594200006292, 38.7074040000004], [-77.50596499962914, 38.70726699993868], [-77.50603099975139, 38.7068939996685], [-77.50611000029241, 38.706548999937866], [-77.50619499978292, 38.70624399966328], [-77.50623900016384, 38.70610599983784]], [[-77.44185199974798, 38.750588000003454], [-77.44187600003744, 38.750636999699886], [-77.44139800018652, 38.7506869997843], [-77.44129400042947, 38.750701000081925], [-77.44119099959899, 38.750716999818174], [-77.44112899967472, 38.75072899996829], [-77.44104800038217, 38.75074499969832], [-77.44092700000834, 38.75077399998791], [-77.44081400003044, 38.75080499970465], [-77.44073600021264, 38.75082899997332], [-77.44067799958802, 38.75084800023866], [-77.4405510002647, 38.75089399990146], [-77.44043300026394, 38.75094199967027], [-77.4403539997229, 38.75097800000115], [-77.44028799960066, 38.75100900032993], [-77.44022300020164, 38.75104200007751], [-77.4401710003231, 38.75106999983013], [-77.4401200002695, 38.7510989999877], [-77.44005300032235, 38.7511389997992], [-77.43997100030658, 38.75119099966074], [-77.43993399959832, 38.7512160002139], [-77.4398819997198, 38.751253000119796], [-77.43983099966617, 38.75129000000652], [-77.43978600035865, 38.75132499974914], [-77.4397269999091, 38.751372999928726], [-77.43967500003058, 38.751416999831456], [-77.43961999977898, 38.75146700007018], [-77.43954600015913, 38.75153999989344], [-77.43950400032634, 38.75158399969323], [-77.4394599999454, 38.75163399981499], [-77.43942800015834, 38.75166999979683], [-77.43938299995251, 38.75172499979249], [-77.4393400002948, 38.751781999857954], [-77.43880700019233, 38.75251400000808], [-77.43876000033669, 38.752582000287916], [-77.43870699973492, 38.75266500010903], [-77.43866400007721, 38.7527400001936], [-77.43863700031301, 38.75279099989781], [-77.43861600039662, 38.75283199985339], [-77.43858500043449, 38.75289900014022], [-77.43856899964265, 38.75293500018467], [-77.43853900040374, 38.75300900029695], [-77.43851799958902, 38.75306699972544], [-77.43849900022076, 38.753124999807355], [-77.43848999999992, 38.75315199975691], [-77.43835399955749, 38.75359499965076], [-77.4382699998919, 38.75384400019474], [-77.43795699989745, 38.75486099991355], [-77.43792799958514, 38.75494700027231], [-77.43789800034624, 38.75502600010329], [-77.43787900007966, 38.7550719998759], [-77.43784999976734, 38.755137000143684], [-77.43782200017826, 38.75519400028666], [-77.43779899971372, 38.75523900029363], [-77.43776500027684, 38.75530199969535], [-77.43770800037544, 38.755394999911445], [-77.43765200029894, 38.7554799999728], [-77.43761299994087, 38.75553400018172], [-77.43758199997873, 38.755576000315955], [-77.4375230004275, 38.7556550001513], [-77.43682100027063, 38.755404999965094], [-77.43675599997331, 38.75538200018982], [-77.43599299971707, 38.75511099990354], [-77.43710199957971, 38.75355000000838], [-77.43705999974691, 38.75275600017341], [-77.43718799979344, 38.75260599995915], [-77.43741499957416, 38.75255900030351], [-77.43758899965144, 38.75235299980834], [-77.437684000086, 38.75186400020406], [-77.43755900041252, 38.75181599965404], [-77.43749300029029, 38.75179100001161], [-77.4380580001798, 38.75058700028099], [-77.43861899987137, 38.750471999873305], [-77.43869699968917, 38.750295000144824], [-77.43919600035477, 38.75044500031119], [-77.43901300005666, 38.751182999846165], [-77.43890199972859, 38.751319000074716], [-77.43908900022466, 38.75140299967431], [-77.43918799995886, 38.75144799996959], [-77.43927499999748, 38.75148699987564], [-77.43930599995963, 38.7515030001363], [-77.43937999957946, 38.75142199978687], [-77.4400299998578, 38.750806999844144], [-77.44040700032467, 38.75046199982909], [-77.44112399965184, 38.7498639996832], [-77.4411630000099, 38.7498200002244], [-77.44119800017, 38.74975899965604], [-77.44121599971335, 38.749694000095666], [-77.44121700043658, 38.74962700030361], [-77.44127099996493, 38.7496540001751], [-77.44152799988288, 38.750066999764755], [-77.44185199974798, 38.750588000003454]]], [[[-77.48113900033373, 38.756111000213885], [-77.48172500013965, 38.75311999997123], [-77.4809540003858, 38.75307099987756], [-77.48096000023358, 38.75304300020919], [-77.48099399967046, 38.75296599966358], [-77.48102999965548, 38.75288199980152], [-77.4813200000837, 38.75161899999229], [-77.48138299983289, 38.75133899992158], [-77.48128599974851, 38.751311999986854], [-77.48095500021071, 38.75122199989698], [-77.48084399988262, 38.751409000042244], [-77.480792999829, 38.75144799996959], [-77.48073000007982, 38.751476000263544], [-77.48065999975961, 38.75148899999596], [-77.4803219996508, 38.751529000289516], [-77.48010699956565, 38.75155400002372], [-77.47997699986932, 38.75157000026936], [-77.47980500034018, 38.75159099975443], [-77.4797929997463, 38.7515240003416], [-77.47978000022583, 38.75152500005099], [-77.47972199960118, 38.75123300024879], [-77.47990599972421, 38.751282000203034], [-77.4798770003102, 38.751103000250104], [-77.47986100041668, 38.75100700019609], [-77.47985200019583, 38.75096000018829], [-77.4798410003252, 38.75089000032793], [-77.47916500010759, 38.75071499967621], [-77.47842299976773, 38.75051799977837], [-77.4782510002386, 38.750481999916104], [-77.47812099964395, 38.75046100010481], [-77.47792300017555, 38.75044600003569], [-77.47780299962663, 38.75044399988608], [-77.47752700034042, 38.75046300025389], [-77.47706000036018, 38.75051400018378], [-77.47718300038382, 38.751157999982034], [-77.47729299998869, 38.75173300024692], [-77.47733200034675, 38.75186799972301], [-77.47630499960155, 38.75198299998349], [-77.475779999895, 38.75204199994778], [-77.47571299994785, 38.75206000018837], [-77.47554300006853, 38.75209300015069], [-77.47536800016636, 38.75211299978076], [-77.47551799995418, 38.75285100028618], [-77.4758229995527, 38.752811000032835], [-77.47602900031534, 38.752781000178466], [-77.47605600007952, 38.7527770000101], [-77.47606399957714, 38.752826999996735], [-77.4760900004147, 38.752978000136196], [-77.47616300020965, 38.75296999982131], [-77.47643699984603, 38.75294200011337], [-77.47689499960543, 38.752894000288244], [-77.47707999955335, 38.75287499986692], [-77.47710899986569, 38.753032999824626], [-77.4772799995699, 38.75301299975175], [-77.47746100021818, 38.752991999984445], [-77.47741600001233, 38.75275600017341], [-77.47750300005097, 38.75274399966347], [-77.47758900026471, 38.75273300024507], [-77.47778199971023, 38.75270899991602], [-77.47810499975041, 38.75266900028368], [-77.47812499984191, 38.75277900009428], [-77.47820500020785, 38.75320999976977], [-77.4782150002536, 38.75326599966496], [-77.47812700039005, 38.75327600001694], [-77.47802899958243, 38.75328599966695], [-77.47761400037905, 38.753333999928984], [-77.47767799995314, 38.75368700031021], [-77.477715999588, 38.7539260002738], [-77.47776800036485, 38.754066999950275], [-77.47782400044134, 38.75417699970819], [-77.47785799987821, 38.75421600022486], [-77.47809999972755, 38.75424299976179], [-77.47875599985368, 38.75431400020771], [-77.47871900004374, 38.75448899974227], [-77.47862899963206, 38.75490600013052], [-77.47900899957365, 38.755055000054746], [-77.47938699986543, 38.755203000010106], [-77.47968399996635, 38.75536800010973], [-77.47997000019662, 38.755526999806705], [-77.48025600042689, 38.755685000198845], [-77.48054199975883, 38.75584399989013], [-77.4808279999891, 38.7560029999277], [-77.48100799991415, 38.75610300025015], [-77.48113900033373, 38.756111000213885]]]]}, "properties": {"GEOID": "51153", "NAME": "Prince William County", "BASENAME": "Prince William", "STATE": "51", "COUNTY": "153", "AREALAND": "868329511", "AREAWATER": "30896235", "INTPTLAT": "+38.7011187", "INTPTLON": "-077.4795791"}}], "_auspice": {"source_url": "https://tigerweb.geo.census.gov/arcgis/rest/services/TIGERweb/State_County/MapServer/1/query?where=GEOID%3D%2751153%27&outFields=GEOID%2CNAME%2CBASENAME%2CSTATE%2CCOUNTY%2CAREALAND%2CAREAWATER%2CINTPTLAT%2CINTPTLON&returnGeometry=true&outSR=4326&f=geojson", "fetched_at": "2026-08-26T23:13:18.072173+00:00", "service": "Census TIGERweb State_County layer 1"}}